STATE/UT,DISTRICT,YEAR,MURDER,ATTEMPT TO MURDER,CULPABLE HOMICIDE NOT AMOUNTING TO MURDER,RAPE,CUSTODIAL RAPE,OTHER RAPE,KIDNAPPING & ABDUCTION
ANDHRA PRADESH,ADILABAD,2001,101,60,17,50,0,50,46
ANDHRA PRADESH,ANANTAPUR,2001,151,125,1,23,0,23,53
ANDHRA PRADESH,CHITTOOR,2001,101,57,2,27,0,27,59
ANDHRA PRADESH,CUDDAPAH,2001,80,53,1,20,0,20,25
ANDHRA PRADESH,EAST GODAVARI,2001,82,67,1,23,0,23,49
ANDHRA PRADESH,GUNTAKAL RLY.,2001,3,1,0,0,0,0,0
ANDHRA PRADESH,GUNTUR,2001,182,88,2,54,0,54,82
ANDHRA PRADESH,HYDERABAD CITY,2001,111,113,7,37,0,37,80
ANDHRA PRADESH,KARIMNAGAR,2001,162,85,6,56,0,56,67
ANDHRA PRADESH,KHAMMAM,2001,93,60,1,47,0,47,41
ANDHRA PRADESH,KRISHNA,2001,65,51,0,37,0,37,36
ANDHRA PRADESH,KURNOOL,2001,133,72,4,29,0,29,47
ANDHRA PRADESH,MAHABOOBNAGAR,2001,157,67,26,59,0,59,42
ANDHRA PRADESH,MEDAK,2001,101,56,12,35,0,35,26
ANDHRA PRADESH,NALGONDA,2001,122,60,1,35,0,35,27
ANDHRA PRADESH,NELLORE,2001,89,69,5,46,0,46,90
ANDHRA PRADESH,NIZAMABAD,2001,106,49,14,21,0,21,38
ANDHRA PRADESH,PRAKASHAM,2001,102,82,3,19,0,19,31
ANDHRA PRADESH,RANGA REDDY,2001,214,95,16,72,0,72,106
ANDHRA PRADESH,SECUNDERABAD RLY.,2001,6,0,0,0,0,0,0
ANDHRA PRADESH,SRIKAKULAM,2001,38,10,4,8,0,8,12
ANDHRA PRADESH,VIJAYAWADA,2001,53,44,5,25,0,25,70
ANDHRA PRADESH,VIJAYAWADA RLY.,2001,2,1,0,1,0,1,0
ANDHRA PRADESH,VISAKHA RURAL,2001,58,29,0,12,0,12,12
ANDHRA PRADESH,VISAKHAPATNAM,2001,22,10,1,13,0,13,13
ANDHRA PRADESH,VIZIANAGARAM,2001,33,14,1,8,0,8,8
ANDHRA PRADESH,WARANGAL,2001,158,79,5,53,0,53,81
ANDHRA PRADESH,WEST GODAVARI,2001,77,58,1,61,0,61,41
ANDHRA PRADESH,TOTAL,2001,2602,1555,136,871,0,871,1182
ARUNACHAL PRADESH,CHANGLANG,2001,11,2,0,1,0,1,3
ARUNACHAL PRADESH,DIBANG VALLEY,2001,3,5,0,2,0,2,4
ARUNACHAL PRADESH,KAMENG EAST,2001,3,1,0,2,0,2,7
ARUNACHAL PRADESH,KAMENG WEST,2001,4,2,0,0,0,0,2
ARUNACHAL PRADESH,LOHIT,2001,16,6,1,2,0,2,6
ARUNACHAL PRADESH,PAPUM PARE,2001,11,8,0,9,0,9,15
ARUNACHAL PRADESH,SIANG EAST,2001,7,0,0,5,0,5,11
ARUNACHAL PRADESH,SIANG UPPER,2001,1,1,0,2,0,2,5
ARUNACHAL PRADESH,SIANG WEST,2001,5,14,0,4,0,4,17
ARUNACHAL PRADESH,SUBANSIRI LOWER,2001,8,10,1,2,0,2,6
ARUNACHAL PRADESH,SUBANSIRI UPPER,2001,4,0,0,2,0,2,1
ARUNACHAL PRADESH,TAWANG,2001,2,0,0,1,0,1,0
ARUNACHAL PRADESH,TIRAP,2001,8,4,1,1,0,1,6
ARUNACHAL PRADESH,TOTAL,2001,83,53,3,33,0,33,83
ASSAM,BARPETA,2001,64,5,0,28,0,28,105
ASSAM,BONGAIGAON,2001,45,22,0,20,0,20,36
ASSAM,C.I.D.,2001,0,0,0,0,0,0,0
ASSAM,CACHAR,2001,52,30,1,45,0,45,104
ASSAM,DARRANG,2001,61,13,0,48,0,48,64
ASSAM,DHEMAJI,2001,15,16,0,42,0,42,31
ASSAM,DHUBRI,2001,65,23,0,43,0,43,69
ASSAM,DIBRUGARH,2001,110,22,6,35,0,35,57
ASSAM,G.R.P.,2001,13,1,0,1,0,1,3
ASSAM,GOALPARA,2001,28,12,0,35,0,35,43
ASSAM,GOLAGHAT,2001,53,2,0,30,0,30,44
ASSAM,GUWAHATI CITY,2001,71,44,12,37,0,37,129
ASSAM,HAILAKANDI,2001,18,4,0,24,0,24,36
ASSAM,JORHAT,2001,40,22,2,42,0,42,37
ASSAM,KAMRUP,2001,37,30,8,21,0,21,95
ASSAM,KARBI ANGLONG,2001,65,26,3,5,0,5,38
ASSAM,KARIMGANJ,2001,32,20,0,33,0,33,42
ASSAM,KOKRAJHAR,2001,87,27,1,14,0,14,41
ASSAM,LAKHIMPUR,2001,26,21,1,64,0,64,72
ASSAM,MORIGAON,2001,20,9,0,23,0,23,39
ASSAM,N.C.HILLS,2001,17,8,1,2,0,2,8
ASSAM,NAGAON,2001,95,22,3,51,0,51,119
ASSAM,NALBARI,2001,79,36,0,30,0,30,53
ASSAM,R.P.O.,2001,11,0,0,3,0,3,2
ASSAM,SIBSAGAR,2001,59,24,0,47,0,47,64
ASSAM,SONITPUR,2001,86,25,1,53,0,53,87
ASSAM,TINSUKIA,2001,107,17,1,41,0,41,62
ASSAM,TOTAL,2001,1356,481,40,817,0,817,1480
BIHAR,ARARIA,2001,47,27,4,93,0,93,79
BIHAR,ARWAL,2001,37,64,1,0,0,0,13
BIHAR,AURANGABAD,2001,74,46,0,16,0,16,24
BIHAR,BAGAHA,2001,34,67,12,25,0,25,56
BIHAR,BANKA,2001,93,16,4,34,0,34,27
BIHAR,BEGUSARAI,2001,124,77,5,13,0,13,53
BIHAR,BETTIAH,2001,66,9,20,20,0,20,84
BIHAR,BHABHUA,2001,41,25,3,10,0,10,43
BIHAR,BHAGALPUR,2001,128,73,6,35,0,35,66
BIHAR,BHOJPUR,2001,135,33,0,22,0,22,46
BIHAR,BUXAR,2001,56,38,0,8,0,8,34
BIHAR,DARBHANGA,2001,53,64,4,19,0,19,39
BIHAR,GAYA,2001,200,170,7,25,0,25,66
BIHAR,GOPALGANJ,2001,107,92,4,13,0,13,59
BIHAR,JAMALPUR RLY.,2001,7,0,0,1,0,1,4
BIHAR,JAMUI,2001,67,74,3,10,0,10,14
BIHAR,JEHANABAD,2001,73,80,2,6,0,6,35
BIHAR,KATIHAR,2001,60,47,2,51,0,51,49
BIHAR,KATIHAR RLY.,2001,7,0,0,0,0,0,3
BIHAR,KHAGARIA,2001,72,27,2,5,0,5,34
BIHAR,KISHANGANJ,2001,25,15,1,22,0,22,23
BIHAR,LAKHISARAI,2001,61,44,5,10,0,10,30
BIHAR,MADHEPURA,2001,56,23,7,11,0,11,49
BIHAR,MADHUBANI,2001,35,65,5,13,0,13,36
BIHAR,MOTIHARI,2001,114,98,11,44,0,44,100
BIHAR,MUNGER,2001,51,108,0,11,0,11,45
BIHAR,MUZAFFARPUR,2001,153,162,21,73,0,73,113
BIHAR,MUZAFFARPUR RLY.,2001,13,3,0,2,0,2,5
BIHAR,NALANDA,2001,208,249,18,40,0,40,126
BIHAR,NAUGACHIA,2001,36,65,0,7,0,7,29
BIHAR,NAWADAH,2001,77,54,5,15,0,15,42
BIHAR,PATNA,2001,434,581,30,27,0,27,197
BIHAR,PATNA RLY.,2001,24,21,0,1,0,1,3
BIHAR,PURNEA,2001,104,89,10,39,0,39,64
BIHAR,ROHTAS,2001,127,112,4,25,0,25,72
BIHAR,SAHARSA,2001,36,151,3,12,0,12,27
BIHAR,SAMASTIPUR,2001,107,115,20,19,0,19,75
BIHAR,SARAN,2001,137,70,0,20,0,20,65
BIHAR,SHEIKHPURA,2001,28,1,1,3,0,3,16
BIHAR,SHEOHAR,2001,18,0,1,11,0,11,13
BIHAR,SITAMARHI,2001,51,5,3,23,0,23,34
BIHAR,SIWAN,2001,116,150,9,4,0,4,51
BIHAR,SUPAUL,2001,41,61,4,30,0,30,26
BIHAR,VAISHALI,2001,110,148,13,20,0,20,90
BIHAR,TOTAL,2001,3643,3419,250,888,0,888,2159
CHHATTISGARH,BALRAMPUR,2001,13,2,0,17,0,17,1
CHHATTISGARH,BILASPUR,2001,99,42,11,69,0,69,20
CHHATTISGARH,BIZAPUR,2001,9,13,0,4,0,4,0
CHHATTISGARH,DANTEWARA,2001,83,37,0,19,0,19,11
CHHATTISGARH,DHAMTARI,2001,14,6,0,22,0,22,4
CHHATTISGARH,DURG,2001,76,66,0,144,0,144,57
CHHATTISGARH,GRP RAIPUR,2001,2,1,0,0,0,0,0
CHHATTISGARH,JAGDALPUR,2001,80,35,4,59,0,59,6
CHHATTISGARH,JANJGIR,2001,48,29,0,29,0,29,9
CHHATTISGARH,JASHPUR,2001,37,16,6,36,0,36,2
CHHATTISGARH,KANKER,2001,31,17,1,42,0,42,4
CHHATTISGARH,KAWARDHA,2001,19,12,2,35,0,35,1
CHHATTISGARH,KORBA,2001,33,13,1,46,0,46,13
CHHATTISGARH,KORIYA,2001,35,25,4,34,0,34,7
CHHATTISGARH,MAHASAMUND,2001,18,20,5,43,0,43,7
CHHATTISGARH,RAIGARH,2001,50,24,0,53,0,53,6
CHHATTISGARH,RAIPUR,2001,92,102,10,104,0,104,38
CHHATTISGARH,RAJNANDGAON,2001,36,27,0,58,0,58,4
CHHATTISGARH,SARGUJA,2001,105,42,1,145,0,145,17
CHHATTISGARH,TOTAL,2001,880,529,45,959,0,959,207
GOA,NORTH GOA,2001,22,16,4,4,0,4,4
GOA,SOUTH GOA,2001,14,14,1,8,0,8,5
GOA,TOTAL,2001,36,30,5,12,0,12,9
GUJARAT,AHMEDABAD COMMR.,2001,90,58,60,39,0,39,143
GUJARAT,AHMEDABAD RURAL,2001,26,17,1,5,0,5,27
GUJARAT,AHWA-DANG,2001,6,0,0,1,0,1,2
GUJARAT,AMRELI,2001,41,11,0,2,0,2,39
GUJARAT,ANAND,2001,28,16,0,3,0,3,30
GUJARAT,BHARUCH,2001,37,14,0,4,0,4,39
GUJARAT,BHAVNAGAR,2001,64,28,0,9,0,9,60
GUJARAT,DAHOD,2001,36,8,0,5,0,5,15
GUJARAT,GANDHINAGAR,2001,25,11,0,4,0,4,15
GUJARAT,HIMATNAGAR,2001,55,9,3,17,0,17,31
GUJARAT,JAMNAGAR,2001,48,27,2,20,0,20,27
GUJARAT,JUNAGADH,2001,56,37,0,14,0,14,46
GUJARAT,KHEDA NORTH,2001,42,5,0,11,0,11,30
GUJARAT,KUTCH,2001,34,29,18,2,0,2,24
GUJARAT,MEHSANA,2001,28,17,0,4,0,4,58
GUJARAT,NARMADA,2001,16,3,0,8,0,8,9
GUJARAT,NAVSARI,2001,26,6,0,2,0,2,6
GUJARAT,PALANPUR,2001,52,45,0,18,0,18,41
GUJARAT,PANCHMAHAL,2001,56,13,0,5,0,5,46
GUJARAT,PATAN,2001,24,18,0,3,0,3,21
GUJARAT,PORBANDAR,2001,15,9,0,6,0,6,5
GUJARAT,RAJKOT COMMR.,2001,29,33,1,5,0,5,46
GUJARAT,RAJKOT RURAL,2001,30,36,3,20,0,20,40
GUJARAT,SURAT COMMR.,2001,98,19,2,11,0,11,57
GUJARAT,SURAT RURAL,2001,62,8,0,26,0,26,23
GUJARAT,SURENDRANAGAR,2001,38,17,0,11,0,11,29
GUJARAT,VADODARA COMMR.,2001,34,14,0,3,0,3,35
GUJARAT,VADODARA RURAL,2001,71,13,1,18,0,18,38
GUJARAT,VALSAD,2001,44,8,3,9,0,9,16
GUJARAT,W.RLY,2001,15,8,0,1,0,1,0
GUJARAT,TOTAL,2001,1226,537,94,286,0,286,998
HARYANA,AMBALA,2001,26,23,2,11,0,11,38
HARYANA,BHIWANI,2001,40,20,8,10,0,10,9
HARYANA,FARIDABAD,2001,68,38,7,37,0,37,78
HARYANA,FATEHABAD,2001,18,23,2,17,0,17,20
HARYANA,GRP,2001,24,3,0,0,0,0,2
HARYANA,GURGAON,2001,69,30,5,32,0,32,50
HARYANA,HISSAR,2001,45,53,7,10,0,10,26
HARYANA,JHAJJAR,2001,48,28,2,21,0,21,14
HARYANA,JIND,2001,37,21,6,21,0,21,12
HARYANA,KAITHAL,2001,33,15,8,16,0,16,9
HARYANA,KARNAL,2001,42,24,7,44,0,44,31
HARYANA,KURUKSHETRA,2001,20,8,4,31,0,31,14
HARYANA,MAHENDRAGARH,2001,26,10,0,11,0,11,13
HARYANA,PANCHKULA,2001,12,7,1,6,0,6,18
HARYANA,PANIPAT,2001,43,26,3,38,0,38,19
HARYANA,REWARI,2001,21,13,4,11,0,11,13
HARYANA,ROHTAK,2001,57,29,1,28,0,28,13
HARYANA,SIRSA,2001,37,33,5,17,0,17,18
HARYANA,SONIPAT,2001,73,49,4,15,0,15,26
HARYANA,YAMUNANAGAR,2001,42,14,2,22,0,22,26
HARYANA,TOTAL,2001,781,467,78,398,0,398,449
HIMACHAL PRADESH,BILASPUR,2001,8,10,0,5,0,5,10
HIMACHAL PRADESH,CHAMBA,2001,13,3,0,12,0,12,17
HIMACHAL PRADESH,G.R.P.,2001,1,0,0,0,0,0,0
HIMACHAL PRADESH,HAMIRPUR,2001,2,5,1,3,0,3,3
HIMACHAL PRADESH,KANGRA,2001,24,16,3,18,0,18,30
HIMACHAL PRADESH,KINNAUR,2001,5,0,0,6,0,6,3
HIMACHAL PRADESH,KULLU,2001,13,1,0,13,0,13,7
HIMACHAL PRADESH,LAHAUL-SPITI,2001,1,0,0,2,0,2,1
HIMACHAL PRADESH,MANDI,2001,18,8,0,16,0,16,11
HIMACHAL PRADESH,SHIMLA,2001,14,13,2,18,0,18,13
HIMACHAL PRADESH,SIRMAUR,2001,3,5,0,10,0,10,13
HIMACHAL PRADESH,SOLAN,2001,11,8,4,12,0,12,13
HIMACHAL PRADESH,UNA,2001,6,6,1,9,0,9,5
HIMACHAL PRADESH,TOTAL,2001,119,75,11,124,0,124,126
JAMMU & KASHMIR,ANANTNAG,2001,74,41,0,6,0,6,59
JAMMU & KASHMIR,AWANTIPORA,2001,25,3,0,1,0,1,14
JAMMU & KASHMIR,BARAMULLA,2001,144,155,2,28,0,28,75
JAMMU & KASHMIR,BORDER,2001,6,42,0,12,0,12,10
JAMMU & KASHMIR,BUDGAM,2001,78,103,6,7,0,7,40
JAMMU & KASHMIR,CRIME JAMMU,2001,0,0,0,0,0,0,0
JAMMU & KASHMIR,CRIME SRINAGAR,2001,0,0,0,0,0,0,0
JAMMU & KASHMIR,DODA,2001,104,147,0,7,0,7,15
JAMMU & KASHMIR,GANDERBAL,2001,24,8,2,5,0,5,33
JAMMU & KASHMIR,JAMMU,2001,27,82,6,13,0,13,43
JAMMU & KASHMIR,KARGIL,2001,0,0,0,0,0,0,2
JAMMU & KASHMIR,KATHUA,2001,16,28,1,13,0,13,11
JAMMU & KASHMIR,KULGAM,2001,39,16,2,6,0,6,35
JAMMU & KASHMIR,KUPWARA,2001,141,269,0,6,0,6,47
JAMMU & KASHMIR,LEH,2001,3,1,0,0,0,0,1
JAMMU & KASHMIR,POONCH,2001,100,189,0,13,0,13,16
JAMMU & KASHMIR,PULWAMA,2001,46,90,0,7,0,7,37
JAMMU & KASHMIR,RAILWAYS,2001,1,1,0,0,0,0,0
JAMMU & KASHMIR,RAJOURI,2001,76,97,1,17,0,17,20
JAMMU & KASHMIR,RAMBAN,2001,51,50,1,3,0,3,7
JAMMU & KASHMIR,REASI,2001,36,75,3,7,0,7,11
JAMMU & KASHMIR,SRINAGAR,2001,63,49,8,8,0,8,115
JAMMU & KASHMIR,UDHAMPUR,2001,21,28,1,10,0,10,15
JAMMU & KASHMIR,TOTAL,2001,1075,1474,33,169,0,169,606
JHARKHAND,BOKARO,2001,70,75,2,26,0,26,38
JHARKHAND,CHAIBASA,2001,109,34,10,32,0,32,17
JHARKHAND,CHATRA,2001,40,10,0,6,0,6,10
JHARKHAND,DEOGHAR,2001,47,82,4,22,0,22,7
JHARKHAND,DHANBAD,2001,97,31,7,32,0,32,57
JHARKHAND,DHANBAD RLY.,2001,11,0,0,2,0,2,4
JHARKHAND,DUMKA,2001,63,32,4,27,0,27,24
JHARKHAND,GARHWA,2001,32,6,6,11,0,11,5
JHARKHAND,GIRIDIH,2001,63,65,6,42,0,42,15
JHARKHAND,GODDA,2001,61,0,0,37,0,37,30
JHARKHAND,GUMLA,2001,136,18,7,29,0,29,16
JHARKHAND,HAZARIBAGH,2001,76,35,4,41,0,41,42
JHARKHAND,JAMSHEDPUR,2001,81,190,8,50,0,50,60
JHARKHAND,JAMSHEDPUR RLY.,2001,4,0,0,1,0,1,0
JHARKHAND,JAMTARA,2001,22,30,0,18,0,18,14
JHARKHAND,KODERMA,2001,21,18,1,2,0,2,14
JHARKHAND,LATEHAR,2001,54,8,5,12,0,12,4
JHARKHAND,LOHARDAGGA,2001,33,4,0,12,0,12,14
JHARKHAND,PAKUR,2001,31,19,0,23,0,23,7
JHARKHAND,PALAMU,2001,73,52,3,15,0,15,14
JHARKHAND,RANCHI,2001,243,65,18,73,0,73,1
JHARKHAND,SAHEBGANJ,2001,47,34,3,20,0,20,17
JHARKHAND,SARAIKELA,2001,44,56,53,17,0,17,19
JHARKHAND,SIMDEGA,2001,49,2,2,17,0,17,12
JHARKHAND,TOTAL,2001,1507,866,143,567,0,567,441
KARNATAKA,BAGALKOT,2001,59,34,10,2,0,2,17
KARNATAKA,BANGALORE COMMR.,2001,221,327,5,40,0,40,152
KARNATAKA,BANGALORE RURAL,2001,137,86,2,13,0,13,37
KARNATAKA,BELGAUM,2001,120,55,2,8,0,8,27
KARNATAKA,BELLARY,2001,58,41,1,16,0,16,14
KARNATAKA,BIDAR,2001,48,58,4,7,0,7,19
KARNATAKA,BIJAPUR,2001,51,47,4,6,0,6,24
KARNATAKA,CHAMARAJNAGAR,2001,19,18,0,4,0,4,5
KARNATAKA,CHICKMAGALUR,2001,41,24,3,8,0,8,12
KARNATAKA,CHITRADURGA,2001,31,22,0,18,0,18,4
KARNATAKA,DAKSHIN KANNADA,2001,33,36,0,3,0,3,9
KARNATAKA,DAVANAGERE,2001,58,39,6,22,0,22,23
KARNATAKA,DHARWAD COMMR.,2001,16,24,0,4,0,4,8
KARNATAKA,DHARWAD RURAL,2001,25,10,2,3,0,3,3
KARNATAKA,GADAG,2001,22,17,1,2,0,2,4
KARNATAKA,GULBARGA,2001,95,83,3,20,0,20,35
KARNATAKA,HASSAN,2001,64,69,0,20,0,20,17
KARNATAKA,HAVERI,2001,24,17,4,3,0,3,12
KARNATAKA,K.G.F.,2001,20,22,3,1,0,1,12
KARNATAKA,KODAGU,2001,26,33,2,4,0,4,4
KARNATAKA,KOLAR,2001,69,72,4,17,0,17,21
KARNATAKA,KOPPAL,2001,23,33,0,6,0,6,12
KARNATAKA,MANDYA,2001,67,47,3,15,0,15,9
KARNATAKA,MYSORE COMMR.,2001,32,34,0,2,0,2,11
KARNATAKA,MYSORE RURAL,2001,53,58,1,12,0,12,14
KARNATAKA,RAICHUR,2001,33,38,9,12,0,12,11
KARNATAKA,RAILWAYS,2001,12,0,0,1,0,1,1
KARNATAKA,SHIMOGA,2001,56,48,1,12,0,12,14
KARNATAKA,TUMKUR,2001,80,55,4,6,0,6,21
KARNATAKA,UDUPI,2001,16,14,0,2,0,2,2
KARNATAKA,UTTAR KANNADA,2001,17,14,0,4,0,4,5
KARNATAKA,TOTAL,2001,1626,1475,74,293,0,293,559
KERALA,ALAPUZHA,2001,22,32,2,21,0,21,8
KERALA,CBCID,2001,22,7,0,2,0,2,2
KERALA,ERNAKULAM,2001,44,67,7,38,0,38,20
KERALA,IDUKKI,2001,33,30,1,34,0,34,0
KERALA,KANNUR,2001,26,58,4,42,0,42,12
KERALA,KASARGOD,2001,18,23,2,28,0,28,4
KERALA,KOLLAM,2001,41,65,21,55,0,55,16
KERALA,KOTTAYAM,2001,34,26,3,22,0,22,18
KERALA,KOZHIKODE,2001,34,35,8,39,0,39,12
KERALA,MALAPPURAM,2001,23,33,5,71,0,71,17
KERALA,PALAKKAD,2001,45,57,14,63,0,63,14
KERALA,PATHANAMTHITTA,2001,20,13,16,12,0,12,0
KERALA,RAILWAYS,2001,0,0,0,1,0,1,0
KERALA,THRISSUR,2001,42,79,20,42,0,42,18
KERALA,TRIVANDRUM,2001,53,79,6,57,0,57,41
KERALA,WAYANADU,2001,15,11,2,35,0,35,1
KERALA,TOTAL,2001,472,615,111,562,0,562,183
MADHYA PRADESH,BALAGHAT,2001,56,43,8,87,0,87,11
MADHYA PRADESH,BARWANI,2001,41,30,3,34,0,34,2
MADHYA PRADESH,BETUL,2001,56,48,1,95,0,95,19
MADHYA PRADESH,BHIND,2001,63,97,2,31,0,31,47
MADHYA PRADESH,BHOPAL,2001,61,109,0,106,0,106,55
MADHYA PRADESH,BHOPAL RLY.,2001,5,3,0,1,0,1,2
MADHYA PRADESH,CHHATARPUR,2001,54,72,1,65,0,65,28
MADHYA PRADESH,CHHINDWARA,2001,78,51,2,93,0,93,18
MADHYA PRADESH,DAMOH,2001,43,78,0,66,0,66,18
MADHYA PRADESH,DATIYA,2001,53,55,0,12,0,12,25
MADHYA PRADESH,DEWAS,2001,50,112,0,78,0,78,20
MADHYA PRADESH,DHAR,2001,89,99,0,68,0,68,22
MADHYA PRADESH,DINDORI,2001,13,4,0,20,0,20,2
MADHYA PRADESH,GUNA,2001,71,72,4,124,0,124,17
MADHYA PRADESH,GWALIOR,2001,84,168,5,59,0,59,46
MADHYA PRADESH,HARDA,2001,14,12,0,28,0,28,2
MADHYA PRADESH,HOSHANGABAD,2001,53,57,27,65,0,65,16
MADHYA PRADESH,INDORE,2001,111,133,1,84,0,84,50
MADHYA PRADESH,INDORE RLY.,2001,6,4,2,2,0,2,0
MADHYA PRADESH,JABALPUR,2001,103,167,28,108,0,108,33
MADHYA PRADESH,JABALPUR RLY.,2001,3,0,0,0,0,0,0
MADHYA PRADESH,JHABUA,2001,124,119,3,44,0,44,83
MADHYA PRADESH,KATNI,2001,51,37,1,25,0,25,9
MADHYA PRADESH,KHANDWA,2001,41,46,0,63,0,63,14
MADHYA PRADESH,KHARGON,2001,47,41,5,47,0,47,15
MADHYA PRADESH,MANDLA,2001,35,13,0,64,0,64,9
MADHYA PRADESH,MANDSAUR,2001,28,33,1,41,0,41,15
MADHYA PRADESH,MORENA,2001,63,99,2,35,0,35,35
MADHYA PRADESH,NARSINGHPUR,2001,38,49,0,70,0,70,7
MADHYA PRADESH,NEEMUCH,2001,17,18,0,37,0,37,16
MADHYA PRADESH,PANNA,2001,24,26,0,44,0,44,11
MADHYA PRADESH,RAISEN,2001,39,79,9,79,0,79,11
MADHYA PRADESH,RAJGARH,2001,42,68,1,95,0,95,12
MADHYA PRADESH,RATLAM,2001,58,60,0,70,0,70,21
MADHYA PRADESH,REWA,2001,53,54,0,31,0,31,26
MADHYA PRADESH,SAGAR,2001,84,122,0,141,0,141,30
MADHYA PRADESH,SATNA,2001,49,48,0,58,0,58,16
MADHYA PRADESH,SEONI,2001,40,25,3,52,0,52,3
MADHYA PRADESH,SHAHDOL,2001,57,28,4,63,0,63,13
MADHYA PRADESH,SHAJAPUR,2001,42,46,1,90,0,90,13
MADHYA PRADESH,SHEOPUR,2001,24,30,2,21,0,21,18
MADHYA PRADESH,SHIVPURI,2001,88,63,2,72,0,72,20
MADHYA PRADESH,SIDHI,2001,36,21,2,42,0,42,33
MADHYA PRADESH,SIHORE,2001,35,54,1,59,0,59,29
MADHYA PRADESH,TIKAMGARH,2001,53,46,3,86,0,86,7
MADHYA PRADESH,UJJAIN,2001,84,163,1,59,0,59,44
MADHYA PRADESH,UMARIYA,2001,19,12,0,25,0,25,3
MADHYA PRADESH,VIDISHA,2001,47,56,0,112,0,112,10
MADHYA PRADESH,TOTAL,2001,2425,2870,125,2851,0,2851,956
MAHARASHTRA,AHMEDNAGAR,2001,97,41,1,44,0,44,37
MAHARASHTRA,AKOLA,2001,64,41,0,15,0,15,15
MAHARASHTRA,AMRAVATI COMMR.,2001,44,29,3,23,0,23,27
MAHARASHTRA,AMRAVATI RURAL,2001,72,23,0,42,0,42,29
MAHARASHTRA,AURANGABAD COMMR.,2001,36,27,0,14,0,14,19
MAHARASHTRA,AURANGABAD RURAL,2001,61,12,0,28,0,28,16
MAHARASHTRA,BEED,2001,68,43,1,22,0,22,25
MAHARASHTRA,BHANDARA,2001,32,22,3,39,0,39,4
MAHARASHTRA,BULDHANA,2001,49,32,1,22,0,22,22
MAHARASHTRA,CHANDRAPUR,2001,49,26,4,43,0,43,10
MAHARASHTRA,DHULE,2001,48,25,1,16,0,16,6
MAHARASHTRA,GADCHIROLI,2001,47,24,3,27,0,27,7
MAHARASHTRA,GONDIA,2001,41,17,3,23,0,23,17
MAHARASHTRA,HINGOLI,2001,36,27,0,20,0,20,9
MAHARASHTRA,JALGAON,2001,83,44,0,19,0,19,16
MAHARASHTRA,JALNA,2001,43,24,0,16,0,16,12
MAHARASHTRA,KOLHAPUR,2001,54,33,3,26,0,26,21
MAHARASHTRA,LATUR,2001,42,17,0,7,0,7,22
MAHARASHTRA,MUMBAI,2001,295,200,6,127,0,127,148
MAHARASHTRA,MUMBAI RLY.,2001,12,9,1,2,0,2,1
MAHARASHTRA,NAGPUR COMMR.,2001,112,70,2,39,0,39,64
MAHARASHTRA,NAGPUR RLY.,2001,12,1,0,2,0,2,0
MAHARASHTRA,NAGPUR RURAL,2001,101,56,6,81,0,81,23
MAHARASHTRA,NANDED,2001,80,66,4,23,0,23,41
MAHARASHTRA,NANDURBAR,2001,44,20,0,16,0,16,6
MAHARASHTRA,NASIK COMMR.,2001,25,14,2,9,0,9,14
MAHARASHTRA,NASIK RURAL,2001,92,54,1,39,0,39,17
MAHARASHTRA,NAVI MUMBAI,2001,34,18,0,17,0,17,19
MAHARASHTRA,OSMANABAD,2001,48,13,1,16,0,16,8
MAHARASHTRA,PARBHANI,2001,49,28,0,25,0,25,22
MAHARASHTRA,PUNE COMMR.,2001,71,44,3,56,0,56,46
MAHARASHTRA,PUNE RLY.,2001,4,1,2,0,0,0,0
MAHARASHTRA,PUNE RURAL,2001,119,41,6,42,0,42,24
MAHARASHTRA,RAIGAD,2001,53,11,0,20,0,20,8
MAHARASHTRA,RATNAGIRI,2001,17,5,1,10,0,10,8
MAHARASHTRA,SANGLI,2001,85,24,1,32,0,32,18
MAHARASHTRA,SATARA,2001,57,19,0,32,0,32,12
MAHARASHTRA,SINDHUDURG,2001,14,4,1,7,0,7,2
MAHARASHTRA,SOLAPUR COMMR.,2001,30,14,1,16,0,16,15
MAHARASHTRA,SOLAPUR RURAL,2001,101,30,3,35,0,35,23
MAHARASHTRA,THANE COMMR.,2001,133,81,3,39,0,39,62
MAHARASHTRA,THANE RURAL,2001,140,33,17,65,0,65,28
MAHARASHTRA,WARDHA,2001,60,25,4,35,0,35,12
MAHARASHTRA,WASHIM,2001,29,21,3,15,0,15,13
MAHARASHTRA,YAVATMAL,2001,56,45,10,56,0,56,37
MAHARASHTRA,TOTAL,2001,2839,1454,101,1302,0,1302,985
MANIPUR,BISHNUPUR,2001,29,25,1,1,0,1,3
MANIPUR,CHANDEL,2001,7,7,0,0,0,0,1
MANIPUR,CHURACHANDPUR,2001,35,21,0,1,0,1,0
MANIPUR,IMPHAL(EAST),2001,29,29,2,7,0,7,13
MANIPUR,IMPHAL(WEST),2001,44,42,2,7,0,7,48
MANIPUR,SENAPATI,2001,27,10,0,0,0,0,6
MANIPUR,TAMENGLONG,2001,2,1,0,0,0,0,0
MANIPUR,THOUBAL,2001,32,32,0,4,0,4,22
MANIPUR,UKHRUL,2001,4,1,0,0,0,0,1
MANIPUR,TOTAL,2001,209,168,5,20,0,20,94
MEGHALAYA,GARO HILLS EAST,2001,16,9,0,2,0,2,5
MEGHALAYA,GARO HILLS SOUTH,2001,6,3,0,1,0,1,2
MEGHALAYA,GARO HILLS WEST,2001,19,3,0,5,0,5,14
MEGHALAYA,JAINTIA HILLS,2001,35,3,0,7,0,7,6
MEGHALAYA,KHASI HILLS EAST,2001,50,25,1,5,0,5,20
MEGHALAYA,KHASI HILLS WEST,2001,16,2,0,4,0,4,0
MEGHALAYA,RI-BHOI,2001,22,2,1,2,0,2,8
MEGHALAYA,TOTAL,2001,164,47,2,26,0,26,55
MIZORAM,AIZAWL,2001,12,6,4,26,0,26,0
MIZORAM,CHAMPHAI,2001,2,1,0,7,0,7,1
MIZORAM,KOLASIB,2001,3,1,1,6,0,6,0
MIZORAM,LAWNGTLAI,2001,2,0,0,2,0,2,0
MIZORAM,LUNGLEI,2001,5,4,0,3,0,3,0
MIZORAM,MAMIT,2001,4,0,0,0,0,0,0
MIZORAM,SAIHA,2001,2,2,0,3,0,3,0
MIZORAM,SERCHHIP,2001,1,1,0,5,0,5,1
MIZORAM,TOTAL,2001,31,15,5,52,0,52,2
NAGALAND,DIMAPUR,2001,36,5,4,4,0,4,13
NAGALAND,KIPHIRE,2001,1,0,0,0,0,0,0
NAGALAND,KOHIMA,2001,25,16,0,6,0,6,3
NAGALAND,MOKOKCHUNG,2001,12,2,4,1,0,1,1
NAGALAND,MON,2001,3,3,1,2,0,2,2
NAGALAND,PEREN,2001,0,2,0,0,0,0,0
NAGALAND,PHEK,2001,7,4,0,1,0,1,2
NAGALAND,TUENSANG,2001,1,3,0,0,0,0,0
NAGALAND,WOKHA,2001,12,3,0,1,0,1,2
NAGALAND,ZUNHEBOTO,2001,4,1,0,2,0,2,0
NAGALAND,TOTAL,2001,101,39,9,17,0,17,23
ODISHA,ANGUL,2001,39,27,5,33,0,33,5
ODISHA,BALASORE,2001,17,10,2,58,0,58,37
ODISHA,BARAGARH,2001,23,36,9,19,0,19,8
ODISHA,BERHAMPUR,2001,23,52,1,10,0,10,13
ODISHA,BHADRAK,2001,27,10,0,35,0,35,20
ODISHA,BOLANGIR,2001,32,10,4,19,0,19,16
ODISHA,BOUDH,2001,9,6,0,6,0,6,5
ODISHA,CUTTACK,2001,35,143,0,34,0,34,43
ODISHA,DEOGARH,2001,16,2,1,8,0,8,4
ODISHA,DHENKANAL,2001,25,30,1,15,0,15,14
ODISHA,GAJAPATI,2001,19,7,1,10,0,10,5
ODISHA,GANJAM,2001,58,92,1,22,0,22,14
ODISHA,JAGATSINGHPUR,2001,26,21,6,12,0,12,21
ODISHA,JAJPUR,2001,21,16,0,24,0,24,14
ODISHA,JHARSUGUDA,2001,15,29,1,12,0,12,5
ODISHA,KALAHANDI,2001,29,34,0,30,0,30,17
ODISHA,KANDHAMAL,2001,24,10,2,34,0,34,25
ODISHA,KENDRAPARA,2001,24,36,1,11,0,11,15
ODISHA,KEONJHAR,2001,62,31,2,38,0,38,19
ODISHA,KHURDA,2001,46,85,1,65,0,65,39
ODISHA,KORAPUT,2001,39,30,7,38,0,38,13
ODISHA,MALKANGIR,2001,36,27,2,14,0,14,6
ODISHA,MAYURBHANJ,2001,74,45,0,77,0,77,31
ODISHA,NAYAGARH,2001,26,43,1,17,0,17,23
ODISHA,NOWRANGPUR,2001,19,22,1,13,0,13,11
ODISHA,NUAPADA,2001,13,2,0,9,0,9,4
ODISHA,PURI,2001,25,96,1,41,0,41,32
ODISHA,RAYAGADA,2001,35,17,1,9,0,9,6
ODISHA,ROURKELA,2001,20,22,0,12,0,12,6
ODISHA,SAMBALPUR,2001,39,90,0,18,0,18,13
ODISHA,SONEPUR,2001,9,20,2,8,0,8,4
ODISHA,SRP(CUTTACK),2001,3,3,0,1,0,1,5
ODISHA,SRP(ROURKELA),2001,7,1,0,2,0,2,3
ODISHA,SUNDARGARH,2001,72,46,0,36,0,36,26
ODISHA,TOTAL,2001,987,1151,53,790,0,790,522
PUNJAB,AMRITSAR,2001,36,43,6,9,0,9,34
PUNJAB,BARNALA,2001,15,29,1,12,0,12,16
PUNJAB,BATALA,2001,18,24,4,8,0,8,6
PUNJAB,BHATINDA,2001,25,38,3,13,0,13,15
PUNJAB,FARIDKOT,2001,12,7,1,6,0,6,11
PUNJAB,FATEHGARH SAHIB,2001,16,23,0,11,0,11,12
PUNJAB,FEROZEPUR,2001,50,53,5,22,0,22,12
PUNJAB,G.R.P,2001,10,0,0,0,0,0,0
PUNJAB,GURDASPUR,2001,22,20,0,12,0,12,17
PUNJAB,HOSHIARPUR,2001,47,30,0,19,0,19,20
PUNJAB,JAGRAON,2001,27,33,1,19,0,19,19
PUNJAB,JALANDHAR,2001,74,72,4,21,0,21,70
PUNJAB,KAPURTHALA,2001,20,24,1,8,0,8,17
PUNJAB,KHANNA,2001,17,17,2,6,0,6,4
PUNJAB,LUDHIANA,2001,74,68,6,38,0,38,88
PUNJAB,MAJITHA,2001,26,25,9,9,0,9,10
PUNJAB,MANSA,2001,25,21,1,6,0,6,5
PUNJAB,MOGA,2001,23,32,6,11,0,11,14
PUNJAB,MUKTSAR,2001,19,27,2,3,0,3,3
PUNJAB,NAWAN SHAHR,2001,17,19,2,11,0,11,13
PUNJAB,PATIALA,2001,56,74,17,23,0,23,60
PUNJAB,ROPAR,2001,26,19,4,6,0,6,24
PUNJAB,SANGRUR,2001,46,45,0,15,0,15,28
PUNJAB,TARN TARAN,2001,37,46,5,10,0,10,15
PUNJAB,TOTAL,2001,738,789,80,298,0,298,513
RAJASTHAN,AJMER,2001,39,47,2,16,0,16,133
RAJASTHAN,ALWAR,2001,85,83,0,34,0,34,119
RAJASTHAN,BANSWARA,2001,40,24,3,90,0,90,61
RAJASTHAN,BARAN,2001,36,95,3,81,0,81,96
RAJASTHAN,BARMER,2001,11,26,0,13,0,13,21
RAJASTHAN,BHARATPUR,2001,75,98,2,48,0,48,126
RAJASTHAN,BHILWARA,2001,34,54,6,42,0,42,223
RAJASTHAN,BIKANER,2001,21,101,0,35,0,35,36
RAJASTHAN,BUNDI,2001,33,72,4,36,0,36,120
RAJASTHAN,CHITTORGARH,2001,41,59,4,67,0,67,206
RAJASTHAN,CHURU,2001,26,40,1,24,0,24,26
RAJASTHAN,DAUSA,2001,28,21,0,9,0,9,40
RAJASTHAN,DHOLPUR,2001,42,76,2,24,0,24,43
RAJASTHAN,DUNGARPUR,2001,31,9,1,17,0,17,54
RAJASTHAN,G.R.P.,2001,3,2,4,1,0,1,7
RAJASTHAN,GANGANAGAR,2001,51,97,0,55,0,55,79
RAJASTHAN,HANUMANGARH,2001,56,83,0,35,0,35,49
RAJASTHAN,JAIPUR,2001,91,90,6,61,0,61,247
RAJASTHAN,JAISALMER,2001,9,0,0,2,0,2,8
RAJASTHAN,JALORE,2001,17,35,2,10,0,10,32
RAJASTHAN,JHALAWAR,2001,38,99,8,65,0,65,89
RAJASTHAN,JHUNJHUNU,2001,37,19,0,19,0,19,45
RAJASTHAN,JODHPUR,2001,30,79,3,20,0,20,78
RAJASTHAN,KARAULI,2001,35,0,1,21,0,21,72
RAJASTHAN,KOTA,2001,58,310,1,50,0,50,146
RAJASTHAN,NAGAUR,2001,48,17,1,22,0,22,59
RAJASTHAN,PALI,2001,43,53,2,25,0,25,77
RAJASTHAN,RAJSAMAND,2001,15,16,2,13,0,13,63
RAJASTHAN,SAWAI MADHOPUR,2001,23,19,1,19,0,19,62
RAJASTHAN,SIKAR,2001,46,31,2,13,0,13,48
RAJASTHAN,SIROHI,2001,31,35,0,22,0,22,24
RAJASTHAN,TONK,2001,19,32,1,17,0,17,68
RAJASTHAN,UDAIPUR,2001,67,101,1,43,0,43,161
RAJASTHAN,TOTAL,2001,1259,1923,63,1049,0,1049,2718
SIKKIM,EAST,2001,13,7,5,7,0,7,4
SIKKIM,NORTH,2001,1,0,0,0,0,0,0
SIKKIM,SOUTH,2001,4,3,2,1,0,1,1
SIKKIM,WEST,2001,1,1,0,0,0,0,1
SIKKIM,TOTAL,2001,19,11,7,8,0,8,6
TAMIL NADU,ARIYALUR,2001,24,41,1,6,0,6,25
TAMIL NADU,CHENGAI,2001,78,98,0,20,0,20,8
TAMIL NADU,CHENNAI,2001,91,298,0,28,0,28,40
TAMIL NADU,CHENNAI RLY.,2001,5,1,0,0,0,0,0
TAMIL NADU,COIMBATORE RURAL,2001,77,49,3,18,0,18,38
TAMIL NADU,COIMBATORE URBAN,2001,16,20,0,4,0,4,14
TAMIL NADU,CUDDALORE,2001,60,177,2,16,0,16,21
TAMIL NADU,DHARMAPURI,2001,88,88,0,17,0,17,35
TAMIL NADU,DINDIGUL,2001,72,74,0,14,0,14,49
TAMIL NADU,ERODE,2001,63,22,0,9,0,9,45
TAMIL NADU,KANCHIPURAM,2001,45,61,0,21,0,21,13
TAMIL NADU,KANYAKUMARI,2001,33,65,0,6,0,6,13
TAMIL NADU,KARUR,2001,28,12,0,4,0,4,11
TAMIL NADU,MADURAI RURAL,2001,64,51,0,13,0,13,30
TAMIL NADU,MADURAI URBAN,2001,34,53,0,2,0,2,26
TAMIL NADU,NAGAPATTINAM,2001,36,74,0,12,0,12,29
TAMIL NADU,NAMAKKAL,2001,36,31,0,7,0,7,16
TAMIL NADU,NILGIRIS,2001,16,15,0,8,0,8,5
TAMIL NADU,PERAMBALUR,2001,10,16,2,3,0,3,13
TAMIL NADU,PUDUKOTTAI,2001,30,30,0,5,0,5,27
TAMIL NADU,RAMNATHAPURAM,2001,33,52,0,13,0,13,26
TAMIL NADU,SALEM RURAL,2001,78,43,1,8,0,8,35
TAMIL NADU,SALEM URBAN,2001,12,14,0,2,0,2,10
TAMIL NADU,SIVAGANGAI,2001,26,51,0,5,0,5,16
TAMIL NADU,THANJAVUR,2001,49,74,1,0,0,0,55
TAMIL NADU,THENI,2001,16,17,0,4,0,4,18
TAMIL NADU,THIRUNELVELI RURAL,2001,74,124,1,57,0,57,66
TAMIL NADU,THIRUNELVELI URBAN,2001,12,49,0,3,0,3,15
TAMIL NADU,THIRUVALLUR,2001,34,56,3,16,0,16,24
TAMIL NADU,THIRUVANNAMALAI,2001,44,34,0,5,0,5,40
TAMIL NADU,THIRUVARUR,2001,31,56,0,7,0,7,30
TAMIL NADU,THOOTHUGUDI,2001,69,98,0,12,0,12,38
TAMIL NADU,TRICHY RLY.,2001,0,0,0,0,0,0,0
TAMIL NADU,TRICHY RURAL,2001,52,40,0,6,0,6,19
TAMIL NADU,TRICHY URBAN,2001,24,19,0,5,0,5,11
TAMIL NADU,VELLORE,2001,78,56,2,13,0,13,16
TAMIL NADU,VILLUPURAM,2001,67,92,3,37,0,37,53
TAMIL NADU,VIRUDHUNAGAR,2001,57,53,0,17,0,17,22
TAMIL NADU,TOTAL,2001,1662,2204,19,423,0,423,952
TRIPURA,DHALAI,2001,35,0,0,11,0,11,15
TRIPURA,NORTH,2001,38,11,0,29,0,29,19
TRIPURA,SOUTH,2001,42,4,0,29,0,29,20
TRIPURA,WEST,2001,125,10,0,33,0,33,39
TRIPURA,TOTAL,2001,240,25,0,102,0,102,93
UTTAR PRADESH,AGRA,2001,153,162,18,66,0,66,203
UTTAR PRADESH,ALIGARH,2001,229,242,21,50,0,50,123
UTTAR PRADESH,ALLAHABAD,2001,167,224,30,42,0,42,96
UTTAR PRADESH,AMBEDKAR NAGAR,2001,46,49,7,19,0,19,29
UTTAR PRADESH,AURAIYA,2001,53,53,11,11,0,11,61
UTTAR PRADESH,AZAMGARH,2001,120,103,21,11,0,11,45
UTTAR PRADESH,BADAUN,2001,239,272,30,47,0,47,82
UTTAR PRADESH,BAGHPAT,2001,89,160,6,15,0,15,31
UTTAR PRADESH,BAHRAICH,2001,43,49,23,14,0,14,28
UTTAR PRADESH,BALLIA,2001,55,91,13,18,0,18,24
UTTAR PRADESH,BALRAMPUR,2001,26,28,9,8,0,8,20
UTTAR PRADESH,BANDA,2001,75,53,14,27,0,27,29
UTTAR PRADESH,BARABANKI,2001,88,85,24,41,0,41,71
UTTAR PRADESH,BAREILLY,2001,272,331,28,93,0,93,144
UTTAR PRADESH,BASTI,2001,48,51,13,18,0,18,28
UTTAR PRADESH,BIJNOR,2001,124,113,14,38,0,38,85
UTTAR PRADESH,BULANDSHAHAR,2001,250,209,16,31,0,31,94
UTTAR PRADESH,CHANDOLI,2001,35,30,9,4,0,4,20
UTTAR PRADESH,CHITRAKOOT DHAM,2001,28,16,5,8,0,8,5
UTTAR PRADESH,DEORIA,2001,48,97,17,7,0,7,39
UTTAR PRADESH,ETAH,2001,240,364,12,57,0,57,118
UTTAR PRADESH,ETAWAH,2001,82,92,8,20,0,20,93
UTTAR PRADESH,FAIZABAD,2001,77,48,15,22,0,22,28
UTTAR PRADESH,FATEHGARH,2001,120,86,14,9,0,9,63
UTTAR PRADESH,FATEHPUR,2001,132,56,26,28,0,28,45
UTTAR PRADESH,FIROZABAD,2001,135,169,10,22,0,22,120
UTTAR PRADESH,G.R.P.,2001,31,20,0,2,0,2,4
UTTAR PRADESH,GAUTAMBUDH NAGAR,2001,92,60,16,16,0,16,42
UTTAR PRADESH,GHAZIABAD,2001,230,381,18,31,0,31,112
UTTAR PRADESH,GHAZIPUR,2001,46,58,24,6,0,6,28
UTTAR PRADESH,GONDA,2001,68,101,25,18,0,18,34
UTTAR PRADESH,GORAKHPUR,2001,96,74,29,13,0,13,60
UTTAR PRADESH,HAMIRPUR,2001,66,33,6,14,0,14,24
UTTAR PRADESH,HARDOI,2001,182,153,30,70,0,70,75
UTTAR PRADESH,HATHRAS,2001,86,94,15,16,0,16,50
UTTAR PRADESH,J.P.NAGAR,2001,112,72,6,23,0,23,47
UTTAR PRADESH,JALAUN,2001,83,79,4,6,0,6,36
UTTAR PRADESH,JAUNPUR,2001,56,85,29,11,0,11,22
UTTAR PRADESH,JHANSI,2001,76,48,19,18,0,18,42
UTTAR PRADESH,KANNAUJ,2001,66,68,8,8,0,8,40
UTTAR PRADESH,KANPUR DEHAT,2001,85,67,12,21,0,21,50
UTTAR PRADESH,KANPUR NAGAR,2001,210,198,28,47,0,47,210
UTTAR PRADESH,KAUSHAMBI,2001,77,45,11,26,0,26,31
UTTAR PRADESH,KHIRI,2001,172,178,36,83,0,83,112
UTTAR PRADESH,KUSHI NAGAR,2001,69,48,18,7,0,7,34
UTTAR PRADESH,LALITPUR,2001,25,18,7,20,0,20,5
UTTAR PRADESH,LUCKNOW,2001,166,189,28,62,0,62,175
UTTAR PRADESH,MAHARAJGANJ,2001,39,22,11,13,0,13,19
UTTAR PRADESH,MAHOBA,2001,56,36,5,12,0,12,13
UTTAR PRADESH,MAINPURI,2001,136,151,20,13,0,13,56
UTTAR PRADESH,MATHURA,2001,125,170,9,25,0,25,62
UTTAR PRADESH,MAU,2001,49,49,9,17,0,17,30
UTTAR PRADESH,MEERUT,2001,275,239,10,28,0,28,160
UTTAR PRADESH,MIRZAPUR,2001,44,67,8,16,0,16,14
UTTAR PRADESH,MORADABAD,2001,213,171,18,44,0,44,102
UTTAR PRADESH,MUZAFFARNAGAR,2001,324,255,12,54,0,54,142
UTTAR PRADESH,PILIBHIT,2001,115,233,12,64,0,64,66
UTTAR PRADESH,PRATAPGARH,2001,76,123,22,18,0,18,43
UTTAR PRADESH,RAIBAREILLY,2001,87,63,26,58,0,58,58
UTTAR PRADESH,RAMPUR,2001,89,98,26,22,0,22,44
UTTAR PRADESH,SAHARANPUR,2001,101,128,14,41,0,41,75
UTTAR PRADESH,SANT KABIRNAGAR,2001,16,16,4,9,0,9,17
UTTAR PRADESH,SHAHJAHANPUR,2001,196,223,37,55,0,55,112
UTTAR PRADESH,SHRAWASTI,2001,35,30,15,13,0,13,21
UTTAR PRADESH,SIDHARTHNAGAR,2001,13,18,8,12,0,12,24
UTTAR PRADESH,SITAPUR,2001,162,139,56,85,0,85,99
UTTAR PRADESH,SONBHADRA,2001,33,23,20,5,0,5,9
UTTAR PRADESH,ST.RAVIDASNAGAR,2001,21,24,4,1,0,1,8
UTTAR PRADESH,SULTANPUR,2001,103,154,25,29,0,29,47
UTTAR PRADESH,UNNAO,2001,147,141,15,53,0,53,97
UTTAR PRADESH,VARANASI,2001,78,89,17,27,0,27,55
UTTAR PRADESH,TOTAL,2001,7601,7964,1186,1958,0,1958,4330
UTTARAKHAND,ALMORA,2001,18,12,2,4,0,4,1
UTTARAKHAND,BAGESHWAR,2001,10,7,0,1,0,1,4
UTTARAKHAND,CHAMOLI,2001,13,6,2,3,0,3,3
UTTARAKHAND,CHAMPAWAT,2001,3,3,2,0,0,0,3
UTTARAKHAND,DEHRADUN,2001,32,66,3,12,0,12,54
UTTARAKHAND,HARIDWAR,2001,94,75,6,13,0,13,52
UTTARAKHAND,NAINITAL,2001,36,31,5,5,0,5,14
UTTARAKHAND,PAURI GARHWAL,2001,26,9,0,7,0,7,7
UTTARAKHAND,PITHORAGARH,2001,8,3,3,7,0,7,1
UTTARAKHAND,RUDRA PRAYAG,2001,5,2,0,2,0,2,0
UTTARAKHAND,TEHRI GARHWAL,2001,7,10,2,2,0,2,5
UTTARAKHAND,UDHAMSINGH NAGAR,2001,54,44,13,10,0,10,36
UTTARAKHAND,UTTARKASHI,2001,10,11,0,8,0,8,3
UTTARAKHAND,TOTAL,2001,316,279,38,74,0,74,183
WEST BENGAL,24 PARGANAS NORTH,2001,202,23,61,53,0,53,81
WEST BENGAL,24 PARGANAS SOUTH,2001,107,5,75,47,0,47,53
WEST BENGAL,ASANSOL,2001,9,7,1,0,0,0,3
WEST BENGAL,BANKURA,2001,35,32,12,26,0,26,7
WEST BENGAL,BIRBHUM,2001,76,40,25,43,0,43,43
WEST BENGAL,BURDWAN,2001,133,4,43,46,0,46,45
WEST BENGAL,COOCHBEHAR,2001,37,1,15,36,0,36,43
WEST BENGAL,DAKSHIN DINAJPUR,2001,25,0,19,10,0,10,31
WEST BENGAL,DARJEELING,2001,46,3,28,20,0,20,21
WEST BENGAL,HOOGHLY,2001,81,22,33,29,0,29,41
WEST BENGAL,HOWRAH,2001,28,8,8,2,0,2,11
WEST BENGAL,HOWRAH CITY,2001,21,8,11,7,0,7,17
WEST BENGAL,HOWRAH G.R.P.,2001,18,0,0,1,0,1,7
WEST BENGAL,JALPAIGURI,2001,152,30,60,54,0,54,33
WEST BENGAL,KOLKATA,2001,65,152,8,19,0,19,121
WEST BENGAL,MALDA,2001,55,27,34,40,0,40,38
WEST BENGAL,MIDNAPUR,2001,120,20,44,84,0,84,74
WEST BENGAL,MURSHIDABAD,2001,130,10,38,66,0,66,52
WEST BENGAL,NADIA,2001,124,0,34,71,0,71,91
WEST BENGAL,PURULIA,2001,69,0,5,23,0,23,17
WEST BENGAL,SEALDAH G.R.P.,2001,23,6,4,1,0,1,3
WEST BENGAL,SILIGURI G.R.P.,2001,2,0,2,0,0,0,2
WEST BENGAL,UTTAR DINAJPUR,2001,36,51,21,31,0,31,41
WEST BENGAL,TOTAL,2001,1594,449,581,709,0,709,875
A & N ISLANDS,ANDAMAN,2001,13,0,0,3,0,3,2
A & N ISLANDS,NICOBAR,2001,0,0,0,0,0,0,0
A & N ISLANDS,TOTAL,2001,13,0,0,3,0,3,2
CHANDIGARH,CHANDIGARH,2001,15,10,6,18,0,18,56
CHANDIGARH,TOTAL,2001,15,10,6,18,0,18,56
D & N HAVELI,D and N HAVELI,2001,3,2,0,6,0,6,4
D & N HAVELI,TOTAL,2001,3,2,0,6,0,6,4
DAMAN & DIU,DAMAN,2001,6,5,0,0,0,0,5
DAMAN & DIU,DIU,2001,1,0,0,0,0,0,0
DAMAN & DIU,TOTAL,2001,7,5,0,0,0,0,5
DELHI UT,CENTRAL,2001,29,42,4,28,0,28,62
DELHI UT,DELHI UT TOTAL,2001,547,510,63,381,0,381,1627
DELHI UT,EAST,2001,56,51,15,24,0,24,163
DELHI UT,G.R.P.(RLY),2001,11,4,0,1,0,1,7
DELHI UT,I.G.I. AIRPORT,2001,2,2,1,0,0,0,4
DELHI UT,NEW DELHI,2001,11,14,0,9,0,9,27
DELHI UT,NORTH,2001,28,33,5,28,0,28,99
DELHI UT,NORTH EAST,2001,62,79,5,36,0,36,157
DELHI UT,NORTH WEST,2001,134,107,13,103,0,103,518
DELHI UT,S.T.F.,2001,0,0,0,0,0,0,0
DELHI UT,SOUTH,2001,83,75,7,65,0,65,265
DELHI UT,SOUTH WEST,2001,61,52,1,42,0,42,174
DELHI UT,WEST,2001,70,51,12,45,0,45,151
LAKSHADWEEP,LAKSHADWEEP,2001,1,0,0,0,0,0,0
LAKSHADWEEP,TOTAL,2001,1,0,0,0,0,0,0
PUDUCHERRY,PONDICHERRY,2001,25,32,1,9,0,9,4
PUDUCHERRY,TOTAL,2001,25,32,1,9,0,9,4
ANDHRA PRADESH,ADILABAD,2002,100,79,17,37,0,37,42
ANDHRA PRADESH,ANANTAPUR,2002,166,113,7,28,0,28,65
ANDHRA PRADESH,CHITTOOR,2002,105,66,5,28,0,28,67
ANDHRA PRADESH,CUDDAPAH,2002,91,0,9,16,0,16,27
ANDHRA PRADESH,EAST GODAVARI,2002,97,102,2,25,0,25,55
ANDHRA PRADESH,GUNTAKAL RLY.,2002,0,0,0,1,0,1,0
ANDHRA PRADESH,GUNTUR,2002,143,77,1,46,0,46,87
ANDHRA PRADESH,HYDERABAD CITY,2002,117,109,3,57,0,57,115
ANDHRA PRADESH,KARIMNAGAR,2002,160,88,6,99,0,99,62
ANDHRA PRADESH,KHAMMAM,2002,106,55,1,48,0,48,70
ANDHRA PRADESH,KRISHNA,2002,92,66,3,41,0,41,26
ANDHRA PRADESH,KURNOOL,2002,124,98,1,45,0,45,54
ANDHRA PRADESH,MAHABOOBNAGAR,2002,171,84,31,85,0,85,57
ANDHRA PRADESH,MEDAK,2002,103,50,20,68,0,68,46
ANDHRA PRADESH,NALGONDA,2002,109,53,8,41,0,41,46
ANDHRA PRADESH,NELLORE,2002,84,93,4,46,0,46,67
ANDHRA PRADESH,NIZAMABAD,2002,93,42,12,35,0,35,29
ANDHRA PRADESH,PRAKASHAM,2002,67,79,2,21,0,21,32
ANDHRA PRADESH,RANGA REDDY,2002,214,107,12,49,0,49,104
ANDHRA PRADESH,SECUNDERABAD RLY.,2002,12,0,1,0,0,0,0
ANDHRA PRADESH,SRIKAKULAM,2002,27,9,2,14,0,14,10
ANDHRA PRADESH,VIJAYAWADA,2002,39,49,3,31,0,31,78
ANDHRA PRADESH,VIJAYAWADA RLY.,2002,3,0,0,1,0,1,1
ANDHRA PRADESH,VISAKHA RURAL,2002,54,25,0,14,0,14,7
ANDHRA PRADESH,VISAKHAPATNAM,2002,20,15,1,8,0,8,15
ANDHRA PRADESH,VIZIANAGARAM,2002,28,22,1,12,0,12,9
ANDHRA PRADESH,WARANGAL,2002,131,72,11,52,0,52,72
ANDHRA PRADESH,WEST GODAVARI,2002,69,91,2,54,0,54,59
ANDHRA PRADESH,TOTAL,2002,2525,1644,165,1002,0,1002,1302
ARUNACHAL PRADESH,CHANGLANG,2002,9,4,1,3,0,3,5
ARUNACHAL PRADESH,DIBANG VALLEY,2002,6,4,0,5,0,5,6
ARUNACHAL PRADESH,KAMENG EAST,2002,3,2,0,1,0,1,4
ARUNACHAL PRADESH,KAMENG WEST,2002,3,3,0,0,0,0,4
ARUNACHAL PRADESH,LOHIT,2002,14,2,0,3,0,3,5
ARUNACHAL PRADESH,PAPUM PARE,2002,3,3,1,3,0,3,10
ARUNACHAL PRADESH,SIANG EAST,2002,3,0,0,11,0,11,10
ARUNACHAL PRADESH,SIANG UPPER,2002,0,1,0,3,0,3,0
ARUNACHAL PRADESH,SIANG WEST,2002,4,7,3,4,0,4,7
ARUNACHAL PRADESH,SUBANSIRI LOWER,2002,8,3,0,1,0,1,4
ARUNACHAL PRADESH,SUBANSIRI UPPER,2002,5,2,0,2,0,2,1
ARUNACHAL PRADESH,TAWANG,2002,0,0,1,1,0,1,0
ARUNACHAL PRADESH,TIRAP,2002,3,7,0,1,0,1,1
ARUNACHAL PRADESH,TOTAL,2002,61,38,6,38,0,38,57
ASSAM,BARPETA,2002,43,20,2,55,0,55,69
ASSAM,BONGAIGAON,2002,47,0,0,21,0,21,51
ASSAM,C.I.D.,2002,0,0,0,0,0,0,2
ASSAM,CACHAR,2002,57,44,0,71,0,71,93
ASSAM,DARRANG,2002,31,7,2,33,0,33,54
ASSAM,DHEMAJI,2002,30,15,0,48,0,48,31
ASSAM,DHUBRI,2002,60,16,1,46,0,46,62
ASSAM,DIBRUGARH,2002,97,35,2,45,0,45,75
ASSAM,G.R.P.,2002,6,0,0,0,0,0,0
ASSAM,GOALPARA,2002,24,18,1,40,0,40,48
ASSAM,GOLAGHAT,2002,57,9,4,42,0,42,68
ASSAM,GUWAHATI CITY,2002,60,18,20,60,0,60,184
ASSAM,HAILAKANDI,2002,26,5,1,24,0,24,42
ASSAM,JORHAT,2002,37,13,4,36,0,36,36
ASSAM,KAMRUP,2002,34,31,8,41,0,41,118
ASSAM,KARBI ANGLONG,2002,41,3,1,5,0,5,37
ASSAM,KARIMGANJ,2002,43,12,0,23,0,23,38
ASSAM,KOKRAJHAR,2002,62,20,0,15,0,15,48
ASSAM,LAKHIMPUR,2002,26,34,1,69,0,69,84
ASSAM,MORIGAON,2002,23,8,1,40,0,40,39
ASSAM,N.C.HILLS,2002,25,16,0,2,0,2,9
ASSAM,NAGAON,2002,78,40,3,61,0,61,132
ASSAM,NALBARI,2002,47,56,0,27,0,27,50
ASSAM,R.P.O.,2002,0,0,0,1,0,1,1
ASSAM,SIBSAGAR,2002,75,20,1,57,0,57,57
ASSAM,SONITPUR,2002,109,22,1,67,0,67,114
ASSAM,TINSUKIA,2002,115,17,2,41,0,41,53
ASSAM,TOTAL,2002,1253,479,55,970,0,970,1595
BIHAR,ARARIA,2002,61,15,2,101,0,101,91
BIHAR,ARWAL,2002,44,58,8,0,0,0,11
BIHAR,AURANGABAD,2002,96,38,0,12,0,12,19
BIHAR,BAGAHA,2002,27,71,11,23,0,23,49
BIHAR,BANKA,2002,100,18,3,27,0,27,32
BIHAR,BEGUSARAI,2002,138,139,5,20,0,20,75
BIHAR,BETTIAH,2002,100,229,10,55,0,55,67
BIHAR,BHABHUA,2002,48,10,6,17,0,17,41
BIHAR,BHAGALPUR,2002,107,46,4,40,0,40,89
BIHAR,BHOJPUR,2002,147,41,1,17,0,17,43
BIHAR,BUXAR,2002,60,80,16,17,0,17,40
BIHAR,DARBHANGA,2002,72,79,17,52,0,52,93
BIHAR,GAYA,2002,218,149,8,31,0,31,38
BIHAR,GOPALGANJ,2002,69,89,5,16,0,16,42
BIHAR,JAMALPUR RLY.,2002,6,5,2,0,0,0,5
BIHAR,JAMUI,2002,56,203,3,15,0,15,38
BIHAR,JEHANABAD,2002,73,55,1,7,0,7,32
BIHAR,KATIHAR,2002,67,25,5,77,0,77,87
BIHAR,KATIHAR RLY.,2002,14,0,0,2,0,2,3
BIHAR,KHAGARIA,2002,66,23,6,15,0,15,31
BIHAR,KISHANGANJ,2002,30,2,1,20,0,20,35
BIHAR,LAKHISARAI,2002,67,36,2,2,0,2,34
BIHAR,MADHEPURA,2002,50,23,3,10,0,10,32
BIHAR,MADHUBANI,2002,66,86,92,31,0,31,50
BIHAR,MOTIHARI,2002,97,47,19,41,0,41,139
BIHAR,MUNGER,2002,63,124,0,11,0,11,53
BIHAR,MUZAFFARPUR,2002,130,92,23,60,0,60,167
BIHAR,MUZAFFARPUR RLY.,2002,18,1,1,2,0,2,5
BIHAR,NALANDA,2002,175,191,17,32,0,32,93
BIHAR,NAUGACHIA,2002,35,4,9,11,0,11,24
BIHAR,NAWADAH,2002,69,87,23,34,0,34,50
BIHAR,PATNA,2002,472,682,30,37,0,37,203
BIHAR,PATNA RLY.,2002,29,24,0,2,0,2,5
BIHAR,PURNEA,2002,96,75,4,46,0,46,48
BIHAR,ROHTAS,2002,132,35,5,15,0,15,92
BIHAR,SAHARSA,2002,39,106,4,11,0,11,20
BIHAR,SAMASTIPUR,2002,119,120,19,22,0,22,56
BIHAR,SARAN,2002,100,63,0,12,0,12,73
BIHAR,SHEIKHPURA,2002,33,18,2,6,0,6,24
BIHAR,SHEOHAR,2002,10,0,0,14,0,14,19
BIHAR,SITAMARHI,2002,54,19,1,31,0,31,50
BIHAR,SIWAN,2002,117,163,9,8,0,8,57
BIHAR,SUPAUL,2002,43,46,0,22,0,22,34
BIHAR,VAISHALI,2002,99,109,19,16,0,16,72
BIHAR,TOTAL,2002,3712,3526,396,1040,0,1040,2361
CHHATTISGARH,BALRAMPUR,2002,30,21,0,30,0,30,3
CHHATTISGARH,BILASPUR,2002,56,43,9,72,0,72,15
CHHATTISGARH,BIZAPUR,2002,19,18,0,7,0,7,2
CHHATTISGARH,DANTEWARA,2002,59,29,0,9,0,9,4
CHHATTISGARH,DHAMTARI,2002,16,12,0,26,0,26,4
CHHATTISGARH,DURG,2002,72,65,0,132,0,132,29
CHHATTISGARH,GRP RAIPUR,2002,2,1,0,5,0,5,0
CHHATTISGARH,JAGDALPUR,2002,70,34,0,46,0,46,19
CHHATTISGARH,JANJGIR,2002,43,24,0,42,0,42,6
CHHATTISGARH,JASHPUR,2002,54,14,2,35,0,35,0
CHHATTISGARH,KABIRDHAM,2002,18,6,1,20,0,20,2
CHHATTISGARH,KANKER,2002,35,6,0,37,0,37,6
CHHATTISGARH,KORBA,2002,40,10,0,38,0,38,4
CHHATTISGARH,KORIYA,2002,21,15,1,58,0,58,7
CHHATTISGARH,MAHASAMUND,2002,15,16,4,33,0,33,5
CHHATTISGARH,RAIGARH,2002,56,24,0,39,0,39,5
CHHATTISGARH,RAIPUR,2002,86,63,3,159,0,159,40
CHHATTISGARH,RAJNANDGAON,2002,51,17,0,62,0,62,8
CHHATTISGARH,SARGUJA,2002,101,35,4,142,0,142,19
CHHATTISGARH,TOTAL,2002,844,453,24,992,0,992,178
GOA,NORTH GOA,2002,18,11,3,9,0,9,4
GOA,SOUTH GOA,2002,12,9,1,3,0,3,5
GOA,TOTAL,2002,30,20,4,12,0,12,9
GUJARAT,AHMEDABAD COMMR.,2002,222,143,0,12,0,12,153
GUJARAT,AHMEDABAD RURAL,2002,63,24,0,7,0,7,13
GUJARAT,AHWA-DANG,2002,6,1,0,4,0,4,1
GUJARAT,AMRELI,2002,21,17,1,4,0,4,27
GUJARAT,ANAND,2002,48,31,1,8,0,8,38
GUJARAT,BHARUCH,2002,47,25,0,7,0,7,24
GUJARAT,BHAVNAGAR,2002,59,43,1,9,0,9,51
GUJARAT,DAHOD,2002,64,14,2,14,0,14,9
GUJARAT,GANDHINAGAR,2002,31,7,0,7,0,7,21
GUJARAT,HIMATNAGAR,2002,71,23,0,11,0,11,40
GUJARAT,JAMNAGAR,2002,39,24,0,25,0,25,36
GUJARAT,JUNAGADH,2002,55,22,0,10,0,10,50
GUJARAT,KHEDA NORTH,2002,56,18,1,9,0,9,29
GUJARAT,KUTCH,2002,35,22,4,3,0,3,40
GUJARAT,MEHSANA,2002,49,43,0,13,0,13,41
GUJARAT,NARMADA,2002,16,4,0,7,0,7,5
GUJARAT,NAVSARI,2002,26,4,0,5,0,5,11
GUJARAT,PALANPUR,2002,38,31,0,16,0,16,47
GUJARAT,PANCHMAHAL,2002,83,18,0,4,0,4,22
GUJARAT,PATAN,2002,24,13,0,3,0,3,29
GUJARAT,PORBANDAR,2002,7,7,2,4,0,4,9
GUJARAT,RAJKOT COMMR.,2002,35,33,0,6,0,6,40
GUJARAT,RAJKOT RURAL,2002,41,30,1,15,0,15,50
GUJARAT,SURAT COMMR.,2002,81,28,0,18,0,18,63
GUJARAT,SURAT RURAL,2002,78,7,0,10,0,10,19
GUJARAT,SURENDRANAGAR,2002,40,30,0,13,0,13,37
GUJARAT,VADODARA COMMR.,2002,56,47,0,5,0,5,35
GUJARAT,VADODARA RURAL,2002,81,29,0,12,0,12,45
GUJARAT,VALSAD,2002,39,14,0,3,0,3,21
GUJARAT,W.RLY,2002,21,7,0,3,0,3,9
GUJARAT,TOTAL,2002,1532,759,13,267,0,267,1015
HARYANA,AMBALA,2002,25,18,7,15,0,15,21
HARYANA,BHIWANI,2002,35,24,5,17,0,17,16
HARYANA,FARIDABAD,2002,57,38,7,37,0,37,61
HARYANA,FATEHABAD,2002,16,21,5,7,0,7,22
HARYANA,GRP,2002,25,1,2,1,0,1,0
HARYANA,GURGAON,2002,66,50,15,27,0,27,50
HARYANA,HISSAR,2002,52,49,2,15,0,15,24
HARYANA,JHAJJAR,2002,41,25,3,18,0,18,14
HARYANA,JIND,2002,33,13,12,19,0,19,15
HARYANA,KAITHAL,2002,26,21,9,7,0,7,7
HARYANA,KARNAL,2002,39,28,5,37,0,37,16
HARYANA,KURUKSHETRA,2002,31,13,4,15,0,15,18
HARYANA,MAHENDRAGARH,2002,21,9,2,16,0,16,19
HARYANA,PANCHKULA,2002,7,2,1,13,0,13,19
HARYANA,PANIPAT,2002,46,25,4,43,1,42,30
HARYANA,REWARI,2002,21,9,1,10,0,10,11
HARYANA,ROHTAK,2002,63,39,0,17,0,17,16
HARYANA,SIRSA,2002,43,37,4,20,0,20,22
HARYANA,SONIPAT,2002,82,49,1,14,0,14,24
HARYANA,YAMUNANAGAR,2002,31,16,0,13,0,13,22
HARYANA,TOTAL,2002,760,487,89,361,1,360,427
HIMACHAL PRADESH,BILASPUR,2002,11,15,1,9,0,9,8
HIMACHAL PRADESH,CHAMBA,2002,15,2,0,16,0,16,14
HIMACHAL PRADESH,G.R.P.,2002,0,0,0,0,0,0,1
HIMACHAL PRADESH,HAMIRPUR,2002,8,6,1,3,0,3,14
HIMACHAL PRADESH,KANGRA,2002,28,22,1,14,0,14,20
HIMACHAL PRADESH,KINNAUR,2002,2,0,0,4,0,4,3
HIMACHAL PRADESH,KULLU,2002,8,2,1,14,0,14,11
HIMACHAL PRADESH,LAHAUL-SPITI,2002,2,0,0,0,0,0,0
HIMACHAL PRADESH,MANDI,2002,5,9,2,24,0,24,9
HIMACHAL PRADESH,SHIMLA,2002,15,10,0,27,0,27,22
HIMACHAL PRADESH,SIRMAUR,2002,9,9,0,11,0,11,10
HIMACHAL PRADESH,SOLAN,2002,7,6,0,9,0,9,18
HIMACHAL PRADESH,UNA,2002,13,5,0,6,0,6,8
HIMACHAL PRADESH,TOTAL,2002,123,86,6,137,0,137,138
JAMMU & KASHMIR,ANANTNAG,2002,86,96,2,16,0,16,67
JAMMU & KASHMIR,AWANTIPORA,2002,26,0,0,1,0,1,16
JAMMU & KASHMIR,BARAMULLA,2002,121,111,2,14,0,14,87
JAMMU & KASHMIR,BORDER,2002,7,26,1,5,0,5,14
JAMMU & KASHMIR,BUDGAM,2002,46,23,2,12,0,12,40
JAMMU & KASHMIR,CRIME JAMMU,2002,1,0,0,0,0,0,0
JAMMU & KASHMIR,CRIME SRINAGAR,2002,1,0,0,0,0,0,0
JAMMU & KASHMIR,DODA,2002,105,118,0,15,0,15,19
JAMMU & KASHMIR,GANDERBAL,2002,22,5,1,7,0,7,39
JAMMU & KASHMIR,HANDWARA,2002,47,72,5,0,0,0,23
JAMMU & KASHMIR,JAMMU,2002,23,79,8,7,0,7,60
JAMMU & KASHMIR,KARGIL,2002,0,1,0,1,0,1,2
JAMMU & KASHMIR,KATHUA,2002,15,25,1,11,0,11,13
JAMMU & KASHMIR,KULGAM,2002,41,4,1,7,0,7,45
JAMMU & KASHMIR,KUPWARA,2002,56,124,0,5,0,5,28
JAMMU & KASHMIR,LEH,2002,6,1,0,3,0,3,1
JAMMU & KASHMIR,POONCH,2002,84,140,0,9,0,9,14
JAMMU & KASHMIR,PULWAMA,2002,55,109,2,12,0,12,44
JAMMU & KASHMIR,RAILWAYS,2002,2,0,0,0,0,0,0
JAMMU & KASHMIR,RAJOURI,2002,97,104,0,13,0,13,13
JAMMU & KASHMIR,RAMBAN,2002,62,69,0,7,0,7,6
JAMMU & KASHMIR,REASI,2002,45,62,2,8,0,8,16
JAMMU & KASHMIR,SRINAGAR,2002,86,50,4,24,0,24,117
JAMMU & KASHMIR,UDHAMPUR,2002,14,21,0,15,0,15,10
JAMMU & KASHMIR,TOTAL,2002,1048,1240,31,192,0,192,674
JHARKHAND,BOKARO,2002,58,108,2,48,0,48,40
JHARKHAND,CHAIBASA,2002,134,42,38,37,0,37,19
JHARKHAND,CHATRA,2002,31,4,0,18,0,18,4
JHARKHAND,DEOGHAR,2002,36,34,4,37,0,37,5
JHARKHAND,DHANBAD,2002,88,42,13,38,0,38,72
JHARKHAND,DHANBAD RLY.,2002,5,0,0,2,0,2,2
JHARKHAND,DUMKA,2002,67,149,4,50,0,50,15
JHARKHAND,GARHWA,2002,39,17,3,32,0,32,9
JHARKHAND,GIRIDIH,2002,72,27,4,39,0,39,23
JHARKHAND,GODDA,2002,31,36,0,86,0,86,21
JHARKHAND,GUMLA,2002,108,32,8,31,0,31,9
JHARKHAND,HAZARIBAGH,2002,86,59,11,71,0,71,33
JHARKHAND,JAMSHEDPUR,2002,81,180,9,76,0,76,50
JHARKHAND,JAMSHEDPUR RLY.,2002,2,0,0,1,0,1,1
JHARKHAND,JAMTARA,2002,18,33,2,25,0,25,13
JHARKHAND,KODERMA,2002,30,25,0,6,0,6,13
JHARKHAND,LATEHAR,2002,43,14,2,12,0,12,8
JHARKHAND,LOHARDAGGA,2002,44,9,1,14,0,14,2
JHARKHAND,PAKUR,2002,37,7,4,37,0,37,6
JHARKHAND,PALAMU,2002,69,48,3,14,0,14,16
JHARKHAND,RANCHI,2002,270,161,0,55,0,55,67
JHARKHAND,SAHEBGANJ,2002,45,58,2,26,0,26,22
JHARKHAND,SARAIKELA,2002,51,36,2,26,0,26,16
JHARKHAND,SIMDEGA,2002,43,22,3,16,0,16,2
JHARKHAND,TOTAL,2002,1488,1143,115,797,0,797,468
KARNATAKA,BAGALKOT,2002,51,38,2,4,0,4,17
KARNATAKA,BANGALORE COMMR.,2002,201,311,4,32,0,32,159
KARNATAKA,BANGALORE RURAL,2002,153,114,7,22,0,22,38
KARNATAKA,BELGAUM,2002,113,60,1,6,0,6,26
KARNATAKA,BELLARY,2002,62,58,0,11,0,11,13
KARNATAKA,BIDAR,2002,49,62,0,8,0,8,23
KARNATAKA,BIJAPUR,2002,62,53,2,3,0,3,30
KARNATAKA,CHAMARAJNAGAR,2002,29,24,0,4,0,4,6
KARNATAKA,CHICKMAGALUR,2002,36,64,2,18,0,18,12
KARNATAKA,CHITRADURGA,2002,37,18,1,12,0,12,7
KARNATAKA,DAKSHIN KANNADA,2002,26,27,0,9,0,9,6
KARNATAKA,DAVANAGERE,2002,57,26,7,14,0,14,18
KARNATAKA,DHARWAD COMMR.,2002,17,36,0,1,0,1,16
KARNATAKA,DHARWAD RURAL,2002,35,13,0,0,0,0,7
KARNATAKA,GADAG,2002,15,22,0,3,0,3,4
KARNATAKA,GULBARGA,2002,79,76,7,24,0,24,43
KARNATAKA,HASSAN,2002,74,65,1,11,0,11,26
KARNATAKA,HAVERI,2002,18,19,2,2,0,2,10
KARNATAKA,K.G.F.,2002,14,16,0,6,0,6,3
KARNATAKA,KODAGU,2002,35,29,2,4,0,4,6
KARNATAKA,KOLAR,2002,73,71,1,18,0,18,36
KARNATAKA,KOPPAL,2002,19,37,0,6,0,6,26
KARNATAKA,MANDYA,2002,61,56,0,30,0,30,18
KARNATAKA,MYSORE COMMR.,2002,22,38,1,7,0,7,10
KARNATAKA,MYSORE RURAL,2002,62,45,1,5,0,5,16
KARNATAKA,RAICHUR,2002,59,67,7,6,0,6,25
KARNATAKA,RAILWAYS,2002,14,1,0,0,0,0,0
KARNATAKA,SHIMOGA,2002,53,47,2,11,0,11,14
KARNATAKA,TUMKUR,2002,58,49,4,9,0,9,19
KARNATAKA,UDUPI,2002,15,22,0,1,0,1,9
KARNATAKA,UTTAR KANNADA,2002,28,12,1,5,0,5,2
KARNATAKA,TOTAL,2002,1627,1576,55,292,0,292,645
KERALA,ALAPUZHA,2002,18,30,1,13,0,13,14
KERALA,CBCID,2002,15,8,2,0,0,0,1
KERALA,ERNAKULAM,2002,36,80,18,27,0,27,12
KERALA,IDUKKI,2002,32,18,2,26,0,26,0
KERALA,KANNUR,2002,28,63,7,21,0,21,14
KERALA,KASARGOD,2002,20,22,6,25,0,25,13
KERALA,KOLLAM,2002,41,49,59,60,0,60,20
KERALA,KOTTAYAM,2002,20,22,7,28,0,28,15
KERALA,KOZHIKODE,2002,21,39,18,53,0,53,5
KERALA,MALAPPURAM,2002,26,28,14,70,0,70,11
KERALA,PALAKKAD,2002,51,42,10,48,0,48,10
KERALA,PATHANAMTHITTA,2002,28,24,15,12,0,12,0
KERALA,RAILWAYS,2002,0,0,0,0,0,0,0
KERALA,THRISSUR,2002,52,59,42,30,0,30,11
KERALA,TRIVANDRUM,2002,58,69,9,56,0,56,36
KERALA,WAYANADU,2002,8,9,0,30,0,30,0
KERALA,TOTAL,2002,454,562,210,499,0,499,162
MADHYA PRADESH,BALAGHAT,2002,69,41,3,87,0,87,9
MADHYA PRADESH,BARWANI,2002,37,34,0,30,0,30,4
MADHYA PRADESH,BETUL,2002,65,50,0,115,0,115,22
MADHYA PRADESH,BHIND,2002,72,106,2,33,0,33,29
MADHYA PRADESH,BHOPAL,2002,62,92,0,98,0,98,41
MADHYA PRADESH,BHOPAL RLY.,2002,7,5,0,1,0,1,0
MADHYA PRADESH,CHHATARPUR,2002,70,66,1,76,0,76,25
MADHYA PRADESH,CHHINDWARA,2002,81,46,4,82,0,82,10
MADHYA PRADESH,DAMOH,2002,49,57,0,57,0,57,14
MADHYA PRADESH,DATIYA,2002,54,63,0,22,0,22,12
MADHYA PRADESH,DEWAS,2002,53,76,0,97,0,97,33
MADHYA PRADESH,DHAR,2002,90,101,0,74,0,74,30
MADHYA PRADESH,DINDORI,2002,26,7,0,26,0,26,2
MADHYA PRADESH,GUNA,2002,64,74,9,148,0,148,7
MADHYA PRADESH,GWALIOR,2002,102,126,3,69,0,69,79
MADHYA PRADESH,HARDA,2002,18,13,0,28,0,28,3
MADHYA PRADESH,HOSHANGABAD,2002,48,86,97,62,0,62,21
MADHYA PRADESH,INDORE,2002,109,135,1,93,0,93,47
MADHYA PRADESH,INDORE RLY.,2002,3,4,0,1,0,1,1
MADHYA PRADESH,JABALPUR,2002,73,146,4,80,0,80,32
MADHYA PRADESH,JABALPUR RLY.,2002,2,2,0,0,0,0,0
MADHYA PRADESH,JHABUA,2002,133,129,0,29,0,29,68
MADHYA PRADESH,KATNI,2002,40,37,2,37,0,37,3
MADHYA PRADESH,KHANDWA,2002,33,41,0,71,0,71,17
MADHYA PRADESH,KHARGON,2002,37,39,43,50,0,50,27
MADHYA PRADESH,MANDLA,2002,21,26,0,43,0,43,5
MADHYA PRADESH,MANDSAUR,2002,34,38,0,45,0,45,17
MADHYA PRADESH,MORENA,2002,62,116,3,46,0,46,27
MADHYA PRADESH,NARSINGHPUR,2002,48,53,2,88,0,88,7
MADHYA PRADESH,NEEMUCH,2002,19,23,2,26,0,26,13
MADHYA PRADESH,PANNA,2002,35,30,1,35,0,35,12
MADHYA PRADESH,RAISEN,2002,34,70,0,98,0,98,10
MADHYA PRADESH,RAJGARH,2002,36,57,0,80,0,80,11
MADHYA PRADESH,RATLAM,2002,36,47,1,67,0,67,10
MADHYA PRADESH,REWA,2002,68,40,1,32,0,32,36
MADHYA PRADESH,SAGAR,2002,81,120,0,136,0,136,30
MADHYA PRADESH,SATNA,2002,62,72,0,66,0,66,29
MADHYA PRADESH,SEONI,2002,40,15,2,44,0,44,4
MADHYA PRADESH,SHAHDOL,2002,51,34,1,72,0,72,13
MADHYA PRADESH,SHAJAPUR,2002,42,57,4,84,0,84,18
MADHYA PRADESH,SHEOPUR,2002,20,36,0,28,0,28,20
MADHYA PRADESH,SHIVPURI,2002,71,77,0,73,0,73,18
MADHYA PRADESH,SIDHI,2002,48,25,3,46,0,46,17
MADHYA PRADESH,SIHORE,2002,21,61,2,63,0,63,51
MADHYA PRADESH,TIKAMGARH,2002,45,58,3,51,0,51,13
MADHYA PRADESH,UJJAIN,2002,54,172,0,68,0,68,47
MADHYA PRADESH,UMARIYA,2002,28,7,0,20,0,20,1
MADHYA PRADESH,VIDISHA,2002,42,54,0,114,0,114,19
MADHYA PRADESH,TOTAL,2002,2395,2864,194,2891,0,2891,964
MAHARASHTRA,AHMEDNAGAR,2002,82,45,6,45,0,45,27
MAHARASHTRA,AKOLA,2002,59,34,0,28,0,28,21
MAHARASHTRA,AMRAVATI COMMR.,2002,27,25,1,18,0,18,12
MAHARASHTRA,AMRAVATI RURAL,2002,58,36,3,66,0,66,22
MAHARASHTRA,AURANGABAD COMMR.,2002,32,18,0,8,0,8,20
MAHARASHTRA,AURANGABAD RURAL,2002,50,29,0,12,0,12,11
MAHARASHTRA,BEED,2002,69,51,0,25,0,25,23
MAHARASHTRA,BHANDARA,2002,36,13,2,32,0,32,16
MAHARASHTRA,BULDHANA,2002,50,35,2,30,0,30,18
MAHARASHTRA,CHANDRAPUR,2002,52,19,6,29,0,29,24
MAHARASHTRA,DHULE,2002,46,25,1,16,0,16,8
MAHARASHTRA,GADCHIROLI,2002,51,33,4,22,0,22,9
MAHARASHTRA,GONDIA,2002,44,16,0,25,0,25,21
MAHARASHTRA,HINGOLI,2002,32,15,1,17,0,17,7
MAHARASHTRA,JALGAON,2002,81,39,2,22,0,22,21
MAHARASHTRA,JALNA,2002,48,28,1,14,0,14,11
MAHARASHTRA,KOLHAPUR,2002,65,42,3,17,0,17,15
MAHARASHTRA,LATUR,2002,39,27,2,4,0,4,19
MAHARASHTRA,MUMBAI,2002,252,134,7,128,0,128,119
MAHARASHTRA,MUMBAI RLY.,2002,3,3,0,2,0,2,7
MAHARASHTRA,NAGPUR COMMR.,2002,98,54,0,49,0,49,50
MAHARASHTRA,NAGPUR RLY.,2002,7,2,1,0,0,0,0
MAHARASHTRA,NAGPUR RURAL,2002,95,35,1,66,0,66,25
MAHARASHTRA,NANDED,2002,83,85,0,29,0,29,40
MAHARASHTRA,NANDURBAR,2002,26,9,0,28,0,28,5
MAHARASHTRA,NASIK COMMR.,2002,25,9,2,12,0,12,17
MAHARASHTRA,NASIK RURAL,2002,90,44,1,38,0,38,14
MAHARASHTRA,NAVI MUMBAI,2002,48,21,1,24,0,24,18
MAHARASHTRA,OSMANABAD,2002,46,17,3,28,0,28,15
MAHARASHTRA,PARBHANI,2002,55,31,0,19,0,19,11
MAHARASHTRA,PUNE COMMR.,2002,95,42,0,51,0,51,36
MAHARASHTRA,PUNE RLY.,2002,1,3,0,2,1,1,1
MAHARASHTRA,PUNE RURAL,2002,141,37,7,42,0,42,16
MAHARASHTRA,RAIGAD,2002,43,21,0,29,0,29,12
MAHARASHTRA,RATNAGIRI,2002,26,6,0,13,0,13,5
MAHARASHTRA,SANGLI,2002,97,29,0,33,0,33,22
MAHARASHTRA,SATARA,2002,83,17,4,31,0,31,14
MAHARASHTRA,SINDHUDURG,2002,18,7,0,11,0,11,4
MAHARASHTRA,SOLAPUR COMMR.,2002,27,39,2,30,0,30,13
MAHARASHTRA,SOLAPUR RURAL,2002,79,40,2,33,0,33,28
MAHARASHTRA,THANE COMMR.,2002,128,68,0,42,0,42,75
MAHARASHTRA,THANE RURAL,2002,122,41,21,51,0,51,35
MAHARASHTRA,WARDHA,2002,49,31,5,37,0,37,21
MAHARASHTRA,WASHIM,2002,34,13,0,29,0,29,9
MAHARASHTRA,YAVATMAL,2002,76,67,2,65,0,65,36
MAHARASHTRA,TOTAL,2002,2768,1435,93,1352,1,1351,953
MANIPUR,BISHNUPUR,2002,24,23,0,2,0,2,20
MANIPUR,CHANDEL,2002,9,4,0,0,0,0,9
MANIPUR,CHURACHANDPUR,2002,30,11,0,0,0,0,19
MANIPUR,IMPHAL(EAST),2002,24,27,3,4,0,4,25
MANIPUR,IMPHAL(WEST),2002,32,51,0,3,0,3,44
MANIPUR,SENAPATI,2002,13,11,0,0,0,0,1
MANIPUR,TAMENGLONG,2002,3,3,0,0,0,0,4
MANIPUR,THOUBAL,2002,27,29,0,4,0,4,34
MANIPUR,UKHRUL,2002,3,1,0,1,0,1,1
MANIPUR,TOTAL,2002,165,160,3,14,0,14,157
MEGHALAYA,GARO HILLS EAST,2002,10,13,0,1,0,1,5
MEGHALAYA,GARO HILLS SOUTH,2002,10,3,0,1,0,1,2
MEGHALAYA,GARO HILLS WEST,2002,17,6,0,5,0,5,12
MEGHALAYA,JAINTIA HILLS,2002,39,4,0,2,0,2,3
MEGHALAYA,KHASI HILLS EAST,2002,48,22,3,19,0,19,22
MEGHALAYA,KHASI HILLS WEST,2002,16,8,0,7,0,7,4
MEGHALAYA,RI-BHOI,2002,27,2,0,3,0,3,4
MEGHALAYA,TOTAL,2002,167,58,3,38,0,38,52
MIZORAM,AIZAWL,2002,5,18,0,36,0,36,4
MIZORAM,CHAMPHAI,2002,6,1,0,9,0,9,0
MIZORAM,KOLASIB,2002,4,1,1,5,0,5,1
MIZORAM,LAWNGTLAI,2002,3,0,0,2,0,2,0
MIZORAM,LUNGLEI,2002,2,2,0,11,0,11,0
MIZORAM,MAMIT,2002,1,0,0,4,0,4,0
MIZORAM,SAIHA,2002,2,4,3,7,0,7,1
MIZORAM,SERCHHIP,2002,6,0,1,2,0,2,1
MIZORAM,TOTAL,2002,29,26,5,76,0,76,7
NAGALAND,DIMAPUR,2002,32,7,1,3,0,3,19
NAGALAND,KIPHIRE,2002,1,0,0,1,0,1,1
NAGALAND,KOHIMA,2002,25,2,0,9,0,9,0
NAGALAND,MOKOKCHUNG,2002,11,1,1,0,0,0,1
NAGALAND,MON,2002,1,1,0,0,0,0,1
NAGALAND,PEREN,2002,4,9,0,0,0,0,0
NAGALAND,PHEK,2002,5,4,3,1,0,1,4
NAGALAND,TUENSANG,2002,6,5,0,1,0,1,1
NAGALAND,WOKHA,2002,6,3,0,1,0,1,0
NAGALAND,ZUNHEBOTO,2002,9,2,0,1,0,1,0
NAGALAND,TOTAL,2002,100,34,5,17,0,17,27
ODISHA,ANGUL,2002,40,43,2,25,0,25,15
ODISHA,BALASORE,2002,23,6,0,47,0,47,35
ODISHA,BARAGARH,2002,22,36,2,12,0,12,4
ODISHA,BERHAMPUR,2002,30,56,2,10,0,10,7
ODISHA,BHADRAK,2002,26,36,5,27,0,27,18
ODISHA,BOLANGIR,2002,33,52,14,15,0,15,16
ODISHA,BOUDH,2002,12,15,0,2,0,2,3
ODISHA,CUTTACK,2002,47,140,0,32,0,32,38
ODISHA,DEOGARH,2002,12,9,0,7,0,7,5
ODISHA,DHENKANAL,2002,28,35,1,12,0,12,21
ODISHA,GAJAPATI,2002,6,10,0,8,0,8,4
ODISHA,GANJAM,2002,76,117,5,34,0,34,14
ODISHA,JAGATSINGHPUR,2002,16,24,4,17,0,17,17
ODISHA,JAJPUR,2002,22,21,0,18,0,18,23
ODISHA,JHARSUGUDA,2002,17,17,1,11,0,11,4
ODISHA,KALAHANDI,2002,22,32,0,18,0,18,9
ODISHA,KANDHAMAL,2002,19,13,2,32,0,32,32
ODISHA,KENDRAPARA,2002,19,52,0,9,0,9,17
ODISHA,KEONJHAR,2002,74,38,4,42,0,42,23
ODISHA,KHURDA,2002,63,92,0,52,0,52,53
ODISHA,KORAPUT,2002,47,34,1,30,0,30,9
ODISHA,MALKANGIR,2002,36,23,3,15,0,15,6
ODISHA,MAYURBHANJ,2002,83,40,2,68,0,68,29
ODISHA,NAYAGARH,2002,28,61,0,9,0,9,14
ODISHA,NOWRANGPUR,2002,25,16,3,17,0,17,18
ODISHA,NUAPADA,2002,15,9,0,5,0,5,9
ODISHA,PURI,2002,47,139,2,41,0,41,31
ODISHA,RAYAGADA,2002,18,33,0,15,0,15,12
ODISHA,ROURKELA,2002,28,24,3,18,0,18,10
ODISHA,SAMBALPUR,2002,41,57,0,15,0,15,5
ODISHA,SONEPUR,2002,7,31,0,6,0,6,2
ODISHA,SRP(CUTTACK),2002,0,2,0,1,0,1,4
ODISHA,SRP(ROURKELA),2002,6,2,0,0,0,0,1
ODISHA,SUNDARGARH,2002,87,57,2,21,0,21,15
ODISHA,TOTAL,2002,1075,1372,58,691,0,691,523
PUNJAB,AMRITSAR,2002,51,24,4,5,0,5,32
PUNJAB,BARNALA,2002,10,22,0,11,0,11,6
PUNJAB,BATALA,2002,30,34,4,14,0,14,14
PUNJAB,BHATINDA,2002,34,30,2,14,0,14,32
PUNJAB,FARIDKOT,2002,12,12,1,6,0,6,11
PUNJAB,FATEHGARH SAHIB,2002,14,13,1,0,0,0,11
PUNJAB,FEROZEPUR,2002,39,63,4,27,0,27,24
PUNJAB,G.R.P,2002,5,8,0,0,0,0,1
PUNJAB,GURDASPUR,2002,26,24,4,17,0,17,14
PUNJAB,HOSHIARPUR,2002,31,38,2,19,0,19,16
PUNJAB,JAGRAON,2002,15,30,3,13,0,13,22
PUNJAB,JALANDHAR,2002,59,64,6,20,0,20,50
PUNJAB,KAPURTHALA,2002,32,18,4,17,0,17,16
PUNJAB,KHANNA,2002,21,13,2,7,0,7,10
PUNJAB,LUDHIANA,2002,68,77,14,40,0,40,125
PUNJAB,MAJITHA,2002,28,34,9,9,0,9,14
PUNJAB,MANSA,2002,25,23,1,10,0,10,5
PUNJAB,MOGA,2002,27,35,4,4,0,4,14
PUNJAB,MUKTSAR,2002,18,28,1,8,0,8,8
PUNJAB,NAWAN SHAHR,2002,22,9,1,8,0,8,16
PUNJAB,PATIALA,2002,46,48,4,18,0,18,41
PUNJAB,ROPAR,2002,27,13,3,6,0,6,29
PUNJAB,SANGRUR,2002,42,37,0,14,0,14,23
PUNJAB,TARN TARAN,2002,51,31,5,12,0,12,17
PUNJAB,TOTAL,2002,733,728,79,299,0,299,551
RAJASTHAN,AJMER,2002,48,63,3,27,0,27,124
RAJASTHAN,ALWAR,2002,82,96,0,44,0,44,121
RAJASTHAN,BANSWARA,2002,40,26,1,74,0,74,55
RAJASTHAN,BARAN,2002,30,89,0,51,0,51,89
RAJASTHAN,BARMER,2002,18,28,0,24,0,24,25
RAJASTHAN,BHARATPUR,2002,87,81,4,59,0,59,109
RAJASTHAN,BHILWARA,2002,30,46,4,46,0,46,196
RAJASTHAN,BIKANER,2002,40,90,0,24,0,24,21
RAJASTHAN,BUNDI,2002,21,95,9,38,0,38,109
RAJASTHAN,CHITTORGARH,2002,46,52,1,73,0,73,171
RAJASTHAN,CHURU,2002,26,48,0,22,0,22,31
RAJASTHAN,DAUSA,2002,21,25,2,16,0,16,47
RAJASTHAN,DHOLPUR,2002,42,89,0,26,0,26,58
RAJASTHAN,DUNGARPUR,2002,24,16,1,21,0,21,43
RAJASTHAN,G.R.P.,2002,5,2,1,4,0,4,3
RAJASTHAN,GANGANAGAR,2002,63,94,0,54,0,54,60
RAJASTHAN,HANUMANGARH,2002,65,97,1,40,0,40,34
RAJASTHAN,JAIPUR,2002,85,116,10,57,0,57,256
RAJASTHAN,JAISALMER,2002,7,0,0,3,0,3,5
RAJASTHAN,JALORE,2002,19,23,2,11,0,11,32
RAJASTHAN,JHALAWAR,2002,44,71,5,61,0,61,82
RAJASTHAN,JHUNJHUNU,2002,44,25,0,12,0,12,49
RAJASTHAN,JODHPUR,2002,38,69,2,33,0,33,104
RAJASTHAN,KARAULI,2002,19,17,1,21,0,21,58
RAJASTHAN,KOTA,2002,56,374,4,37,0,37,160
RAJASTHAN,NAGAUR,2002,43,30,4,39,0,39,61
RAJASTHAN,PALI,2002,32,74,2,25,0,25,74
RAJASTHAN,RAJSAMAND,2002,18,22,0,9,0,9,60
RAJASTHAN,SAWAI MADHOPUR,2002,27,25,1,21,0,21,52
RAJASTHAN,SIKAR,2002,41,29,5,13,0,13,52
RAJASTHAN,SIROHI,2002,28,26,0,9,0,9,44
RAJASTHAN,TONK,2002,22,26,1,18,0,18,90
RAJASTHAN,UDAIPUR,2002,65,79,4,39,0,39,112
RAJASTHAN,TOTAL,2002,1276,2043,68,1051,0,1051,2587
SIKKIM,EAST,2002,6,1,1,3,0,3,5
SIKKIM,NORTH,2002,1,0,1,0,0,0,1
SIKKIM,SOUTH,2002,2,2,0,1,0,1,1
SIKKIM,WEST,2002,4,2,0,2,0,2,2
SIKKIM,TOTAL,2002,13,5,2,6,0,6,9
TAMIL NADU,CHENGAI,2002,67,157,0,27,0,27,31
TAMIL NADU,CHENNAI,2002,90,294,5,26,0,26,44
TAMIL NADU,CHENNAI RLY.,2002,10,0,0,0,0,0,0
TAMIL NADU,COIMBATORE RURAL,2002,83,54,1,25,0,25,30
TAMIL NADU,COIMBATORE URBAN,2002,16,22,0,2,0,2,10
TAMIL NADU,CUDDALORE,2002,65,119,8,27,0,27,42
TAMIL NADU,DHARMAPURI,2002,94,49,2,20,0,20,48
TAMIL NADU,DINDIGUL,2002,61,38,0,14,0,14,26
TAMIL NADU,ERODE,2002,59,12,1,13,0,13,49
TAMIL NADU,KANCHIPURAM,2002,48,43,0,20,0,20,18
TAMIL NADU,KANYAKUMARI,2002,33,67,0,10,0,10,10
TAMIL NADU,KARUR,2002,29,12,0,10,0,10,16
TAMIL NADU,MADURAI RURAL,2002,65,45,0,15,0,15,32
TAMIL NADU,MADURAI URBAN,2002,22,71,0,7,0,7,26
TAMIL NADU,NAGAPATTINAM,2002,48,65,0,27,0,27,33
TAMIL NADU,NAMAKKAL,2002,43,25,0,13,0,13,25
TAMIL NADU,NILGIRIS,2002,21,15,0,6,0,6,3
TAMIL NADU,PERAMBALUR,2002,41,58,5,16,0,16,30
TAMIL NADU,PUDUKOTTAI,2002,34,19,1,10,0,10,25
TAMIL NADU,RAMNATHAPURAM,2002,37,50,0,13,0,13,20
TAMIL NADU,SALEM RURAL,2002,79,41,2,14,0,14,26
TAMIL NADU,SALEM URBAN,2002,24,21,0,8,0,8,7
TAMIL NADU,SIVAGANGAI,2002,36,50,0,6,0,6,16
TAMIL NADU,THANJAVUR,2002,56,110,0,10,0,10,40
TAMIL NADU,THENI,2002,23,58,0,12,0,12,26
TAMIL NADU,THIRUNELVELI RURAL,2002,80,103,3,41,0,41,65
TAMIL NADU,THIRUNELVELI URBAN,2002,23,37,0,3,0,3,15
TAMIL NADU,THIRUVALLUR,2002,41,43,0,10,0,10,34
TAMIL NADU,THIRUVANNAMALAI,2002,35,39,0,10,0,10,44
TAMIL NADU,THIRUVARUR,2002,30,32,1,4,0,4,13
TAMIL NADU,THOOTHUGUDI,2002,72,103,1,13,0,13,26
TAMIL NADU,TRICHY RLY.,2002,2,1,0,0,0,0,0
TAMIL NADU,TRICHY RURAL,2002,46,50,0,5,0,5,14
TAMIL NADU,TRICHY URBAN,2002,21,20,0,2,0,2,12
TAMIL NADU,VELLORE,2002,61,73,3,31,0,31,55
TAMIL NADU,VILLUPURAM,2002,76,82,2,51,0,51,67
TAMIL NADU,VIRUDHUNAGAR,2002,52,55,1,13,0,13,23
TAMIL NADU,TOTAL,2002,1723,2133,36,534,0,534,1001
TRIPURA,DHALAI,2002,29,7,0,6,0,6,33
TRIPURA,NORTH,2002,28,10,0,35,0,35,16
TRIPURA,SOUTH,2002,31,9,1,30,0,30,16
TRIPURA,WEST,2002,113,12,0,37,0,37,63
TRIPURA,TOTAL,2002,201,38,1,108,0,108,128
UTTAR PRADESH,AGRA,2002,158,159,28,41,0,41,139
UTTAR PRADESH,ALIGARH,2002,178,216,21,31,0,31,112
UTTAR PRADESH,ALLAHABAD,2002,146,188,34,40,0,40,80
UTTAR PRADESH,AMBEDKAR NAGAR,2002,55,38,15,10,0,10,35
UTTAR PRADESH,AURAIYA,2002,56,46,8,10,0,10,41
UTTAR PRADESH,AZAMGARH,2002,111,91,24,7,0,7,41
UTTAR PRADESH,BADAUN,2002,206,226,35,31,0,31,88
UTTAR PRADESH,BAGHPAT,2002,95,109,4,15,0,15,24
UTTAR PRADESH,BAHRAICH,2002,59,34,21,14,0,14,23
UTTAR PRADESH,BALLIA,2002,43,64,18,7,0,7,14
UTTAR PRADESH,BALRAMPUR,2002,25,15,14,13,0,13,13
UTTAR PRADESH,BANDA,2002,75,42,17,20,0,20,23
UTTAR PRADESH,BARABANKI,2002,78,67,18,32,0,32,51
UTTAR PRADESH,BAREILLY,2002,237,265,30,65,0,65,122
UTTAR PRADESH,BASTI,2002,46,54,22,16,0,16,31
UTTAR PRADESH,BIJNOR,2002,107,87,17,26,0,26,65
UTTAR PRADESH,BULANDSHAHAR,2002,217,172,21,33,0,33,94
UTTAR PRADESH,CHANDOLI,2002,27,21,9,6,0,6,9
UTTAR PRADESH,CHITRAKOOT DHAM,2002,25,8,8,8,0,8,10
UTTAR PRADESH,DEORIA,2002,39,48,21,5,0,5,20
UTTAR PRADESH,ETAH,2002,210,278,15,37,0,37,86
UTTAR PRADESH,ETAWAH,2002,85,70,5,12,0,12,47
UTTAR PRADESH,FAIZABAD,2002,62,43,15,15,0,15,18
UTTAR PRADESH,FATEHGARH,2002,96,62,15,9,0,9,37
UTTAR PRADESH,FATEHPUR,2002,91,43,28,12,0,12,29
UTTAR PRADESH,FIROZABAD,2002,138,127,16,26,0,26,95
UTTAR PRADESH,G.R.P.,2002,30,12,3,2,0,2,7
UTTAR PRADESH,GAUTAMBUDH NAGAR,2002,72,68,12,19,0,19,36
UTTAR PRADESH,GHAZIABAD,2002,231,375,18,20,1,19,99
UTTAR PRADESH,GHAZIPUR,2002,55,42,27,4,0,4,16
UTTAR PRADESH,GONDA,2002,23,65,24,11,0,11,31
UTTAR PRADESH,GORAKHPUR,2002,112,74,31,27,0,27,43
UTTAR PRADESH,HAMIRPUR,2002,62,32,13,9,0,9,19
UTTAR PRADESH,HARDOI,2002,135,103,27,39,0,39,48
UTTAR PRADESH,HATHRAS,2002,76,80,9,25,0,25,49
UTTAR PRADESH,J.P.NAGAR,2002,85,41,6,15,0,15,31
UTTAR PRADESH,JALAUN,2002,79,28,8,4,0,4,34
UTTAR PRADESH,JAUNPUR,2002,51,57,28,8,0,8,16
UTTAR PRADESH,JHANSI,2002,62,29,33,14,0,14,28
UTTAR PRADESH,KANNAUJ,2002,67,53,10,6,0,6,24
UTTAR PRADESH,KANPUR DEHAT,2002,56,45,10,13,0,13,41
UTTAR PRADESH,KANPUR NAGAR,2002,202,166,24,30,0,30,163
UTTAR PRADESH,KAUSHAMBI,2002,61,30,13,28,0,28,20
UTTAR PRADESH,KHIRI,2002,144,139,27,41,0,41,60
UTTAR PRADESH,KUSHI NAGAR,2002,55,29,19,7,0,7,24
UTTAR PRADESH,LALITPUR,2002,18,11,8,10,0,10,2
UTTAR PRADESH,LUCKNOW,2002,175,162,38,43,0,43,195
UTTAR PRADESH,MAHARAJGANJ,2002,46,20,19,13,0,13,10
UTTAR PRADESH,MAHOBA,2002,41,8,8,5,0,5,7
UTTAR PRADESH,MAINPURI,2002,123,122,15,9,0,9,55
UTTAR PRADESH,MATHURA,2002,123,139,11,16,0,16,49
UTTAR PRADESH,MAU,2002,46,45,10,15,0,15,26
UTTAR PRADESH,MEERUT,2002,230,175,15,35,0,35,127
UTTAR PRADESH,MIRZAPUR,2002,46,35,13,7,0,7,17
UTTAR PRADESH,MORADABAD,2002,178,160,31,36,0,36,77
UTTAR PRADESH,MUZAFFARNAGAR,2002,287,195,9,30,0,30,121
UTTAR PRADESH,PILIBHIT,2002,91,100,14,41,0,41,51
UTTAR PRADESH,PRATAPGARH,2002,64,87,17,18,0,18,25
UTTAR PRADESH,RAIBAREILLY,2002,75,56,23,35,0,35,40
UTTAR PRADESH,RAMPUR,2002,87,77,15,20,0,20,40
UTTAR PRADESH,SAHARANPUR,2002,89,114,9,15,0,15,64
UTTAR PRADESH,SANT KABIRNAGAR,2002,22,18,4,4,0,4,12
UTTAR PRADESH,SHAHJAHANPUR,2002,210,205,34,40,0,40,89
UTTAR PRADESH,SHRAWASTI,2002,18,25,9,3,0,3,6
UTTAR PRADESH,SIDHARTHNAGAR,2002,15,10,9,6,0,6,21
UTTAR PRADESH,SITAPUR,2002,167,144,43,73,0,73,99
UTTAR PRADESH,SONBHADRA,2002,33,29,13,5,0,5,7
UTTAR PRADESH,ST.RAVIDASNAGAR,2002,29,15,7,0,0,0,5
UTTAR PRADESH,SULTANPUR,2002,85,109,22,23,0,23,34
UTTAR PRADESH,UNNAO,2002,126,94,15,34,0,34,63
UTTAR PRADESH,VARANASI,2002,78,87,11,16,0,16,52
UTTAR PRADESH,TOTAL,2002,6825,6283,1243,1415,1,1414,3430
UTTARAKHAND,ALMORA,2002,17,14,3,3,0,3,2
UTTARAKHAND,BAGESHWAR,2002,4,1,0,5,0,5,3
UTTARAKHAND,CHAMOLI,2002,15,7,1,4,0,4,6
UTTARAKHAND,CHAMPAWAT,2002,6,4,0,2,0,2,4
UTTARAKHAND,DEHRADUN,2002,39,37,15,12,0,12,62
UTTARAKHAND,HARIDWAR,2002,75,70,6,23,0,23,63
UTTARAKHAND,NAINITAL,2002,34,32,4,5,0,5,13
UTTARAKHAND,PAURI GARHWAL,2002,20,18,0,6,0,6,11
UTTARAKHAND,PITHORAGARH,2002,6,5,3,3,0,3,0
UTTARAKHAND,RUDRA PRAYAG,2002,9,5,0,0,0,0,1
UTTARAKHAND,TEHRI GARHWAL,2002,7,11,0,3,0,3,5
UTTARAKHAND,UDHAMSINGH NAGAR,2002,54,39,12,14,0,14,22
UTTARAKHAND,UTTARKASHI,2002,6,6,3,9,0,9,6
UTTARAKHAND,TOTAL,2002,292,249,47,89,0,89,198
WEST BENGAL,24 PARGANAS NORTH,2002,204,55,47,88,0,88,91
WEST BENGAL,24 PARGANAS SOUTH,2002,140,2,62,68,0,68,67
WEST BENGAL,ASANSOL,2002,11,0,4,1,0,1,3
WEST BENGAL,BANKURA,2002,39,27,14,19,0,19,12
WEST BENGAL,BIRBHUM,2002,57,21,23,36,0,36,28
WEST BENGAL,BURDWAN,2002,92,11,38,53,0,53,48
WEST BENGAL,COOCHBEHAR,2002,30,1,7,43,0,43,42
WEST BENGAL,DAKSHIN DINAJPUR,2002,23,0,16,20,0,20,26
WEST BENGAL,DARJEELING,2002,63,0,22,22,0,22,23
WEST BENGAL,HOOGHLY,2002,77,6,25,32,0,32,36
WEST BENGAL,HOWRAH,2002,18,2,11,6,0,6,8
WEST BENGAL,HOWRAH CITY,2002,24,3,9,10,0,10,24
WEST BENGAL,HOWRAH G.R.P.,2002,9,7,0,3,0,3,1
WEST BENGAL,JALPAIGURI,2002,92,21,54,38,0,38,22
WEST BENGAL,KHARAGPUR G.R.P.,2002,3,3,0,0,0,0,1
WEST BENGAL,KOLKATA,2002,58,148,15,33,0,33,107
WEST BENGAL,MALDA,2002,53,32,32,33,0,33,39
WEST BENGAL,MURSHIDABAD,2002,123,5,53,62,0,62,37
WEST BENGAL,NADIA,2002,99,0,38,79,0,79,82
WEST BENGAL,PASCHIM MIDNAPUR,2002,86,38,24,53,0,53,47
WEST BENGAL,PURAB MIDNAPUR,2002,38,1,18,25,0,25,42
WEST BENGAL,PURULIA,2002,41,0,8,15,0,15,14
WEST BENGAL,SEALDAH G.R.P.,2002,22,4,3,0,0,0,4
WEST BENGAL,SILIGURI G.R.P.,2002,4,0,0,0,0,0,1
WEST BENGAL,UTTAR DINAJPUR,2002,38,26,17,20,0,20,26
WEST BENGAL,TOTAL,2002,1444,413,540,759,0,759,831
A & N ISLANDS,ANDAMAN,2002,14,3,0,1,0,1,2
A & N ISLANDS,NICOBAR,2002,3,0,1,1,0,1,0
A & N ISLANDS,TOTAL,2002,17,3,1,2,0,2,2
CHANDIGARH,CHANDIGARH,2002,31,35,7,18,0,18,54
CHANDIGARH,TOTAL,2002,31,35,7,18,0,18,54
D & N HAVELI,D and N HAVELI,2002,11,2,0,4,0,4,9
D & N HAVELI,TOTAL,2002,11,2,0,4,0,4,9
DAMAN & DIU,DAMAN,2002,7,1,0,0,0,0,2
DAMAN & DIU,DIU,2002,1,2,0,0,0,0,1
DAMAN & DIU,TOTAL,2002,8,3,0,0,0,0,3
DELHI UT,CENTRAL,2002,23,38,7,22,0,22,71
DELHI UT,DELHI UT TOTAL,2002,531,440,68,403,0,403,1323
DELHI UT,EAST,2002,50,35,9,10,0,10,141
DELHI UT,G.R.P.(RLY),2002,2,4,0,0,0,0,3
DELHI UT,I.G.I. AIRPORT,2002,4,0,1,0,0,0,1
DELHI UT,NEW DELHI,2002,6,8,1,8,0,8,20
DELHI UT,NORTH,2002,40,22,12,27,0,27,84
DELHI UT,NORTH EAST,2002,66,65,2,39,0,39,156
DELHI UT,NORTH WEST,2002,135,90,9,120,0,120,430
DELHI UT,S.T.F.,2002,0,0,0,0,0,0,0
DELHI UT,SOUTH,2002,80,60,6,65,0,65,163
DELHI UT,SOUTH WEST,2002,52,45,5,68,0,68,126
DELHI UT,SPL CELL,2002,0,1,0,0,0,0,0
DELHI UT,WEST,2002,73,72,16,44,0,44,128
LAKSHADWEEP,LAKSHADWEEP,2002,0,0,0,1,0,1,0
LAKSHADWEEP,TOTAL,2002,0,0,0,1,0,1,0
PUDUCHERRY,PONDICHERRY,2002,29,43,2,6,0,6,10
PUDUCHERRY,TOTAL,2002,29,43,2,6,0,6,10
ANDHRA PRADESH,ADILABAD,2003,107,65,11,35,0,35,46
ANDHRA PRADESH,ANANTAPUR,2003,173,115,9,19,0,19,60
ANDHRA PRADESH,CHITTOOR,2003,109,80,1,36,0,36,90
ANDHRA PRADESH,CUDDAPAH,2003,95,7,4,10,0,10,37
ANDHRA PRADESH,CYBERABAD,2003,155,101,4,31,0,31,102
ANDHRA PRADESH,EAST GODAVARI,2003,73,78,2,18,0,18,59
ANDHRA PRADESH,GUNTAKAL RLY.,2003,4,0,0,1,0,1,1
ANDHRA PRADESH,GUNTUR,2003,210,84,2,46,0,46,95
ANDHRA PRADESH,HYDERABAD CITY,2003,124,132,5,57,0,57,155
ANDHRA PRADESH,KARIMNAGAR,2003,153,105,11,88,0,88,89
ANDHRA PRADESH,KHAMMAM,2003,89,44,6,45,0,45,41
ANDHRA PRADESH,KRISHNA,2003,66,65,3,45,0,45,55
ANDHRA PRADESH,KURNOOL,2003,125,101,4,28,0,28,35
ANDHRA PRADESH,MAHABOOBNAGAR,2003,191,108,22,69,0,69,46
ANDHRA PRADESH,MEDAK,2003,124,36,16,30,0,30,52
ANDHRA PRADESH,NALGONDA,2003,142,68,5,62,0,62,49
ANDHRA PRADESH,NELLORE,2003,80,70,1,27,0,27,63
ANDHRA PRADESH,NIZAMABAD,2003,90,49,20,29,0,29,35
ANDHRA PRADESH,PRAKASHAM,2003,94,36,5,22,0,22,42
ANDHRA PRADESH,RANGA REDDY,2003,65,30,3,14,0,14,23
ANDHRA PRADESH,SECUNDERABAD RLY.,2003,10,0,0,0,0,0,0
ANDHRA PRADESH,SRIKAKULAM,2003,39,32,4,9,0,9,8
ANDHRA PRADESH,VIJAYAWADA,2003,34,58,0,27,0,27,63
ANDHRA PRADESH,VIJAYAWADA RLY.,2003,0,0,0,0,0,0,0
ANDHRA PRADESH,VISAKHA RURAL,2003,61,5,1,15,0,15,15
ANDHRA PRADESH,VISAKHAPATNAM,2003,19,21,0,9,0,9,30
ANDHRA PRADESH,VIZIANAGARAM,2003,30,16,1,6,0,6,3
ANDHRA PRADESH,WARANGAL,2003,128,80,3,61,0,61,103
ANDHRA PRADESH,WEST GODAVARI,2003,77,92,4,107,0,107,88
ANDHRA PRADESH,TOTAL,2003,2667,1678,147,946,0,946,1485
ARUNACHAL PRADESH,CHANGLANG,2003,10,1,0,4,0,4,7
ARUNACHAL PRADESH,DIBANG VALLEY,2003,1,1,0,2,0,2,1
ARUNACHAL PRADESH,K/KUMEY,2003,4,1,0,0,0,0,2
ARUNACHAL PRADESH,KAMENG EAST,2003,4,0,0,0,0,0,2
ARUNACHAL PRADESH,KAMENG WEST,2003,7,1,0,1,0,1,0
ARUNACHAL PRADESH,LOHIT,2003,16,0,0,1,0,1,15
ARUNACHAL PRADESH,PAPUM PARE,2003,9,2,0,3,0,3,10
ARUNACHAL PRADESH,SIANG EAST,2003,6,2,0,9,0,9,10
ARUNACHAL PRADESH,SIANG UPPER,2003,4,2,1,1,0,1,1
ARUNACHAL PRADESH,SIANG WEST,2003,5,2,0,5,0,5,5
ARUNACHAL PRADESH,SUBANSIRI LOWER,2003,3,3,1,3,0,3,4
ARUNACHAL PRADESH,SUBANSIRI UPPER,2003,4,1,0,1,0,1,2
ARUNACHAL PRADESH,TAWANG,2003,0,0,0,0,0,0,0
ARUNACHAL PRADESH,TIRAP,2003,2,3,1,1,0,1,8
ARUNACHAL PRADESH,UPPER DIBANG VALLEY,2003,2,1,0,0,0,0,1
ARUNACHAL PRADESH,TOTAL,2003,77,20,3,31,0,31,68
ASSAM,BARPETA,2003,46,9,3,61,0,61,76
ASSAM,BONGAIGAON,2003,27,9,2,27,0,27,46
ASSAM,C.I.D.,2003,0,0,0,0,0,0,1
ASSAM,CACHAR,2003,68,35,0,70,0,70,120
ASSAM,DARRANG,2003,73,21,0,53,0,53,83
ASSAM,DHEMAJI,2003,20,18,0,43,0,43,25
ASSAM,DHUBRI,2003,64,20,1,68,0,68,62
ASSAM,DIBRUGARH,2003,107,33,11,38,0,38,54
ASSAM,G.R.P.,2003,4,0,0,0,0,0,1
ASSAM,GOALPARA,2003,30,23,3,60,0,60,51
ASSAM,GOLAGHAT,2003,55,16,7,67,0,67,73
ASSAM,GUWAHATI CITY,2003,50,29,3,38,0,38,216
ASSAM,HAILAKANDI,2003,25,18,0,27,0,27,43
ASSAM,JORHAT,2003,46,7,0,40,0,40,28
ASSAM,KAMRUP,2003,24,18,0,48,0,48,51
ASSAM,KARBI ANGLONG,2003,67,12,0,16,0,16,37
ASSAM,KARIMGANJ,2003,31,19,0,29,0,29,47
ASSAM,KOKRAJHAR,2003,46,23,1,22,0,22,40
ASSAM,LAKHIMPUR,2003,31,19,4,76,0,76,80
ASSAM,MORIGAON,2003,14,7,3,35,0,35,49
ASSAM,N.C.HILLS,2003,19,10,0,0,0,0,13
ASSAM,NAGAON,2003,75,51,5,105,0,105,169
ASSAM,NALBARI,2003,35,32,1,33,0,33,64
ASSAM,R.P.O.,2003,2,0,0,5,0,5,0
ASSAM,SIBSAGAR,2003,55,26,2,38,0,38,76
ASSAM,SONITPUR,2003,98,27,2,64,0,64,90
ASSAM,TINSUKIA,2003,79,3,0,32,0,32,33
ASSAM,TOTAL,2003,1191,485,48,1095,0,1095,1628
BIHAR,ARARIA,2003,49,26,2,38,0,38,56
BIHAR,ARWAL,2003,30,25,6,3,0,3,9
BIHAR,AURANGABAD,2003,84,52,0,18,0,18,26
BIHAR,BAGAHA,2003,30,23,9,21,0,21,40
BIHAR,BANKA,2003,89,18,5,19,0,19,25
BIHAR,BEGUSARAI,2003,145,53,3,19,0,19,96
BIHAR,BETTIAH,2003,72,94,0,27,0,27,89
BIHAR,BHABHUA,2003,76,77,1,11,0,11,40
BIHAR,BHAGALPUR,2003,97,189,5,45,0,45,98
BIHAR,BHOJPUR,2003,125,46,4,12,0,12,48
BIHAR,BUXAR,2003,61,173,9,12,0,12,26
BIHAR,DARBHANGA,2003,68,58,4,77,0,77,61
BIHAR,GAYA,2003,230,56,11,27,0,27,69
BIHAR,GOPALGANJ,2003,65,78,6,12,0,12,34
BIHAR,JAMALPUR RLY.,2003,9,1,0,1,0,1,4
BIHAR,JAMUI,2003,64,25,0,24,0,24,34
BIHAR,JEHANABAD,2003,64,101,1,9,0,9,40
BIHAR,KATIHAR,2003,78,35,5,92,0,92,68
BIHAR,KATIHAR RLY.,2003,7,0,2,0,0,0,10
BIHAR,KHAGARIA,2003,62,70,2,16,0,16,77
BIHAR,KISHANGANJ,2003,27,4,6,17,0,17,39
BIHAR,LAKHISARAI,2003,56,26,2,7,0,7,39
BIHAR,MADHEPURA,2003,62,14,6,8,0,8,24
BIHAR,MADHUBANI,2003,78,172,68,38,0,38,62
BIHAR,MOTIHARI,2003,113,61,16,39,0,39,114
BIHAR,MUNGER,2003,80,28,1,7,0,7,47
BIHAR,MUZAFFARPUR,2003,120,30,16,59,0,59,160
BIHAR,MUZAFFARPUR RLY.,2003,19,9,0,3,0,3,6
BIHAR,NALANDA,2003,171,139,17,21,0,21,58
BIHAR,NAUGACHIA,2003,47,23,0,12,0,12,29
BIHAR,NAWADAH,2003,88,60,10,13,0,13,53
BIHAR,PATNA,2003,484,680,9,34,0,34,220
BIHAR,PATNA RLY.,2003,24,17,0,2,0,2,5
BIHAR,PURNEA,2003,99,74,12,50,0,50,52
BIHAR,ROHTAS,2003,157,218,14,15,0,15,87
BIHAR,SAHARSA,2003,47,69,2,11,0,11,25
BIHAR,SAMASTIPUR,2003,136,121,17,20,0,20,80
BIHAR,SARAN,2003,115,154,6,32,0,32,95
BIHAR,SHEIKHPURA,2003,36,12,1,5,0,5,21
BIHAR,SHEOHAR,2003,12,19,3,8,0,8,11
BIHAR,SITAMARHI,2003,51,16,3,37,0,37,82
BIHAR,SIWAN,2003,86,160,4,13,0,13,62
BIHAR,SUPAUL,2003,40,27,3,22,0,22,21
BIHAR,VAISHALI,2003,118,207,7,29,0,29,85
BIHAR,TOTAL,2003,3771,3540,298,985,0,985,2427
CHHATTISGARH,BALRAMPUR,2003,22,19,0,24,0,24,4
CHHATTISGARH,BILASPUR,2003,95,55,27,49,0,49,12
CHHATTISGARH,BIZAPUR,2003,23,38,0,8,0,8,2
CHHATTISGARH,DANTEWARA,2003,44,35,0,12,0,12,6
CHHATTISGARH,DHAMTARI,2003,14,7,0,32,0,32,8
CHHATTISGARH,DURG,2003,58,50,0,117,0,117,21
CHHATTISGARH,GRP RAIPUR,2003,1,3,0,1,0,1,2
CHHATTISGARH,JAGDALPUR,2003,51,34,3,71,0,71,12
CHHATTISGARH,JANJGIR,2003,30,23,0,47,0,47,8
CHHATTISGARH,JASHPUR,2003,40,11,5,33,0,33,3
CHHATTISGARH,KABIRDHAM,2003,12,11,0,24,0,24,3
CHHATTISGARH,KANKER,2003,34,35,0,29,0,29,5
CHHATTISGARH,KORBA,2003,32,17,0,37,0,37,7
CHHATTISGARH,KORIYA,2003,41,12,1,40,0,40,4
CHHATTISGARH,MAHASAMUND,2003,21,11,5,30,0,30,3
CHHATTISGARH,NARAYANPUR,2003,11,13,0,3,0,3,1
CHHATTISGARH,RAIGARH,2003,46,27,0,36,0,36,15
CHHATTISGARH,RAIPUR,2003,77,53,4,126,0,126,41
CHHATTISGARH,RAJNANDGAON,2003,36,26,6,60,0,60,8
CHHATTISGARH,SARGUJA,2003,88,33,0,119,0,119,12
CHHATTISGARH,TOTAL,2003,776,513,51,898,0,898,177
GOA,NORTH GOA,2003,22,8,3,22,0,22,8
GOA,SOUTH GOA,2003,12,17,3,9,0,9,6
GOA,TOTAL,2003,34,25,6,31,0,31,14
GUJARAT,AHMEDABAD COMMR.,2003,90,68,3,18,0,18,157
GUJARAT,AHMEDABAD RURAL,2003,38,11,1,3,0,3,18
GUJARAT,AHWA-DANG,2003,6,1,0,0,0,0,0
GUJARAT,AMRELI,2003,19,11,0,6,0,6,28
GUJARAT,ANAND,2003,28,21,2,5,0,5,36
GUJARAT,BHARUCH,2003,43,9,0,5,0,5,28
GUJARAT,BHAVNAGAR,2003,57,36,0,5,0,5,70
GUJARAT,DAHOD,2003,43,7,0,0,0,0,19
GUJARAT,GANDHINAGAR,2003,23,12,0,0,0,0,34
GUJARAT,HIMATNAGAR,2003,42,12,1,6,0,6,44
GUJARAT,JAMNAGAR,2003,34,19,1,10,0,10,27
GUJARAT,JUNAGADH,2003,52,20,0,13,0,13,47
GUJARAT,KHEDA NORTH,2003,46,13,2,11,0,11,49
GUJARAT,KUTCH,2003,30,22,2,7,0,7,25
GUJARAT,MEHSANA,2003,37,31,0,7,0,7,57
GUJARAT,NARMADA,2003,13,1,0,4,0,4,3
GUJARAT,NAVSARI,2003,26,7,0,2,0,2,10
GUJARAT,PALANPUR,2003,38,20,1,20,0,20,42
GUJARAT,PANCHMAHAL,2003,45,8,1,11,0,11,31
GUJARAT,PATAN,2003,17,11,1,2,0,2,15
GUJARAT,PORBANDAR,2003,8,6,1,1,0,1,7
GUJARAT,RAJKOT COMMR.,2003,37,12,1,5,0,5,34
GUJARAT,RAJKOT RURAL,2003,38,23,1,14,0,14,48
GUJARAT,SURAT COMMR.,2003,75,16,5,25,0,25,62
GUJARAT,SURAT RURAL,2003,52,11,0,11,0,11,16
GUJARAT,SURENDRANAGAR,2003,25,14,0,16,0,16,32
GUJARAT,VADODARA COMMR.,2003,38,28,1,8,0,8,36
GUJARAT,VADODARA RURAL,2003,74,17,1,14,0,14,52
GUJARAT,VALSAD,2003,31,7,4,5,0,5,13
GUJARAT,W.RLY,2003,9,4,0,2,0,2,4
GUJARAT,TOTAL,2003,1114,478,29,236,0,236,1044
HARYANA,AMBALA,2003,26,16,3,10,0,10,26
HARYANA,BHIWANI,2003,47,22,3,15,0,15,17
HARYANA,FARIDABAD,2003,57,30,2,36,0,36,70
HARYANA,FATEHABAD,2003,18,16,4,7,0,7,15
HARYANA,GRP,2003,19,6,0,1,0,1,0
HARYANA,GURGAON,2003,62,33,6,32,0,32,44
HARYANA,HISSAR,2003,50,26,4,16,0,16,27
HARYANA,JHAJJAR,2003,39,28,3,9,0,9,8
HARYANA,JIND,2003,33,20,13,17,0,17,11
HARYANA,KAITHAL,2003,18,16,2,15,0,15,4
HARYANA,KARNAL,2003,41,33,4,27,0,27,22
HARYANA,KURUKSHETRA,2003,30,15,3,23,0,23,11
HARYANA,MAHENDRAGARH,2003,16,10,3,10,0,10,11
HARYANA,PANCHKULA,2003,11,4,4,12,0,12,15
HARYANA,PANIPAT,2003,47,21,10,38,0,38,16
HARYANA,REWARI,2003,16,10,0,11,0,11,11
HARYANA,ROHTAK,2003,50,52,2,25,0,25,21
HARYANA,SIRSA,2003,38,36,2,22,0,22,18
HARYANA,SONIPAT,2003,62,37,5,15,0,15,26
HARYANA,YAMUNANAGAR,2003,22,15,3,12,0,12,15
HARYANA,TOTAL,2003,702,446,76,353,0,353,388
HIMACHAL PRADESH,BILASPUR,2003,8,5,0,13,0,13,12
HIMACHAL PRADESH,CHAMBA,2003,6,3,0,10,0,10,14
HIMACHAL PRADESH,G.R.P.,2003,0,0,0,0,0,0,0
HIMACHAL PRADESH,HAMIRPUR,2003,4,5,0,6,0,6,8
HIMACHAL PRADESH,KANGRA,2003,38,16,0,8,0,8,7
HIMACHAL PRADESH,KINNAUR,2003,3,1,1,6,0,6,4
HIMACHAL PRADESH,KULLU,2003,14,1,2,16,0,16,8
HIMACHAL PRADESH,LAHAUL-SPITI,2003,0,0,0,2,0,2,0
HIMACHAL PRADESH,MANDI,2003,10,9,0,23,0,23,7
HIMACHAL PRADESH,SHIMLA,2003,18,15,0,21,0,21,21
HIMACHAL PRADESH,SIRMAUR,2003,6,4,1,8,0,8,15
HIMACHAL PRADESH,SOLAN,2003,13,8,1,11,0,11,10
HIMACHAL PRADESH,UNA,2003,5,7,0,2,0,2,7
HIMACHAL PRADESH,TOTAL,2003,125,74,5,126,0,126,113
JAMMU & KASHMIR,ANANTNAG,2003,77,71,5,9,0,9,81
JAMMU & KASHMIR,AWANTIPORA,2003,8,3,1,2,0,2,13
JAMMU & KASHMIR,BARAMULLA,2003,95,92,2,18,0,18,90
JAMMU & KASHMIR,BORDER,2003,8,26,0,9,0,9,8
JAMMU & KASHMIR,BUDGAM,2003,48,24,5,11,0,11,46
JAMMU & KASHMIR,CRIME JAMMU,2003,1,0,0,0,0,0,0
JAMMU & KASHMIR,CRIME SRINAGAR,2003,1,0,0,0,0,0,0
JAMMU & KASHMIR,DODA,2003,87,95,0,6,0,6,19
JAMMU & KASHMIR,GANDERBAL,2003,15,10,1,8,0,8,45
JAMMU & KASHMIR,HANDWARA,2003,39,60,2,2,0,2,22
JAMMU & KASHMIR,JAMMU,2003,34,63,6,20,0,20,57
JAMMU & KASHMIR,KARGIL,2003,0,0,0,1,0,1,6
JAMMU & KASHMIR,KATHUA,2003,16,28,0,13,0,13,20
JAMMU & KASHMIR,KULGAM,2003,43,8,0,5,0,5,50
JAMMU & KASHMIR,KUPWARA,2003,38,151,0,5,0,5,35
JAMMU & KASHMIR,LEH,2003,0,1,0,3,0,3,1
JAMMU & KASHMIR,POONCH,2003,111,113,0,12,0,12,12
JAMMU & KASHMIR,PULWAMA,2003,70,80,3,10,0,10,48
JAMMU & KASHMIR,RAILWAYS,2003,0,0,0,1,0,1,0
JAMMU & KASHMIR,RAJOURI,2003,86,135,0,28,0,28,19
JAMMU & KASHMIR,RAMBAN,2003,53,94,1,10,0,10,10
JAMMU & KASHMIR,REASI,2003,33,52,0,8,0,8,6
JAMMU & KASHMIR,SRINAGAR,2003,56,94,3,23,0,23,114
JAMMU & KASHMIR,UDHAMPUR,2003,10,16,0,7,0,7,10
JAMMU & KASHMIR,TOTAL,2003,929,1216,29,211,0,211,712
JHARKHAND,BOKARO,2003,58,108,2,48,0,48,40
JHARKHAND,CHAIBASA,2003,129,42,34,38,0,38,21
JHARKHAND,CHATRA,2003,35,2,3,14,0,14,7
JHARKHAND,DEOGHAR,2003,55,40,5,53,0,53,8
JHARKHAND,DHANBAD,2003,92,31,7,43,0,43,55
JHARKHAND,DHANBAD RLY.,2003,9,1,0,0,0,0,4
JHARKHAND,DUMKA,2003,57,142,3,49,0,49,19
JHARKHAND,GARHWA,2003,32,21,3,23,0,23,18
JHARKHAND,GIRIDIH,2003,65,27,7,35,0,35,31
JHARKHAND,GODDA,2003,31,36,0,76,0,76,25
JHARKHAND,GUMLA,2003,131,24,12,31,0,31,14
JHARKHAND,HAZARIBAGH,2003,81,42,11,40,0,40,36
JHARKHAND,JAMSHEDPUR,2003,49,112,5,28,0,28,37
JHARKHAND,JAMSHEDPUR RLY.,2003,6,0,0,2,0,2,2
JHARKHAND,JAMTARA,2003,17,6,3,35,0,35,12
JHARKHAND,KODERMA,2003,30,25,0,0,0,0,0
JHARKHAND,LATEHAR,2003,43,14,3,10,0,10,1
JHARKHAND,LOHARDAGGA,2003,44,9,1,15,0,15,7
JHARKHAND,PAKUR,2003,27,29,4,31,0,31,12
JHARKHAND,PALAMU,2003,70,24,1,13,0,13,14
JHARKHAND,RANCHI,2003,250,136,0,55,0,55,70
JHARKHAND,SAHEBGANJ,2003,61,43,3,23,0,23,16
JHARKHAND,SARAIKELA,2003,60,42,0,31,0,31,26
JHARKHAND,SIMDEGA,2003,50,1,2,19,0,19,12
JHARKHAND,TOTAL,2003,1482,957,109,712,0,712,487
KARNATAKA,BAGALKOT,2003,50,28,6,12,0,12,16
KARNATAKA,BANGALORE COMMR.,2003,216,280,1,34,0,34,132
KARNATAKA,BANGALORE RURAL,2003,128,85,17,27,0,27,34
KARNATAKA,BELGAUM,2003,107,39,3,11,0,11,28
KARNATAKA,BELLARY,2003,48,41,0,14,0,14,12
KARNATAKA,BIDAR,2003,37,57,3,6,0,6,22
KARNATAKA,BIJAPUR,2003,55,33,2,9,0,9,18
KARNATAKA,CHAMARAJNAGAR,2003,25,16,0,3,0,3,2
KARNATAKA,CHICKMAGALUR,2003,28,30,1,12,0,12,14
KARNATAKA,CHITRADURGA,2003,42,20,0,19,0,19,15
KARNATAKA,DAKSHIN KANNADA,2003,35,30,1,3,0,3,10
KARNATAKA,DAVANAGERE,2003,28,20,3,16,0,16,14
KARNATAKA,DHARWAD COMMR.,2003,23,18,0,3,0,3,11
KARNATAKA,DHARWAD RURAL,2003,28,11,3,5,0,5,0
KARNATAKA,GADAG,2003,16,12,0,1,0,1,4
KARNATAKA,GULBARGA,2003,88,72,3,14,0,14,29
KARNATAKA,HASSAN,2003,53,67,0,16,0,16,20
KARNATAKA,HAVERI,2003,25,8,0,3,0,3,8
KARNATAKA,K.G.F.,2003,12,20,1,5,0,5,4
KARNATAKA,KODAGU,2003,32,24,0,11,0,11,6
KARNATAKA,KOLAR,2003,65,56,1,14,0,14,32
KARNATAKA,KOPPAL,2003,24,23,0,12,0,12,5
KARNATAKA,MANDYA,2003,57,59,0,13,0,13,8
KARNATAKA,MYSORE COMMR.,2003,26,22,0,8,0,8,9
KARNATAKA,MYSORE RURAL,2003,40,23,0,4,0,4,5
KARNATAKA,RAICHUR,2003,37,26,8,12,0,12,16
KARNATAKA,RAILWAYS,2003,13,3,1,0,0,0,2
KARNATAKA,SHIMOGA,2003,51,40,0,15,0,15,21
KARNATAKA,TUMKUR,2003,79,46,2,14,0,14,24
KARNATAKA,UDUPI,2003,15,10,2,5,0,5,9
KARNATAKA,UTTAR KANNADA,2003,23,22,0,0,0,0,1
KARNATAKA,TOTAL,2003,1506,1241,58,321,0,321,531
KERALA,ALAPUZHA,2003,23,37,0,10,0,10,12
KERALA,CBCID,2003,18,5,0,1,0,1,4
KERALA,ERNAKULAM COMMR.,2003,21,28,7,11,0,11,11
KERALA,ERNAKULAM RURAL,2003,25,38,16,22,0,22,12
KERALA,IDUKKI,2003,28,14,0,14,0,14,0
KERALA,KANNUR,2003,12,38,7,13,0,13,4
KERALA,KASARGOD,2003,24,19,9,15,0,15,9
KERALA,KOLLAM,2003,36,22,97,53,0,53,24
KERALA,KOTTAYAM,2003,19,25,7,25,0,25,15
KERALA,KOZHIKODE COMMR.,2003,14,14,18,10,0,10,7
KERALA,KOZHIKODE RURAL,2003,8,17,31,24,0,24,6
KERALA,MALAPPURAM,2003,18,17,25,42,0,42,11
KERALA,PALAKKAD,2003,52,41,25,47,0,47,12
KERALA,PATHANAMTHITTA,2003,27,10,31,13,0,13,0
KERALA,RAILWAYS,2003,3,0,1,0,0,0,0
KERALA,THRISSUR,2003,39,35,33,29,0,29,20
KERALA,TRIVANDRUM COMMR.,2003,10,53,16,17,0,17,14
KERALA,TRIVANDRUM RURAL,2003,37,27,11,28,0,28,28
KERALA,WAYANADU,2003,21,8,9,20,0,20,0
KERALA,TOTAL,2003,435,448,343,394,0,394,189
MADHYA PRADESH,ANUPPUR,2003,10,4,0,10,0,10,1
MADHYA PRADESH,ASHOK NAGAR,2003,24,24,3,33,0,33,5
MADHYA PRADESH,BALAGHAT,2003,55,25,2,61,0,61,7
MADHYA PRADESH,BARWANI,2003,45,24,0,38,0,38,9
MADHYA PRADESH,BETUL,2003,65,51,4,137,0,137,24
MADHYA PRADESH,BHIND,2003,61,101,3,25,0,25,28
MADHYA PRADESH,BHOPAL,2003,54,111,0,93,0,93,55
MADHYA PRADESH,BHOPAL RLY.,2003,5,2,1,3,0,3,1
MADHYA PRADESH,BURHANPUR,2003,6,2,0,7,0,7,0
MADHYA PRADESH,CHHATARPUR,2003,55,69,1,56,0,56,11
MADHYA PRADESH,CHHINDWARA,2003,45,34,5,82,0,82,14
MADHYA PRADESH,DAMOH,2003,47,50,0,49,0,49,18
MADHYA PRADESH,DATIYA,2003,55,39,0,30,0,30,13
MADHYA PRADESH,DEWAS,2003,57,85,2,88,0,88,34
MADHYA PRADESH,DHAR,2003,87,86,0,82,0,82,27
MADHYA PRADESH,DINDORI,2003,14,3,0,37,0,37,2
MADHYA PRADESH,GUNA,2003,37,32,8,83,0,83,8
MADHYA PRADESH,GWALIOR,2003,91,137,8,72,0,72,81
MADHYA PRADESH,HARDA,2003,13,10,0,25,0,25,1
MADHYA PRADESH,HOSHANGABAD,2003,49,53,68,70,0,70,10
MADHYA PRADESH,INDORE,2003,93,129,3,77,0,77,61
MADHYA PRADESH,INDORE RLY.,2003,4,2,1,0,0,0,0
MADHYA PRADESH,JABALPUR,2003,92,131,0,103,0,103,45
MADHYA PRADESH,JABALPUR RLY.,2003,1,3,0,0,0,0,3
MADHYA PRADESH,JHABUA,2003,119,101,15,36,0,36,37
MADHYA PRADESH,KATNI,2003,35,34,3,37,0,37,6
MADHYA PRADESH,KHANDWA,2003,31,30,0,53,0,53,20
MADHYA PRADESH,KHARGON,2003,37,36,7,50,0,50,13
MADHYA PRADESH,MANDLA,2003,37,15,1,39,0,39,2
MADHYA PRADESH,MANDSAUR,2003,30,27,0,45,0,45,12
MADHYA PRADESH,MORENA,2003,57,65,4,40,0,40,32
MADHYA PRADESH,NARSINGHPUR,2003,44,39,2,40,0,40,3
MADHYA PRADESH,NEEMUCH,2003,13,15,2,31,0,31,9
MADHYA PRADESH,PANNA,2003,36,16,1,32,0,32,7
MADHYA PRADESH,RAISEN,2003,35,50,0,75,0,75,8
MADHYA PRADESH,RAJGARH,2003,31,48,1,88,0,88,9
MADHYA PRADESH,RATLAM,2003,45,46,3,62,0,62,14
MADHYA PRADESH,REWA,2003,57,46,0,41,0,41,36
MADHYA PRADESH,SAGAR,2003,59,109,0,121,0,121,30
MADHYA PRADESH,SATNA,2003,61,59,0,59,0,59,18
MADHYA PRADESH,SEONI,2003,27,24,2,54,0,54,1
MADHYA PRADESH,SHAHDOL,2003,60,21,8,68,0,68,12
MADHYA PRADESH,SHAJAPUR,2003,31,51,3,71,0,71,13
MADHYA PRADESH,SHEOPUR,2003,15,28,0,19,0,19,4
MADHYA PRADESH,SHIVPURI,2003,60,66,0,69,0,69,47
MADHYA PRADESH,SIDHI,2003,44,19,5,38,0,38,26
MADHYA PRADESH,SIHORE,2003,32,32,2,86,0,86,6
MADHYA PRADESH,TIKAMGARH,2003,40,31,0,50,0,50,15
MADHYA PRADESH,UJJAIN,2003,58,146,1,59,0,59,40
MADHYA PRADESH,UMARIYA,2003,27,4,34,20,0,20,0
MADHYA PRADESH,VIDISHA,2003,41,48,0,94,0,94,9
MADHYA PRADESH,TOTAL,2003,2227,2413,203,2738,0,2738,887
MAHARASHTRA,AHMEDNAGAR,2003,101,38,2,44,0,44,27
MAHARASHTRA,AKOLA,2003,48,38,0,29,0,29,29
MAHARASHTRA,AMRAVATI COMMR.,2003,31,25,2,26,0,26,15
MAHARASHTRA,AMRAVATI RURAL,2003,53,38,3,47,0,47,17
MAHARASHTRA,AURANGABAD COMMR.,2003,28,26,1,8,0,8,19
MAHARASHTRA,AURANGABAD RURAL,2003,60,24,0,14,0,14,4
MAHARASHTRA,BEED,2003,72,55,1,25,0,25,17
MAHARASHTRA,BHANDARA,2003,30,7,1,41,0,41,7
MAHARASHTRA,BULDHANA,2003,53,33,4,39,0,39,17
MAHARASHTRA,CHANDRAPUR,2003,41,21,8,36,0,36,13
MAHARASHTRA,DHULE,2003,32,13,2,7,0,7,5
MAHARASHTRA,GADCHIROLI,2003,58,28,4,30,0,30,17
MAHARASHTRA,GONDIA,2003,41,13,1,25,0,25,12
MAHARASHTRA,HINGOLI,2003,28,29,1,14,0,14,7
MAHARASHTRA,JALGAON,2003,82,39,3,38,0,38,20
MAHARASHTRA,JALNA,2003,53,25,1,8,0,8,15
MAHARASHTRA,KOLHAPUR,2003,66,40,7,15,0,15,18
MAHARASHTRA,LATUR,2003,56,34,0,21,0,21,15
MAHARASHTRA,MUMBAI,2003,242,115,8,133,0,133,150
MAHARASHTRA,MUMBAI RLY.,2003,9,8,0,4,0,4,2
MAHARASHTRA,NAGPUR COMMR.,2003,104,40,0,26,0,26,36
MAHARASHTRA,NAGPUR RLY.,2003,8,2,0,1,0,1,2
MAHARASHTRA,NAGPUR RURAL,2003,73,28,5,52,0,52,23
MAHARASHTRA,NANDED,2003,71,90,1,33,0,33,24
MAHARASHTRA,NANDURBAR,2003,43,13,0,10,0,10,10
MAHARASHTRA,NASIK COMMR.,2003,27,20,1,11,0,11,14
MAHARASHTRA,NASIK RURAL,2003,110,46,5,54,0,54,20
MAHARASHTRA,NAVI MUMBAI,2003,50,19,0,16,0,16,17
MAHARASHTRA,OSMANABAD,2003,38,16,2,12,0,12,7
MAHARASHTRA,PARBHANI,2003,52,30,1,13,0,13,12
MAHARASHTRA,PUNE COMMR.,2003,110,54,4,40,0,40,46
MAHARASHTRA,PUNE RLY.,2003,0,0,0,3,0,3,0
MAHARASHTRA,PUNE RURAL,2003,127,26,6,29,0,29,26
MAHARASHTRA,RAIGAD,2003,50,22,1,25,0,25,19
MAHARASHTRA,RATNAGIRI,2003,20,14,3,16,0,16,5
MAHARASHTRA,SANGLI,2003,78,24,5,47,0,47,24
MAHARASHTRA,SATARA,2003,61,20,0,17,0,17,14
MAHARASHTRA,SINDHUDURG,2003,14,4,1,8,0,8,8
MAHARASHTRA,SOLAPUR COMMR.,2003,22,15,2,15,0,15,15
MAHARASHTRA,SOLAPUR RURAL,2003,112,50,6,44,0,44,22
MAHARASHTRA,THANE COMMR.,2003,111,63,4,51,0,51,58
MAHARASHTRA,THANE RURAL,2003,149,49,7,51,0,51,32
MAHARASHTRA,WARDHA,2003,48,26,3,25,0,25,15
MAHARASHTRA,WASHIM,2003,27,24,1,15,0,15,13
MAHARASHTRA,YAVATMAL,2003,83,68,6,50,0,50,38
MAHARASHTRA,TOTAL,2003,2772,1412,113,1268,0,1268,926
MANIPUR,BISHNUPUR,2003,22,42,1,2,0,2,10
MANIPUR,CHANDEL,2003,17,6,0,0,0,0,3
MANIPUR,CHURACHANDPUR,2003,14,21,0,0,0,0,4
MANIPUR,IMPHAL(EAST),2003,25,32,1,3,0,3,18
MANIPUR,IMPHAL(WEST),2003,28,35,1,5,0,5,41
MANIPUR,SENAPATI,2003,17,13,2,0,0,0,7
MANIPUR,TAMENGLONG,2003,3,3,0,0,0,0,0
MANIPUR,THOUBAL,2003,22,42,1,8,0,8,34
MANIPUR,UKHRUL,2003,2,5,0,0,0,0,3
MANIPUR,TOTAL,2003,150,199,6,18,0,18,120
MEGHALAYA,GARO HILLS EAST,2003,14,16,1,1,0,1,7
MEGHALAYA,GARO HILLS SOUTH,2003,7,4,0,3,0,3,3
MEGHALAYA,GARO HILLS WEST,2003,24,8,12,6,0,6,18
MEGHALAYA,JAINTIA HILLS,2003,52,2,0,11,0,11,0
MEGHALAYA,KHASI HILLS EAST,2003,45,19,3,10,0,10,14
MEGHALAYA,KHASI HILLS WEST,2003,17,9,0,6,0,6,2
MEGHALAYA,RI-BHOI,2003,16,2,1,3,0,3,5
MEGHALAYA,TOTAL,2003,175,60,17,40,0,40,49
MIZORAM,AIZAWL,2003,14,24,1,24,0,24,4
MIZORAM,CHAMPHAI,2003,6,1,1,10,0,10,1
MIZORAM,KOLASIB,2003,5,2,1,5,0,5,2
MIZORAM,LAWNGTLAI,2003,6,3,0,1,0,1,0
MIZORAM,LUNGLEI,2003,6,2,0,6,0,6,0
MIZORAM,MAMIT,2003,2,2,0,1,0,1,0
MIZORAM,SAIHA,2003,6,1,0,4,0,4,1
MIZORAM,SERCHHIP,2003,1,1,0,3,0,3,0
MIZORAM,TOTAL,2003,46,36,3,54,0,54,8
NAGALAND,DIMAPUR,2003,15,2,3,2,0,2,12
NAGALAND,KIPHIRE,2003,1,0,0,1,0,1,1
NAGALAND,KOHIMA,2003,28,10,0,5,0,5,2
NAGALAND,MOKOKCHUNG,2003,8,3,1,1,0,1,10
NAGALAND,MON,2003,7,7,0,2,0,2,1
NAGALAND,PEREN,2003,4,0,2,1,0,1,4
NAGALAND,PHEK,2003,8,4,2,2,0,2,6
NAGALAND,TUENSANG,2003,9,1,0,0,0,0,0
NAGALAND,WOKHA,2003,5,6,0,0,0,0,2
NAGALAND,ZUNHEBOTO,2003,6,1,0,0,0,0,0
NAGALAND,TOTAL,2003,91,34,8,14,0,14,38
ODISHA,ANGUL,2003,42,50,1,20,0,20,9
ODISHA,BALASORE,2003,45,26,1,49,0,49,40
ODISHA,BARAGARH,2003,27,35,10,30,0,30,4
ODISHA,BERHAMPUR,2003,13,33,0,12,0,12,6
ODISHA,BHADRAK,2003,17,45,0,25,0,25,21
ODISHA,BOLANGIR,2003,24,48,0,25,0,25,4
ODISHA,BOUDH,2003,14,6,0,11,0,11,6
ODISHA,CUTTACK,2003,47,143,138,32,0,32,32
ODISHA,DEOGARH,2003,12,11,0,5,0,5,11
ODISHA,DHENKANAL,2003,34,46,0,9,0,9,9
ODISHA,GAJAPATI,2003,9,9,0,4,0,4,5
ODISHA,GANJAM,2003,54,88,4,17,0,17,9
ODISHA,JAGATSINGHPUR,2003,22,28,6,13,0,13,23
ODISHA,JAJPUR,2003,23,23,0,17,0,17,22
ODISHA,JHARSUGUDA,2003,22,9,2,15,0,15,8
ODISHA,KALAHANDI,2003,14,18,2,18,0,18,9
ODISHA,KANDHAMAL,2003,25,4,1,35,0,35,24
ODISHA,KENDRAPARA,2003,26,41,0,10,0,10,16
ODISHA,KEONJHAR,2003,76,33,4,37,0,37,25
ODISHA,KHURDA,2003,65,109,0,57,0,57,47
ODISHA,KORAPUT,2003,41,27,0,38,0,38,23
ODISHA,MALKANGIR,2003,31,16,9,17,0,17,5
ODISHA,MAYURBHANJ,2003,79,46,1,70,0,70,28
ODISHA,NAYAGARH,2003,28,34,2,15,0,15,18
ODISHA,NOWRANGPUR,2003,17,24,3,26,0,26,16
ODISHA,NUAPADA,2003,10,6,0,6,0,6,4
ODISHA,PURI,2003,49,125,0,39,0,39,19
ODISHA,RAYAGADA,2003,27,17,1,14,0,14,5
ODISHA,ROURKELA,2003,23,12,0,10,0,10,4
ODISHA,SAMBALPUR,2003,29,48,1,22,0,22,10
ODISHA,SONEPUR,2003,9,5,0,4,0,4,2
ODISHA,SRP(CUTTACK),2003,3,6,0,1,0,1,3
ODISHA,SRP(ROURKELA),2003,4,2,0,1,0,1,1
ODISHA,SUNDARGARH,2003,83,41,2,21,0,21,9
ODISHA,TOTAL,2003,1044,1214,188,725,0,725,477
PUNJAB,AMRITSAR,2003,49,31,3,11,0,11,38
PUNJAB,BARNALA,2003,16,23,3,15,0,15,12
PUNJAB,BATALA,2003,34,24,3,13,0,13,12
PUNJAB,BHATINDA,2003,51,24,2,15,0,15,16
PUNJAB,FARIDKOT,2003,12,8,2,10,0,10,7
PUNJAB,FATEHGARH SAHIB,2003,11,4,3,9,0,9,8
PUNJAB,FEROZEPUR,2003,51,65,5,30,0,30,20
PUNJAB,G.R.P,2003,10,2,2,1,0,1,1
PUNJAB,GURDASPUR,2003,23,19,4,15,0,15,5
PUNJAB,HOSHIARPUR,2003,38,22,2,30,0,30,27
PUNJAB,JAGRAON,2003,23,27,3,12,0,12,10
PUNJAB,JALANDHAR,2003,55,79,15,33,0,33,64
PUNJAB,KAPURTHALA,2003,22,14,3,11,0,11,11
PUNJAB,KHANNA,2003,18,15,0,7,0,7,10
PUNJAB,LUDHIANA,2003,64,66,5,38,0,38,85
PUNJAB,MAJITHA,2003,42,20,3,12,0,12,12
PUNJAB,MANSA,2003,17,22,2,11,0,11,7
PUNJAB,MOGA,2003,27,27,4,9,0,9,14
PUNJAB,MUKTSAR,2003,15,26,2,9,0,9,6
PUNJAB,NAWAN SHAHR,2003,15,25,0,14,0,14,15
PUNJAB,PATIALA,2003,49,32,7,33,0,33,36
PUNJAB,ROPAR,2003,24,14,2,10,0,10,19
PUNJAB,SANGRUR,2003,33,35,9,19,0,19,18
PUNJAB,TARN TARAN,2003,32,20,5,13,0,13,11
PUNJAB,TOTAL,2003,731,644,89,380,0,380,464
RAJASTHAN,AJMER,2003,47,61,3,36,0,36,100
RAJASTHAN,ALWAR,2003,80,134,0,50,0,50,81
RAJASTHAN,BANSWARA,2003,35,26,0,53,0,53,54
RAJASTHAN,BARAN,2003,25,90,2,50,0,50,66
RAJASTHAN,BARMER,2003,16,16,2,16,0,16,26
RAJASTHAN,BHARATPUR,2003,91,92,3,41,0,41,105
RAJASTHAN,BHILWARA,2003,24,56,0,42,0,42,148
RAJASTHAN,BIKANER,2003,50,88,0,27,0,27,41
RAJASTHAN,BUNDI,2003,28,100,3,42,0,42,69
RAJASTHAN,CHITTORGARH,2003,50,48,6,78,0,78,191
RAJASTHAN,CHURU,2003,29,34,1,22,0,22,29
RAJASTHAN,DAUSA,2003,33,17,0,17,0,17,40
RAJASTHAN,DHOLPUR,2003,40,67,1,20,0,20,32
RAJASTHAN,DUNGARPUR,2003,30,20,2,15,0,15,29
RAJASTHAN,G.R.P.,2003,5,8,1,0,0,0,3
RAJASTHAN,GANGANAGAR,2003,59,143,0,75,0,75,51
RAJASTHAN,HANUMANGARH,2003,59,92,1,56,0,56,32
RAJASTHAN,JAIPUR,2003,92,114,7,57,0,57,226
RAJASTHAN,JAISALMER,2003,3,0,0,3,0,3,10
RAJASTHAN,JALORE,2003,22,21,1,6,0,6,36
RAJASTHAN,JHALAWAR,2003,32,81,7,50,0,50,69
RAJASTHAN,JHUNJHUNU,2003,41,10,0,27,0,27,47
RAJASTHAN,JODHPUR,2003,39,68,5,34,0,34,96
RAJASTHAN,KARAULI,2003,28,27,0,34,0,34,76
RAJASTHAN,KOTA,2003,35,292,0,35,0,35,134
RAJASTHAN,NAGAUR,2003,45,30,0,32,0,32,40
RAJASTHAN,PALI,2003,38,54,4,27,0,27,80
RAJASTHAN,RAJSAMAND,2003,21,3,0,12,0,12,58
RAJASTHAN,SAWAI MADHOPUR,2003,24,32,1,21,0,21,42
RAJASTHAN,SIKAR,2003,33,20,1,15,0,15,41
RAJASTHAN,SIROHI,2003,27,29,0,11,0,11,35
RAJASTHAN,TONK,2003,20,27,5,11,0,11,60
RAJASTHAN,UDAIPUR,2003,61,77,5,35,0,35,91
RAJASTHAN,TOTAL,2003,1262,1977,61,1050,0,1050,2238
SIKKIM,EAST,2003,7,4,1,5,0,5,0
SIKKIM,NORTH,2003,1,0,0,2,0,2,0
SIKKIM,SOUTH,2003,3,1,1,1,0,1,0
SIKKIM,WEST,2003,3,2,1,2,0,2,0
SIKKIM,TOTAL,2003,14,7,3,10,0,10,0
TAMIL NADU,CHENGAI,2003,84,75,0,17,0,17,39
TAMIL NADU,CHENNAI,2003,71,279,4,38,1,37,34
TAMIL NADU,CHENNAI RLY.,2003,0,1,0,0,0,0,0
TAMIL NADU,COIMBATORE RURAL,2003,72,61,1,16,0,16,19
TAMIL NADU,COIMBATORE URBAN,2003,22,17,0,4,0,4,6
TAMIL NADU,CUDDALORE,2003,62,87,2,19,0,19,21
TAMIL NADU,DHARMAPURI,2003,90,58,2,23,0,23,41
TAMIL NADU,DINDIGUL,2003,62,35,0,18,0,18,23
TAMIL NADU,ERODE,2003,53,18,2,11,0,11,46
TAMIL NADU,KANCHIPURAM,2003,48,62,0,31,0,31,16
TAMIL NADU,KANYAKUMARI,2003,38,36,3,11,0,11,9
TAMIL NADU,KARUR,2003,26,14,0,3,0,3,13
TAMIL NADU,MADURAI RURAL,2003,48,73,1,22,0,22,31
TAMIL NADU,MADURAI URBAN,2003,27,39,1,7,0,7,24
TAMIL NADU,NAGAPATTINAM,2003,41,57,0,5,0,5,24
TAMIL NADU,NAMAKKAL,2003,31,24,0,7,0,7,22
TAMIL NADU,NILGIRIS,2003,18,17,0,9,0,9,3
TAMIL NADU,PERAMBALUR,2003,31,56,1,13,0,13,36
TAMIL NADU,PUDUKOTTAI,2003,32,21,0,8,0,8,21
TAMIL NADU,RAMNATHAPURAM,2003,26,23,0,10,0,10,15
TAMIL NADU,SALEM RURAL,2003,78,123,2,35,0,35,69
TAMIL NADU,SALEM URBAN,2003,15,18,0,11,0,11,9
TAMIL NADU,SIVAGANGAI,2003,24,33,1,4,0,4,25
TAMIL NADU,THANJAVUR,2003,60,78,0,14,0,14,53
TAMIL NADU,THENI,2003,35,47,0,6,0,6,7
TAMIL NADU,THIRUNELVELI RURAL,2003,54,76,0,43,0,43,30
TAMIL NADU,THIRUNELVELI URBAN,2003,12,38,0,4,0,4,10
TAMIL NADU,THIRUVALLUR,2003,25,47,0,14,0,14,23
TAMIL NADU,THIRUVANNAMALAI,2003,38,17,1,25,0,25,26
TAMIL NADU,THIRUVARUR,2003,14,38,2,9,0,9,11
TAMIL NADU,THOOTHUGUDI,2003,76,104,1,21,0,21,35
TAMIL NADU,TRICHY RLY.,2003,0,0,1,0,0,0,0
TAMIL NADU,TRICHY RURAL,2003,44,39,0,7,0,7,9
TAMIL NADU,TRICHY URBAN,2003,17,11,0,6,0,6,14
TAMIL NADU,VELLORE,2003,87,30,0,20,0,20,42
TAMIL NADU,VILLUPURAM,2003,77,54,3,39,0,39,52
TAMIL NADU,VIRUDHUNAGAR,2003,53,37,0,27,0,27,21
TAMIL NADU,TOTAL,2003,1591,1843,28,557,1,556,879
TRIPURA,DHALAI,2003,40,22,0,5,0,5,36
TRIPURA,NORTH,2003,40,15,0,36,0,36,35
TRIPURA,SOUTH,2003,38,20,0,37,0,37,18
TRIPURA,WEST,2003,136,30,0,36,0,36,57
TRIPURA,TOTAL,2003,254,87,0,114,0,114,146
UTTAR PRADESH,AGRA,2003,126,116,34,27,0,27,99
UTTAR PRADESH,ALIGARH,2003,156,167,42,24,0,24,92
UTTAR PRADESH,ALLAHABAD,2003,119,97,39,21,0,21,57
UTTAR PRADESH,AMBEDKAR NAGAR,2003,12,22,14,7,0,7,15
UTTAR PRADESH,AURAIYA,2003,32,16,17,4,0,4,24
UTTAR PRADESH,AZAMGARH,2003,89,62,21,6,0,6,26
UTTAR PRADESH,BADAUN,2003,182,137,34,31,0,31,73
UTTAR PRADESH,BAGHPAT,2003,81,33,4,12,0,12,17
UTTAR PRADESH,BAHRAICH,2003,41,21,24,5,0,5,12
UTTAR PRADESH,BALLIA,2003,32,36,32,2,0,2,5
UTTAR PRADESH,BALRAMPUR,2003,15,4,7,3,0,3,7
UTTAR PRADESH,BANDA,2003,49,23,12,10,0,10,10
UTTAR PRADESH,BARABANKI,2003,55,33,15,12,0,12,26
UTTAR PRADESH,BAREILLY,2003,194,122,40,32,0,32,70
UTTAR PRADESH,BASTI,2003,38,40,17,5,0,5,11
UTTAR PRADESH,BIJNOR,2003,81,35,17,20,0,20,33
UTTAR PRADESH,BULANDSHAHAR,2003,144,98,29,13,0,13,36
UTTAR PRADESH,CHANDOLI,2003,30,16,5,3,0,3,5
UTTAR PRADESH,CHITRAKOOT DHAM,2003,30,7,7,10,0,10,13
UTTAR PRADESH,DEORIA,2003,34,43,26,3,0,3,14
UTTAR PRADESH,ETAH,2003,137,141,26,18,0,18,55
UTTAR PRADESH,ETAWAH,2003,44,44,9,2,0,2,30
UTTAR PRADESH,FAIZABAD,2003,31,26,15,10,0,10,11
UTTAR PRADESH,FATEHGARH,2003,72,42,18,7,0,7,17
UTTAR PRADESH,FATEHPUR,2003,73,31,35,3,0,3,20
UTTAR PRADESH,FIROZABAD,2003,95,89,25,12,0,12,63
UTTAR PRADESH,G.R.P.,2003,19,12,4,3,0,3,3
UTTAR PRADESH,GAUTAMBUDH NAGAR,2003,66,44,9,10,0,10,27
UTTAR PRADESH,GHAZIABAD,2003,176,110,40,15,0,15,73
UTTAR PRADESH,GHAZIPUR,2003,48,37,18,2,0,2,8
UTTAR PRADESH,GONDA,2003,21,22,21,5,0,5,10
UTTAR PRADESH,GORAKHPUR,2003,82,64,39,13,0,13,37
UTTAR PRADESH,HAMIRPUR,2003,36,13,26,10,0,10,7
UTTAR PRADESH,HARDOI,2003,101,72,27,24,0,24,38
UTTAR PRADESH,HATHRAS,2003,52,76,9,21,0,21,38
UTTAR PRADESH,J.P.NAGAR,2003,62,28,11,6,0,6,20
UTTAR PRADESH,JALAUN,2003,68,23,13,6,0,6,23
UTTAR PRADESH,JAUNPUR,2003,33,32,31,4,0,4,16
UTTAR PRADESH,JHANSI,2003,54,23,14,4,0,4,20
UTTAR PRADESH,KANNAUJ,2003,64,38,16,4,0,4,29
UTTAR PRADESH,KANPUR DEHAT,2003,37,22,27,6,0,6,26
UTTAR PRADESH,KANPUR NAGAR,2003,187,107,38,24,0,24,84
UTTAR PRADESH,KAUSHAMBI,2003,56,19,11,17,0,17,8
UTTAR PRADESH,KHIRI,2003,99,89,31,28,0,28,48
UTTAR PRADESH,KUSHI NAGAR,2003,37,17,18,5,0,5,18
UTTAR PRADESH,LALITPUR,2003,12,5,8,5,0,5,5
UTTAR PRADESH,LUCKNOW,2003,176,100,34,38,0,38,118
UTTAR PRADESH,MAHARAJGANJ,2003,28,16,24,4,0,4,13
UTTAR PRADESH,MAHOBA,2003,32,19,10,2,0,2,7
UTTAR PRADESH,MAINPURI,2003,108,85,31,7,0,7,30
UTTAR PRADESH,MATHURA,2003,94,103,19,16,0,16,36
UTTAR PRADESH,MAU,2003,38,55,13,5,0,5,11
UTTAR PRADESH,MEERUT,2003,193,139,21,40,0,40,85
UTTAR PRADESH,MIRZAPUR,2003,31,27,11,6,0,6,11
UTTAR PRADESH,MORADABAD,2003,156,86,34,43,0,43,63
UTTAR PRADESH,MUZAFFARNAGAR,2003,186,107,46,32,0,32,74
UTTAR PRADESH,PILIBHIT,2003,63,62,14,21,0,21,36
UTTAR PRADESH,PRATAPGARH,2003,44,39,19,9,0,9,22
UTTAR PRADESH,RAIBAREILLY,2003,69,48,28,20,0,20,27
UTTAR PRADESH,RAMPUR,2003,63,49,17,13,0,13,24
UTTAR PRADESH,SAHARANPUR,2003,82,99,36,17,0,17,63
UTTAR PRADESH,SANT KABIRNAGAR,2003,19,12,4,0,0,0,5
UTTAR PRADESH,SHAHJAHANPUR,2003,162,118,36,17,0,17,65
UTTAR PRADESH,SHRAWASTI,2003,15,6,12,3,0,3,4
UTTAR PRADESH,SIDHARTHNAGAR,2003,10,14,9,2,0,2,7
UTTAR PRADESH,SITAPUR,2003,129,64,46,47,0,47,58
UTTAR PRADESH,SONBHADRA,2003,19,14,13,5,0,5,6
UTTAR PRADESH,ST.RAVIDASNAGAR,2003,18,9,6,2,0,2,2
UTTAR PRADESH,SULTANPUR,2003,62,56,21,18,0,18,22
UTTAR PRADESH,UNNAO,2003,111,64,19,23,0,23,22
UTTAR PRADESH,VARANASI,2003,74,48,27,7,0,7,18
UTTAR PRADESH,TOTAL,2003,5284,3793,1525,911,0,911,2208
UTTARAKHAND,ALMORA,2003,15,5,2,1,0,1,1
UTTARAKHAND,BAGESHWAR,2003,11,4,0,4,0,4,0
UTTARAKHAND,CHAMOLI,2003,9,9,0,4,0,4,3
UTTARAKHAND,CHAMPAWAT,2003,7,6,2,1,0,1,3
UTTARAKHAND,DEHRADUN,2003,31,43,5,16,0,16,30
UTTARAKHAND,HARIDWAR,2003,75,45,9,31,0,31,48
UTTARAKHAND,NAINITAL,2003,31,30,1,9,0,9,16
UTTARAKHAND,PAURI GARHWAL,2003,15,15,0,7,0,7,14
UTTARAKHAND,PITHORAGARH,2003,5,9,3,3,0,3,2
UTTARAKHAND,RUDRA PRAYAG,2003,8,4,0,2,0,2,3
UTTARAKHAND,TEHRI GARHWAL,2003,9,23,1,6,0,6,4
UTTARAKHAND,UDHAMSINGH NAGAR,2003,46,41,6,14,0,14,40
UTTARAKHAND,UTTARKASHI,2003,6,2,2,9,0,9,7
UTTARAKHAND,TOTAL,2003,268,236,31,107,0,107,171
WEST BENGAL,24 PARGANAS NORTH,2003,193,30,50,92,0,92,119
WEST BENGAL,24 PARGANAS SOUTH,2003,125,5,60,89,0,89,81
WEST BENGAL,ASANSOL,2003,28,5,5,8,0,8,11
WEST BENGAL,BANKURA,2003,41,13,11,43,0,43,11
WEST BENGAL,BIRBHUM,2003,51,13,25,48,0,48,35
WEST BENGAL,BURDWAN,2003,98,9,25,61,0,61,33
WEST BENGAL,COOCHBEHAR,2003,24,8,17,53,0,53,40
WEST BENGAL,DAKSHIN DINAJPUR,2003,22,12,12,31,0,31,32
WEST BENGAL,DARJEELING,2003,54,0,16,24,0,24,26
WEST BENGAL,HOOGHLY,2003,88,3,31,39,0,39,34
WEST BENGAL,HOWRAH,2003,25,6,15,9,0,9,11
WEST BENGAL,HOWRAH CITY,2003,18,5,12,6,0,6,12
WEST BENGAL,HOWRAH G.R.P.,2003,11,3,0,0,0,0,3
WEST BENGAL,JALPAIGURI,2003,108,32,56,60,0,60,29
WEST BENGAL,KHARAGPUR G.R.P.,2003,2,1,0,0,0,0,0
WEST BENGAL,KOLKATA,2003,52,123,13,36,0,36,108
WEST BENGAL,MALDA,2003,48,49,20,57,0,57,24
WEST BENGAL,MURSHIDABAD,2003,116,16,42,106,0,106,91
WEST BENGAL,NADIA,2003,93,0,7,108,0,108,59
WEST BENGAL,PASCHIM MIDNAPUR,2003,77,58,27,50,0,50,45
WEST BENGAL,PURAB MIDNAPUR,2003,43,0,12,33,0,33,52
WEST BENGAL,PURULIA,2003,46,0,10,25,0,25,16
WEST BENGAL,SEALDAH G.R.P.,2003,22,3,3,0,0,0,3
WEST BENGAL,SILIGURI G.R.P.,2003,6,0,0,0,0,0,2
WEST BENGAL,UTTAR DINAJPUR,2003,34,6,15,24,0,24,25
WEST BENGAL,TOTAL,2003,1425,400,484,1002,0,1002,902
A & N ISLANDS,ANDAMAN,2003,16,4,1,2,0,2,2
A & N ISLANDS,NICOBAR,2003,5,0,0,0,0,0,0
A & N ISLANDS,TOTAL,2003,21,4,1,2,0,2,2
CHANDIGARH,CHANDIGARH,2003,21,15,2,18,0,18,32
CHANDIGARH,TOTAL,2003,21,15,2,18,0,18,32
D & N HAVELI,D and N HAVELI,2003,11,5,0,1,0,1,7
D & N HAVELI,TOTAL,2003,11,5,0,1,0,1,7
DAMAN & DIU,DAMAN,2003,6,3,0,4,0,4,1
DAMAN & DIU,DIU,2003,0,0,0,1,0,1,0
DAMAN & DIU,TOTAL,2003,6,3,0,5,0,5,1
DELHI UT,CENTRAL,2003,29,20,6,20,0,20,63
DELHI UT,DELHI UT TOTAL,2003,485,407,65,490,0,490,1156
DELHI UT,EAST,2003,44,38,6,37,0,37,158
DELHI UT,G.R.P.(RLY),2003,8,4,2,0,0,0,6
DELHI UT,I.G.I. AIRPORT,2003,2,2,0,0,0,0,2
DELHI UT,NEW DELHI,2003,7,5,1,8,0,8,24
DELHI UT,NORTH,2003,32,23,12,34,0,34,63
DELHI UT,NORTH EAST,2003,54,64,5,53,0,53,182
DELHI UT,NORTH WEST,2003,106,101,12,128,0,128,301
DELHI UT,S.T.F.,2003,0,2,0,0,0,0,0
DELHI UT,SOUTH,2003,86,52,10,83,0,83,134
DELHI UT,SOUTH WEST,2003,45,45,5,57,0,57,118
DELHI UT,WEST,2003,72,51,6,70,0,70,105
LAKSHADWEEP,LAKSHADWEEP,2003,0,0,0,2,0,2,0
LAKSHADWEEP,TOTAL,2003,0,0,0,2,0,2,0
PUDUCHERRY,PONDICHERRY,2003,29,32,0,2,0,2,18
PUDUCHERRY,TOTAL,2003,29,32,0,2,0,2,18
ANDHRA PRADESH,ADILABAD,2004,113,83,11,50,0,50,48
ANDHRA PRADESH,ANANTAPUR,2004,152,79,5,20,0,20,51
ANDHRA PRADESH,CHITTOOR,2004,105,52,1,28,0,28,69
ANDHRA PRADESH,CUDDAPAH,2004,96,58,0,14,0,14,39
ANDHRA PRADESH,CYBERABAD,2004,145,74,8,40,0,40,69
ANDHRA PRADESH,EAST GODAVARI,2004,96,101,1,31,0,31,47
ANDHRA PRADESH,GUNTAKAL RLY.,2004,8,1,0,0,0,0,0
ANDHRA PRADESH,GUNTUR,2004,163,96,0,46,0,46,88
ANDHRA PRADESH,HYDERABAD CITY,2004,121,135,1,56,0,56,136
ANDHRA PRADESH,KARIMNAGAR,2004,123,93,9,85,0,85,124
ANDHRA PRADESH,KHAMMAM,2004,108,52,4,43,0,43,70
ANDHRA PRADESH,KRISHNA,2004,60,57,1,33,0,33,28
ANDHRA PRADESH,KURNOOL,2004,112,96,3,29,0,29,46
ANDHRA PRADESH,MAHABOOBNAGAR,2004,183,87,23,56,0,56,63
ANDHRA PRADESH,MEDAK,2004,127,36,10,52,0,52,49
ANDHRA PRADESH,NALGONDA,2004,118,59,5,46,0,46,72
ANDHRA PRADESH,NELLORE,2004,94,248,13,107,0,107,72
ANDHRA PRADESH,NIZAMABAD,2004,96,54,27,24,0,24,56
ANDHRA PRADESH,PRAKASHAM,2004,103,93,4,19,0,19,44
ANDHRA PRADESH,RANGA REDDY,2004,73,39,6,25,0,25,26
ANDHRA PRADESH,SECUNDERABAD RLY.,2004,8,4,0,0,0,0,0
ANDHRA PRADESH,SRIKAKULAM,2004,26,30,14,15,0,15,15
ANDHRA PRADESH,VIJAYAWADA,2004,46,43,1,19,0,19,76
ANDHRA PRADESH,VIJAYAWADA RLY.,2004,1,1,0,0,0,0,0
ANDHRA PRADESH,VISAKHA RURAL,2004,50,18,1,18,0,18,12
ANDHRA PRADESH,VISAKHAPATNAM,2004,27,27,3,12,0,12,27
ANDHRA PRADESH,VIZIANAGARAM,2004,42,17,2,14,0,14,8
ANDHRA PRADESH,WARANGAL,2004,111,67,7,53,0,53,125
ANDHRA PRADESH,WEST GODAVARI,2004,72,108,3,81,0,81,66
ANDHRA PRADESH,TOTAL,2004,2579,1908,163,1016,0,1016,1526
ARUNACHAL PRADESH,CHANGLANG,2004,8,3,1,9,0,9,7
ARUNACHAL PRADESH,DIBANG VALLEY,2004,1,10,0,3,0,3,3
ARUNACHAL PRADESH,K/KUMEY,2004,5,0,0,0,0,0,1
ARUNACHAL PRADESH,KAMENG EAST,2004,4,1,0,0,0,0,2
ARUNACHAL PRADESH,KAMENG WEST,2004,3,0,0,2,0,2,4
ARUNACHAL PRADESH,LOHIT,2004,10,2,0,5,0,5,7
ARUNACHAL PRADESH,PAPUM PARE,2004,7,4,0,4,0,4,8
ARUNACHAL PRADESH,SIANG EAST,2004,1,2,0,11,0,11,14
ARUNACHAL PRADESH,SIANG UPPER,2004,1,4,0,1,0,1,0
ARUNACHAL PRADESH,SIANG WEST,2004,3,8,0,6,0,6,10
ARUNACHAL PRADESH,SUBANSIRI LOWER,2004,8,2,0,0,0,0,1
ARUNACHAL PRADESH,SUBANSIRI UPPER,2004,10,6,0,0,0,0,4
ARUNACHAL PRADESH,TAWANG,2004,0,2,0,0,0,0,0
ARUNACHAL PRADESH,TIRAP,2004,3,1,0,1,0,1,4
ARUNACHAL PRADESH,UPPER DIBANG VALLEY,2004,3,0,0,0,0,0,0
ARUNACHAL PRADESH,TOTAL,2004,67,45,1,42,0,42,65
ASSAM,BARPETA,2004,48,6,1,50,0,50,74
ASSAM,BONGAIGAON,2004,36,2,0,41,0,41,52
ASSAM,C.I.D.,2004,0,0,0,0,0,0,0
ASSAM,CACHAR,2004,46,30,3,46,0,46,112
ASSAM,DARRANG,2004,69,16,1,55,0,55,59
ASSAM,DHEMAJI,2004,17,17,0,53,0,53,53
ASSAM,DHUBRI,2004,53,15,1,79,0,79,75
ASSAM,DIBRUGARH,2004,125,19,3,58,0,58,88
ASSAM,G.R.P.,2004,17,0,0,2,0,2,3
ASSAM,GOALPARA,2004,35,0,0,50,0,50,53
ASSAM,GOLAGHAT,2004,71,11,9,62,0,62,91
ASSAM,GUWAHATI CITY,2004,21,39,15,88,0,88,295
ASSAM,HAILAKANDI,2004,25,18,1,18,0,18,32
ASSAM,JORHAT,2004,38,8,0,32,0,32,34
ASSAM,KAMRUP,2004,15,13,6,59,0,59,193
ASSAM,KARBI ANGLONG,2004,57,5,0,14,0,14,20
ASSAM,KARIMGANJ,2004,40,29,0,32,0,32,36
ASSAM,KOKRAJHAR,2004,63,21,3,33,0,33,31
ASSAM,LAKHIMPUR,2004,31,20,2,56,0,56,97
ASSAM,MORIGAON,2004,19,0,0,36,0,36,43
ASSAM,N.C.HILLS,2004,7,9,1,1,0,1,9
ASSAM,NAGAON,2004,79,44,1,91,0,91,139
ASSAM,NALBARI,2004,37,24,2,29,0,29,61
ASSAM,R.P.O.,2004,6,0,0,5,0,5,0
ASSAM,SIBSAGAR,2004,55,12,1,49,0,49,81
ASSAM,SONITPUR,2004,87,30,2,87,0,87,108
ASSAM,TINSUKIA,2004,117,22,11,45,0,45,67
ASSAM,TOTAL,2004,1214,410,63,1171,0,1171,1906
BIHAR,ARARIA,2004,66,59,12,34,0,34,84
BIHAR,ARWAL,2004,36,8,0,2,0,2,9
BIHAR,AURANGABAD,2004,77,0,0,18,0,18,31
BIHAR,BAGAHA,2004,49,92,3,23,0,23,88
BIHAR,BANKA,2004,71,12,4,44,0,44,40
BIHAR,BEGUSARAI,2004,107,103,6,23,0,23,123
BIHAR,BETTIAH,2004,108,62,9,128,0,128,226
BIHAR,BHABHUA,2004,59,14,3,20,1,19,47
BIHAR,BHAGALPUR,2004,133,88,6,63,0,63,95
BIHAR,BHOJPUR,2004,108,211,3,9,0,9,30
BIHAR,BUXAR,2004,70,65,2,13,0,13,51
BIHAR,DARBHANGA,2004,55,20,11,59,0,59,60
BIHAR,GAYA,2004,163,178,15,19,0,19,70
BIHAR,GOPALGANJ,2004,77,132,8,39,0,39,78
BIHAR,JAMALPUR RLY.,2004,10,6,0,0,0,0,1
BIHAR,JAMUI,2004,79,74,0,31,0,31,71
BIHAR,JEHANABAD,2004,68,50,2,6,0,6,38
BIHAR,KATIHAR,2004,71,22,7,79,0,79,71
BIHAR,KATIHAR RLY.,2004,10,0,0,2,0,2,5
BIHAR,KHAGARIA,2004,50,88,5,18,0,18,43
BIHAR,KISHANGANJ,2004,26,12,8,32,0,32,80
BIHAR,LAKHISARAI,2004,63,87,4,13,0,13,50
BIHAR,MADHEPURA,2004,58,23,4,11,0,11,23
BIHAR,MADHUBANI,2004,60,91,0,61,0,61,69
BIHAR,MOTIHARI,2004,120,69,8,29,0,29,129
BIHAR,MUNGER,2004,64,30,1,11,0,11,43
BIHAR,MUZAFFARPUR,2004,180,17,18,166,0,166,300
BIHAR,MUZAFFARPUR RLY.,2004,20,3,1,2,0,2,10
BIHAR,NALANDA,2004,220,139,15,43,0,43,144
BIHAR,NAUGACHIA,2004,50,37,1,7,0,7,27
BIHAR,NAWADAH,2004,78,101,7,37,0,37,67
BIHAR,PATNA,2004,542,188,46,46,0,46,270
BIHAR,PATNA RLY.,2004,21,14,4,2,0,2,5
BIHAR,PURNEA,2004,128,41,6,62,0,62,76
BIHAR,ROHTAS,2004,130,215,10,12,0,12,44
BIHAR,SAHARSA,2004,48,100,3,21,0,21,47
BIHAR,SAMASTIPUR,2004,118,145,21,28,0,28,123
BIHAR,SARAN,2004,160,44,6,17,0,17,159
BIHAR,SHEIKHPURA,2004,44,40,0,3,0,3,20
BIHAR,SHEOHAR,2004,9,31,1,13,0,13,8
BIHAR,SITAMARHI,2004,80,26,2,70,0,70,112
BIHAR,SIWAN,2004,125,57,9,7,0,7,104
BIHAR,SUPAUL,2004,38,49,1,25,0,25,25
BIHAR,VAISHALI,2004,99,152,8,42,0,42,217
BIHAR,TOTAL,2004,3948,2995,280,1390,1,1389,3413
CHHATTISGARH,BALRAMPUR,2004,33,20,8,27,0,27,6
CHHATTISGARH,BILASPUR,2004,83,53,3,61,0,61,21
CHHATTISGARH,BIZAPUR,2004,24,59,0,3,0,3,1
CHHATTISGARH,DANTEWARA,2004,70,51,0,11,0,11,8
CHHATTISGARH,DHAMTARI,2004,18,8,0,37,0,37,5
CHHATTISGARH,DURG,2004,55,58,0,124,0,124,41
CHHATTISGARH,GRP RAIPUR,2004,2,5,2,2,0,2,2
CHHATTISGARH,JAGDALPUR,2004,63,33,0,82,0,82,20
CHHATTISGARH,JANJGIR,2004,55,39,1,30,0,30,8
CHHATTISGARH,JASHPUR,2004,46,14,0,56,0,56,4
CHHATTISGARH,KABIRDHAM,2004,13,13,1,22,0,22,7
CHHATTISGARH,KANKER,2004,48,45,0,22,0,22,12
CHHATTISGARH,KORBA,2004,46,15,4,34,0,34,6
CHHATTISGARH,KORIYA,2004,33,18,0,50,0,50,4
CHHATTISGARH,MAHASAMUND,2004,22,11,1,35,0,35,3
CHHATTISGARH,NARAYANPUR,2004,21,26,0,1,0,1,1
CHHATTISGARH,RAIGARH,2004,55,25,0,45,0,45,17
CHHATTISGARH,RAIPUR,2004,84,59,4,143,0,143,31
CHHATTISGARH,RAJNANDGAON,2004,45,20,0,61,0,61,4
CHHATTISGARH,SARGUJA,2004,111,47,1,123,0,123,13
CHHATTISGARH,TOTAL,2004,927,619,25,969,0,969,214
GOA,NORTH GOA,2004,23,3,3,13,0,13,3
GOA,SOUTH GOA,2004,17,3,2,24,0,24,10
GOA,TOTAL,2004,40,6,5,37,0,37,13
GUJARAT,AHMEDABAD COMMR.,2004,92,62,5,40,0,40,215
GUJARAT,AHMEDABAD RURAL,2004,26,7,0,12,0,12,32
GUJARAT,AHWA-DANG,2004,4,0,0,2,0,2,0
GUJARAT,AMRELI,2004,28,14,1,5,0,5,26
GUJARAT,ANAND,2004,21,12,2,12,0,12,41
GUJARAT,BHARUCH,2004,38,7,1,14,0,14,21
GUJARAT,BHAVNAGAR,2004,53,21,0,22,0,22,71
GUJARAT,DAHOD,2004,44,10,1,9,0,9,28
GUJARAT,GANDHINAGAR,2004,25,14,0,8,0,8,15
GUJARAT,HIMATNAGAR,2004,35,20,0,10,0,10,47
GUJARAT,JAMNAGAR,2004,42,13,3,8,0,8,32
GUJARAT,JUNAGADH,2004,40,31,0,9,0,9,57
GUJARAT,KHEDA NORTH,2004,53,9,3,8,0,8,24
GUJARAT,KUTCH,2004,28,20,0,13,0,13,37
GUJARAT,MEHSANA,2004,40,26,1,4,0,4,54
GUJARAT,NARMADA,2004,15,3,0,6,0,6,8
GUJARAT,NAVSARI,2004,26,2,0,5,0,5,7
GUJARAT,PALANPUR,2004,38,21,0,21,0,21,37
GUJARAT,PANCHMAHAL,2004,51,13,0,7,0,7,28
GUJARAT,PATAN,2004,19,16,0,6,0,6,29
GUJARAT,PORBANDAR,2004,11,9,0,1,0,1,7
GUJARAT,RAJKOT COMMR.,2004,37,16,0,9,0,9,39
GUJARAT,RAJKOT RURAL,2004,36,22,0,17,0,17,41
GUJARAT,SURAT COMMR.,2004,74,8,5,24,0,24,72
GUJARAT,SURAT RURAL,2004,47,12,0,14,0,14,13
GUJARAT,SURENDRANAGAR,2004,28,22,0,13,0,13,27
GUJARAT,VADODARA COMMR.,2004,28,33,0,6,0,6,44
GUJARAT,VADODARA RURAL,2004,85,9,5,22,0,22,56
GUJARAT,VALSAD,2004,36,13,0,9,0,9,22
GUJARAT,W.RLY,2004,13,4,0,3,0,3,3
GUJARAT,TOTAL,2004,1113,469,27,339,0,339,1133
HARYANA,AMBALA,2004,28,10,5,10,0,10,22
HARYANA,BHIWANI,2004,51,26,1,28,0,28,19
HARYANA,FARIDABAD,2004,67,31,6,42,0,42,66
HARYANA,FATEHABAD,2004,29,12,0,9,0,9,17
HARYANA,GRP,2004,27,4,0,2,0,2,3
HARYANA,GURGAON,2004,66,40,6,36,0,36,55
HARYANA,HISSAR,2004,49,52,1,16,0,16,43
HARYANA,JHAJJAR,2004,42,27,0,11,0,11,11
HARYANA,JIND,2004,28,16,17,7,0,7,9
HARYANA,KAITHAL,2004,25,16,2,18,0,18,13
HARYANA,KARNAL,2004,40,28,3,31,0,31,15
HARYANA,KURUKSHETRA,2004,26,12,4,21,0,21,11
HARYANA,MAHENDRAGARH,2004,16,10,0,20,0,20,13
HARYANA,PANCHKULA,2004,7,4,1,6,0,6,6
HARYANA,PANIPAT,2004,37,22,6,38,0,38,19
HARYANA,REWARI,2004,17,14,0,16,0,16,24
HARYANA,ROHTAK,2004,65,39,2,29,0,29,19
HARYANA,SIRSA,2004,25,29,2,17,0,17,16
HARYANA,SONIPAT,2004,67,34,4,13,0,13,25
HARYANA,YAMUNANAGAR,2004,21,15,5,16,0,16,17
HARYANA,TOTAL,2004,733,441,65,386,0,386,423
HIMACHAL PRADESH,BILASPUR,2004,9,11,0,10,0,10,8
HIMACHAL PRADESH,CHAMBA,2004,8,5,1,14,0,14,22
HIMACHAL PRADESH,G.R.P.,2004,0,0,0,0,0,0,0
HIMACHAL PRADESH,HAMIRPUR,2004,9,8,1,5,0,5,10
HIMACHAL PRADESH,KANGRA,2004,18,15,3,15,0,15,15
HIMACHAL PRADESH,KINNAUR,2004,3,1,0,8,0,8,3
HIMACHAL PRADESH,KULLU,2004,9,4,0,13,0,13,13
HIMACHAL PRADESH,LAHAUL-SPITI,2004,2,0,0,0,0,0,0
HIMACHAL PRADESH,MANDI,2004,19,7,1,15,0,15,7
HIMACHAL PRADESH,SHIMLA,2004,10,10,2,34,0,34,16
HIMACHAL PRADESH,SIRMAUR,2004,9,3,1,9,0,9,13
HIMACHAL PRADESH,SOLAN,2004,4,7,3,20,0,20,9
HIMACHAL PRADESH,UNA,2004,10,6,0,10,0,10,7
HIMACHAL PRADESH,TOTAL,2004,110,77,12,153,0,153,123
JAMMU & KASHMIR,ANANTNAG,2004,70,109,1,17,0,17,60
JAMMU & KASHMIR,AWANTIPORA,2004,18,3,0,8,0,8,12
JAMMU & KASHMIR,BARAMULLA,2004,86,83,2,15,0,15,87
JAMMU & KASHMIR,BORDER,2004,7,12,0,4,0,4,11
JAMMU & KASHMIR,BUDGAM,2004,60,38,3,6,0,6,61
JAMMU & KASHMIR,CRIME JAMMU,2004,0,0,0,0,0,0,0
JAMMU & KASHMIR,CRIME SRINAGAR,2004,0,0,0,0,0,0,0
JAMMU & KASHMIR,DODA,2004,83,83,0,4,0,4,20
JAMMU & KASHMIR,GANDERBAL,2004,15,7,2,12,0,12,34
JAMMU & KASHMIR,HANDWARA,2004,25,38,0,7,0,7,34
JAMMU & KASHMIR,JAMMU,2004,28,61,8,19,0,19,54
JAMMU & KASHMIR,KARGIL,2004,1,2,0,1,0,1,1
JAMMU & KASHMIR,KATHUA,2004,17,30,0,10,0,10,24
JAMMU & KASHMIR,KULGAM,2004,48,4,2,11,0,11,42
JAMMU & KASHMIR,KUPWARA,2004,31,84,1,20,0,20,46
JAMMU & KASHMIR,LEH,2004,2,0,0,3,0,3,4
JAMMU & KASHMIR,POONCH,2004,80,121,0,11,0,11,18
JAMMU & KASHMIR,PULWAMA,2004,54,97,0,0,0,0,47
JAMMU & KASHMIR,RAILWAYS,2004,1,0,0,1,0,1,0
JAMMU & KASHMIR,RAJOURI,2004,54,96,3,22,0,22,34
JAMMU & KASHMIR,RAMBAN,2004,48,57,1,7,0,7,12
JAMMU & KASHMIR,REASI,2004,34,37,3,5,0,5,11
JAMMU & KASHMIR,SRINAGAR,2004,45,130,2,24,0,24,115
JAMMU & KASHMIR,UDHAMPUR,2004,9,20,1,11,0,11,8
JAMMU & KASHMIR,TOTAL,2004,816,1112,29,218,0,218,735
JHARKHAND,BOKARO,2004,58,108,2,48,0,48,40
JHARKHAND,CHAIBASA,2004,134,42,38,37,0,37,19
JHARKHAND,CHATRA,2004,31,4,0,18,0,18,4
JHARKHAND,DEOGHAR,2004,36,34,4,37,0,37,5
JHARKHAND,DHANBAD,2004,88,42,13,38,0,38,72
JHARKHAND,DHANBAD RLY.,2004,5,0,0,2,0,2,2
JHARKHAND,DUMKA,2004,67,149,4,50,0,50,15
JHARKHAND,GARHWA,2004,39,17,3,32,0,32,9
JHARKHAND,GIRIDIH,2004,72,27,4,39,0,39,23
JHARKHAND,GODDA,2004,31,36,0,86,0,86,21
JHARKHAND,GUMLA,2004,108,32,8,31,0,31,9
JHARKHAND,HAZARIBAGH,2004,86,59,11,71,0,71,33
JHARKHAND,JAMSHEDPUR,2004,81,180,9,76,0,76,50
JHARKHAND,JAMSHEDPUR RLY.,2004,2,0,0,1,0,1,1
JHARKHAND,JAMTARA,2004,18,33,2,25,0,25,13
JHARKHAND,KODERMA,2004,30,25,0,6,0,6,13
JHARKHAND,LATEHAR,2004,43,14,2,12,0,12,8
JHARKHAND,LOHARDAGGA,2004,44,9,1,14,0,14,2
JHARKHAND,PAKUR,2004,37,7,4,37,0,37,6
JHARKHAND,PALAMU,2004,69,48,3,14,0,14,16
JHARKHAND,RANCHI,2004,270,161,0,55,0,55,67
JHARKHAND,SAHEBGANJ,2004,45,58,2,26,0,26,22
JHARKHAND,SARAIKELA,2004,51,36,2,26,0,26,16
JHARKHAND,SIMDEGA,2004,43,22,3,16,0,16,2
JHARKHAND,TOTAL,2004,1488,1143,115,797,0,797,468
KARNATAKA,BAGALKOT,2004,38,39,1,3,0,3,24
KARNATAKA,BANGALORE COMMR.,2004,214,285,2,32,0,32,175
KARNATAKA,BANGALORE RURAL,2004,152,88,2,29,0,29,42
KARNATAKA,BELGAUM,2004,106,81,2,5,0,5,26
KARNATAKA,BELLARY,2004,42,31,1,5,0,5,17
KARNATAKA,BIDAR,2004,40,94,1,8,0,8,25
KARNATAKA,BIJAPUR,2004,66,49,4,8,0,8,21
KARNATAKA,CHAMARAJNAGAR,2004,23,16,3,7,0,7,9
KARNATAKA,CHICKMAGALUR,2004,29,37,3,7,0,7,13
KARNATAKA,CHITRADURGA,2004,32,32,4,16,0,16,7
KARNATAKA,DAKSHIN KANNADA,2004,24,25,2,12,0,12,13
KARNATAKA,DAVANAGERE,2004,38,14,4,8,0,8,10
KARNATAKA,DHARWAD COMMR.,2004,17,17,0,1,0,1,10
KARNATAKA,DHARWAD RURAL,2004,26,15,2,3,0,3,3
KARNATAKA,GADAG,2004,16,17,2,1,0,1,5
KARNATAKA,GULBARGA,2004,102,133,4,23,1,22,40
KARNATAKA,HASSAN,2004,61,57,0,16,0,16,19
KARNATAKA,HAVERI,2004,25,11,0,9,0,9,7
KARNATAKA,K.G.F.,2004,16,11,1,2,0,2,8
KARNATAKA,KODAGU,2004,21,22,0,8,0,8,3
KARNATAKA,KOLAR,2004,59,41,0,16,0,16,28
KARNATAKA,KOPPAL,2004,25,9,1,8,0,8,4
KARNATAKA,MANDYA,2004,58,50,0,15,0,15,8
KARNATAKA,MYSORE COMMR.,2004,29,24,1,4,0,4,7
KARNATAKA,MYSORE RURAL,2004,44,19,2,11,0,11,11
KARNATAKA,RAICHUR,2004,43,34,11,6,0,6,11
KARNATAKA,RAILWAYS,2004,20,2,0,0,0,0,4
KARNATAKA,SHIMOGA,2004,48,40,1,11,0,11,22
KARNATAKA,TUMKUR,2004,65,56,1,15,0,15,8
KARNATAKA,UDUPI,2004,16,22,2,0,0,0,8
KARNATAKA,UTTAR KANNADA,2004,24,16,0,2,0,2,4
KARNATAKA,TOTAL,2004,1519,1387,57,291,1,290,592
KERALA,ALAPUZHA,2004,18,15,2,12,0,12,11
KERALA,CBCID,2004,22,4,3,0,0,0,0
KERALA,ERNAKULAM COMMR.,2004,13,21,11,7,0,7,18
KERALA,ERNAKULAM RURAL,2004,31,24,17,21,0,21,10
KERALA,IDUKKI,2004,34,13,5,15,0,15,10
KERALA,KANNUR,2004,23,21,12,33,0,33,4
KERALA,KASARGOD,2004,14,19,11,29,0,29,4
KERALA,KOLLAM,2004,46,26,148,55,0,55,20
KERALA,KOTTAYAM,2004,18,7,6,28,0,28,13
KERALA,KOZHIKODE COMMR.,2004,8,20,24,13,0,13,15
KERALA,KOZHIKODE RURAL,2004,9,22,46,30,0,30,10
KERALA,MALAPPURAM,2004,23,25,31,57,0,57,10
KERALA,PALAKKAD,2004,34,45,43,36,0,36,13
KERALA,PATHANAMTHITTA,2004,18,16,12,18,0,18,19
KERALA,RAILWAYS,2004,3,0,0,0,0,0,1
KERALA,THRISSUR,2004,41,52,56,41,0,41,22
KERALA,TRIVANDRUM COMMR.,2004,15,27,8,18,0,18,21
KERALA,TRIVANDRUM RURAL,2004,36,27,32,42,0,42,28
KERALA,WAYANADU,2004,11,7,6,25,0,25,3
KERALA,TOTAL,2004,417,391,473,480,0,480,232
MADHYA PRADESH,ANUPPUR,2004,24,4,0,28,0,28,4
MADHYA PRADESH,ASHOK NAGAR,2004,22,28,5,35,0,35,3
MADHYA PRADESH,BALAGHAT,2004,74,22,2,86,0,86,10
MADHYA PRADESH,BARWANI,2004,29,31,3,30,0,30,1
MADHYA PRADESH,BETUL,2004,59,43,2,110,0,110,17
MADHYA PRADESH,BHIND,2004,57,126,3,29,0,29,33
MADHYA PRADESH,BHOPAL,2004,71,91,0,84,0,84,43
MADHYA PRADESH,BHOPAL RLY.,2004,6,5,0,1,0,1,1
MADHYA PRADESH,BURHANPUR,2004,22,18,3,18,0,18,2
MADHYA PRADESH,CHHATARPUR,2004,56,44,2,62,0,62,19
MADHYA PRADESH,CHHINDWARA,2004,66,28,2,132,0,132,15
MADHYA PRADESH,DAMOH,2004,49,58,0,54,0,54,9
MADHYA PRADESH,DATIYA,2004,60,54,0,25,0,25,18
MADHYA PRADESH,DEWAS,2004,48,93,0,82,0,82,30
MADHYA PRADESH,DHAR,2004,100,78,0,109,0,109,30
MADHYA PRADESH,DINDORI,2004,14,13,1,34,0,34,3
MADHYA PRADESH,GUNA,2004,45,32,8,78,0,78,6
MADHYA PRADESH,GWALIOR,2004,86,145,13,58,0,58,52
MADHYA PRADESH,HARDA,2004,15,17,0,31,0,31,3
MADHYA PRADESH,HOSHANGABAD,2004,50,63,76,51,0,51,20
MADHYA PRADESH,INDORE,2004,107,136,6,97,0,97,47
MADHYA PRADESH,INDORE RLY.,2004,3,0,2,1,0,1,0
MADHYA PRADESH,JABALPUR,2004,84,178,0,102,0,102,39
MADHYA PRADESH,JABALPUR RLY.,2004,4,3,0,7,0,7,0
MADHYA PRADESH,JHABUA,2004,139,87,2,22,0,22,43
MADHYA PRADESH,KATNI,2004,33,18,2,30,0,30,4
MADHYA PRADESH,KHANDWA,2004,36,38,0,57,0,57,14
MADHYA PRADESH,KHARGON,2004,32,39,4,63,0,63,18
MADHYA PRADESH,MANDLA,2004,22,11,0,44,0,44,4
MADHYA PRADESH,MANDSAUR,2004,27,35,0,40,0,40,17
MADHYA PRADESH,MORENA,2004,66,144,3,55,0,55,15
MADHYA PRADESH,NARSINGHPUR,2004,33,49,0,42,0,42,4
MADHYA PRADESH,NEEMUCH,2004,18,23,1,23,0,23,6
MADHYA PRADESH,PANNA,2004,41,37,1,34,0,34,10
MADHYA PRADESH,RAISEN,2004,44,55,0,67,0,67,11
MADHYA PRADESH,RAJGARH,2004,30,45,2,98,0,98,19
MADHYA PRADESH,RATLAM,2004,42,35,2,71,0,71,19
MADHYA PRADESH,REWA,2004,65,28,0,52,0,52,36
MADHYA PRADESH,SAGAR,2004,69,89,0,141,0,141,30
MADHYA PRADESH,SATNA,2004,60,65,2,64,0,64,17
MADHYA PRADESH,SEONI,2004,21,24,3,74,0,74,10
MADHYA PRADESH,SHAHDOL,2004,36,18,0,47,0,47,10
MADHYA PRADESH,SHAJAPUR,2004,40,53,1,74,0,74,15
MADHYA PRADESH,SHEOPUR,2004,12,14,0,21,0,21,5
MADHYA PRADESH,SHIVPURI,2004,78,49,0,61,0,61,28
MADHYA PRADESH,SIDHI,2004,61,19,2,51,0,51,27
MADHYA PRADESH,SIHORE,2004,31,30,1,62,0,62,5
MADHYA PRADESH,TIKAMGARH,2004,59,42,0,43,0,43,11
MADHYA PRADESH,UJJAIN,2004,62,136,0,65,0,65,36
MADHYA PRADESH,UMARIYA,2004,23,14,32,30,0,30,2
MADHYA PRADESH,VIDISHA,2004,48,56,2,100,0,100,11
MADHYA PRADESH,TOTAL,2004,2379,2563,188,2875,0,2875,832
MAHARASHTRA,AHMEDNAGAR,2004,98,57,0,41,0,41,25
MAHARASHTRA,AKOLA,2004,55,45,0,38,0,38,23
MAHARASHTRA,AMRAVATI COMMR.,2004,19,20,4,17,0,17,21
MAHARASHTRA,AMRAVATI RURAL,2004,60,28,7,56,0,56,20
MAHARASHTRA,AURANGABAD COMMR.,2004,31,17,0,12,0,12,15
MAHARASHTRA,AURANGABAD RURAL,2004,41,21,0,10,0,10,11
MAHARASHTRA,BEED,2004,57,42,1,24,0,24,19
MAHARASHTRA,BHANDARA,2004,22,11,6,36,0,36,16
MAHARASHTRA,BULDHANA,2004,48,35,2,39,0,39,20
MAHARASHTRA,CHANDRAPUR,2004,59,19,5,31,0,31,18
MAHARASHTRA,DHULE,2004,32,16,3,11,0,11,3
MAHARASHTRA,GADCHIROLI,2004,47,49,1,31,0,31,8
MAHARASHTRA,GONDIA,2004,27,11,1,30,0,30,21
MAHARASHTRA,HINGOLI,2004,35,25,2,13,0,13,15
MAHARASHTRA,JALGAON,2004,83,39,2,36,0,36,12
MAHARASHTRA,JALNA,2004,53,30,0,10,0,10,10
MAHARASHTRA,KOLHAPUR,2004,54,54,4,15,0,15,20
MAHARASHTRA,LATUR,2004,61,31,4,22,0,22,19
MAHARASHTRA,MUMBAI,2004,253,127,4,187,0,187,178
MAHARASHTRA,MUMBAI RLY.,2004,7,4,2,1,0,1,2
MAHARASHTRA,NAGPUR COMMR.,2004,112,56,2,41,0,41,49
MAHARASHTRA,NAGPUR RLY.,2004,5,1,0,2,0,2,2
MAHARASHTRA,NAGPUR RURAL,2004,71,27,7,48,0,48,27
MAHARASHTRA,NANDED,2004,91,82,3,31,0,31,23
MAHARASHTRA,NANDURBAR,2004,35,17,0,20,0,20,9
MAHARASHTRA,NASIK COMMR.,2004,19,13,4,15,0,15,17
MAHARASHTRA,NASIK RURAL,2004,97,41,2,33,0,33,24
MAHARASHTRA,NAVI MUMBAI,2004,61,32,0,17,0,17,19
MAHARASHTRA,OSMANABAD,2004,46,15,1,26,0,26,12
MAHARASHTRA,PARBHANI,2004,42,31,1,13,0,13,12
MAHARASHTRA,PUNE COMMR.,2004,100,76,3,63,0,63,70
MAHARASHTRA,PUNE RLY.,2004,4,0,0,0,0,0,0
MAHARASHTRA,PUNE RURAL,2004,132,31,7,31,0,31,26
MAHARASHTRA,RAIGAD,2004,61,14,0,19,0,19,13
MAHARASHTRA,RATNAGIRI,2004,16,8,1,23,0,23,6
MAHARASHTRA,SANGLI,2004,69,26,0,30,0,30,14
MAHARASHTRA,SATARA,2004,59,28,1,22,0,22,20
MAHARASHTRA,SINDHUDURG,2004,10,4,2,5,0,5,5
MAHARASHTRA,SOLAPUR COMMR.,2004,20,13,0,19,0,19,10
MAHARASHTRA,SOLAPUR RURAL,2004,96,43,9,41,0,41,18
MAHARASHTRA,THANE COMMR.,2004,115,72,1,57,0,57,67
MAHARASHTRA,THANE RURAL,2004,144,44,5,60,0,60,42
MAHARASHTRA,WARDHA,2004,42,25,3,31,0,31,25
MAHARASHTRA,WASHIM,2004,28,21,2,19,0,19,17
MAHARASHTRA,YAVATMAL,2004,79,62,13,62,0,62,42
MAHARASHTRA,TOTAL,2004,2696,1463,115,1388,0,1388,1045
MANIPUR,BISHNUPUR,2004,19,48,0,3,0,3,14
MANIPUR,CHANDEL,2004,6,13,0,1,0,1,1
MANIPUR,CHURACHANDPUR,2004,26,18,2,0,0,0,7
MANIPUR,IMPHAL(EAST),2004,24,30,0,7,0,7,23
MANIPUR,IMPHAL(WEST),2004,28,58,1,9,0,9,38
MANIPUR,SENAPATI,2004,7,11,0,0,0,0,7
MANIPUR,TAMENGLONG,2004,1,1,0,0,0,0,5
MANIPUR,THOUBAL,2004,38,46,0,11,0,11,32
MANIPUR,UKHRUL,2004,10,2,0,0,0,0,1
MANIPUR,TOTAL,2004,159,227,3,31,0,31,128
MEGHALAYA,GARO HILLS EAST,2004,7,9,1,0,0,0,3
MEGHALAYA,GARO HILLS SOUTH,2004,5,2,0,1,0,1,2
MEGHALAYA,GARO HILLS WEST,2004,17,13,2,12,0,12,10
MEGHALAYA,JAINTIA HILLS,2004,32,3,2,11,0,11,6
MEGHALAYA,KHASI HILLS EAST,2004,33,12,1,17,0,17,29
MEGHALAYA,KHASI HILLS WEST,2004,14,1,0,9,0,9,2
MEGHALAYA,RI-BHOI,2004,16,2,1,4,0,4,2
MEGHALAYA,TOTAL,2004,124,42,7,54,0,54,54
MIZORAM,AIZAWL,2004,10,7,1,6,0,6,6
MIZORAM,CHAMPHAI,2004,6,4,0,3,0,3,2
MIZORAM,KOLASIB,2004,4,2,0,2,0,2,1
MIZORAM,LAWNGTLAI,2004,3,1,0,1,0,1,1
MIZORAM,LUNGLEI,2004,4,3,1,2,0,2,2
MIZORAM,MAMIT,2004,3,1,0,2,0,2,1
MIZORAM,SAIHA,2004,3,2,0,1,0,1,1
MIZORAM,SERCHHIP,2004,2,1,0,3,0,3,1
MIZORAM,TOTAL,2004,35,21,2,20,0,20,15
NAGALAND,DIMAPUR,2004,22,5,0,2,0,2,9
NAGALAND,KIPHIRE,2004,0,1,0,0,0,0,0
NAGALAND,KOHIMA,2004,12,5,0,10,0,10,9
NAGALAND,MOKOKCHUNG,2004,6,3,0,1,0,1,1
NAGALAND,MON,2004,6,6,0,0,0,0,2
NAGALAND,PEREN,2004,3,1,1,2,0,2,0
NAGALAND,PHEK,2004,6,2,2,1,0,1,0
NAGALAND,TUENSANG,2004,10,3,0,1,0,1,0
NAGALAND,WOKHA,2004,4,4,1,0,0,0,2
NAGALAND,ZUNHEBOTO,2004,1,3,1,1,0,1,0
NAGALAND,TOTAL,2004,70,33,5,18,0,18,23
ODISHA,ANGUL,2004,51,40,0,27,0,27,10
ODISHA,BALASORE,2004,29,21,0,44,0,44,35
ODISHA,BARAGARH,2004,33,40,2,22,0,22,14
ODISHA,BERHAMPUR,2004,18,47,3,16,0,16,13
ODISHA,BHADRAK,2004,23,39,0,31,0,31,17
ODISHA,BOLANGIR,2004,32,58,0,33,0,33,6
ODISHA,BOUDH,2004,9,4,1,7,0,7,4
ODISHA,CUTTACK,2004,41,120,0,45,0,45,51
ODISHA,DEOGARH,2004,15,10,0,13,0,13,3
ODISHA,DHENKANAL,2004,35,50,0,19,0,19,20
ODISHA,GAJAPATI,2004,17,6,1,5,0,5,7
ODISHA,GANJAM,2004,62,77,3,15,0,15,18
ODISHA,JAGATSINGHPUR,2004,27,32,3,19,0,19,29
ODISHA,JAJPUR,2004,27,25,0,15,0,15,21
ODISHA,JHARSUGUDA,2004,15,14,0,12,0,12,9
ODISHA,KALAHANDI,2004,21,19,2,22,0,22,11
ODISHA,KANDHAMAL,2004,23,14,0,26,0,26,17
ODISHA,KENDRAPARA,2004,31,24,0,19,0,19,8
ODISHA,KEONJHAR,2004,60,39,0,39,0,39,14
ODISHA,KHURDA,2004,61,62,1,44,0,44,57
ODISHA,KORAPUT,2004,56,29,0,40,0,40,20
ODISHA,MALKANGIR,2004,43,34,2,19,0,19,2
ODISHA,MAYURBHANJ,2004,77,66,1,84,0,84,26
ODISHA,NAYAGARH,2004,30,19,1,17,0,17,20
ODISHA,NOWRANGPUR,2004,14,19,1,16,0,16,13
ODISHA,NUAPADA,2004,6,5,1,10,0,10,7
ODISHA,PURI,2004,40,116,0,36,0,36,30
ODISHA,RAYAGADA,2004,25,20,1,19,0,19,4
ODISHA,ROURKELA,2004,14,30,1,10,0,10,9
ODISHA,SAMBALPUR,2004,43,49,0,22,0,22,16
ODISHA,SONEPUR,2004,9,14,0,5,0,5,1
ODISHA,SRP(CUTTACK),2004,4,0,0,0,0,0,3
ODISHA,SRP(ROURKELA),2004,7,3,0,2,0,2,0
ODISHA,SUNDARGARH,2004,68,52,1,17,0,17,11
ODISHA,TOTAL,2004,1066,1197,25,770,0,770,526
PUNJAB,AMRITSAR,2004,48,50,4,25,0,25,31
PUNJAB,BARNALA,2004,12,18,11,13,0,13,8
PUNJAB,BATALA,2004,27,33,1,8,0,8,8
PUNJAB,BHATINDA,2004,36,33,17,22,0,22,26
PUNJAB,FARIDKOT,2004,19,18,0,13,0,13,15
PUNJAB,FATEHGARH SAHIB,2004,26,6,4,4,0,4,10
PUNJAB,FEROZEPUR,2004,50,44,1,30,0,30,19
PUNJAB,G.R.P,2004,9,2,1,0,0,0,0
PUNJAB,GURDASPUR,2004,19,15,10,16,0,16,8
PUNJAB,HOSHIARPUR,2004,35,27,8,23,0,23,21
PUNJAB,JAGRAON,2004,29,28,7,20,0,20,28
PUNJAB,JALANDHAR,2004,74,85,13,31,0,31,53
PUNJAB,KAPURTHALA,2004,22,23,6,12,0,12,12
PUNJAB,KHANNA,2004,20,17,7,8,0,8,14
PUNJAB,LUDHIANA,2004,53,55,12,48,0,48,70
PUNJAB,MAJITHA,2004,34,23,8,14,0,14,16
PUNJAB,MANSA,2004,28,36,6,8,0,8,5
PUNJAB,MOGA,2004,35,22,2,11,0,11,14
PUNJAB,MUKTSAR,2004,16,22,7,7,0,7,10
PUNJAB,NAWAN SHAHR,2004,23,20,1,14,0,14,16
PUNJAB,PATIALA,2004,49,45,9,20,0,20,45
PUNJAB,ROPAR,2004,25,14,3,8,0,8,12
PUNJAB,SANGRUR,2004,44,50,9,21,0,21,16
PUNJAB,TARN TARAN,2004,42,30,1,14,0,14,6
PUNJAB,TOTAL,2004,775,716,148,390,0,390,463
RAJASTHAN,AJMER,2004,41,82,2,48,0,48,101
RAJASTHAN,ALWAR,2004,60,98,0,43,0,43,86
RAJASTHAN,BANSWARA,2004,26,22,1,20,0,20,54
RAJASTHAN,BARAN,2004,35,95,4,50,0,50,63
RAJASTHAN,BARMER,2004,15,22,3,14,0,14,21
RAJASTHAN,BHARATPUR,2004,92,134,1,44,0,44,128
RAJASTHAN,BHILWARA,2004,37,43,4,44,0,44,157
RAJASTHAN,BIKANER,2004,52,98,0,41,0,41,31
RAJASTHAN,BUNDI,2004,17,102,0,47,0,47,99
RAJASTHAN,CHITTORGARH,2004,51,46,1,67,0,67,184
RAJASTHAN,CHURU,2004,32,34,1,15,0,15,31
RAJASTHAN,DAUSA,2004,30,15,0,14,0,14,50
RAJASTHAN,DHOLPUR,2004,32,50,0,31,0,31,44
RAJASTHAN,DUNGARPUR,2004,26,8,0,17,0,17,40
RAJASTHAN,G.R.P.,2004,3,4,0,1,0,1,3
RAJASTHAN,GANGANAGAR,2004,58,106,2,50,0,50,69
RAJASTHAN,HANUMANGARH,2004,49,96,3,38,0,38,35
RAJASTHAN,JAIPUR,2004,83,116,10,81,0,81,227
RAJASTHAN,JAISALMER,2004,5,0,0,2,0,2,10
RAJASTHAN,JALORE,2004,30,20,0,5,0,5,27
RAJASTHAN,JHALAWAR,2004,46,98,4,40,0,40,88
RAJASTHAN,JHUNJHUNU,2004,32,12,0,26,0,26,40
RAJASTHAN,JODHPUR,2004,49,114,0,19,0,19,66
RAJASTHAN,KARAULI,2004,26,26,0,45,0,45,75
RAJASTHAN,KOTA,2004,47,300,4,42,0,42,137
RAJASTHAN,NAGAUR,2004,54,35,0,25,0,25,40
RAJASTHAN,PALI,2004,42,59,9,31,0,31,90
RAJASTHAN,RAJSAMAND,2004,18,15,0,7,0,7,38
RAJASTHAN,SAWAI MADHOPUR,2004,22,21,1,28,0,28,50
RAJASTHAN,SIKAR,2004,39,27,1,18,0,18,66
RAJASTHAN,SIROHI,2004,44,28,1,14,0,14,33
RAJASTHAN,TONK,2004,27,28,4,14,0,14,67
RAJASTHAN,UDAIPUR,2004,59,76,3,57,0,57,134
RAJASTHAN,TOTAL,2004,1279,2030,59,1038,0,1038,2384
SIKKIM,EAST,2004,4,3,2,1,0,1,1
SIKKIM,NORTH,2004,3,0,0,0,0,0,0
SIKKIM,SOUTH,2004,4,4,1,2,0,2,4
SIKKIM,WEST,2004,5,1,0,0,0,0,0
SIKKIM,TOTAL,2004,16,8,3,3,0,3,5
TAMIL NADU,CHENGAI,2004,79,56,0,33,0,33,36
TAMIL NADU,CHENNAI,2004,67,210,4,30,0,30,37
TAMIL NADU,CHENNAI RLY.,2004,1,4,0,0,0,0,1
TAMIL NADU,COIMBATORE RURAL,2004,64,43,0,23,0,23,25
TAMIL NADU,COIMBATORE URBAN,2004,17,15,0,4,0,4,8
TAMIL NADU,CUDDALORE,2004,55,102,4,18,0,18,41
TAMIL NADU,DHARMAPURI,2004,39,16,0,22,0,22,23
TAMIL NADU,DINDIGUL,2004,52,48,1,18,0,18,26
TAMIL NADU,ERODE,2004,59,23,0,13,0,13,22
TAMIL NADU,KANCHIPURAM,2004,48,52,0,17,0,17,12
TAMIL NADU,KANYAKUMARI,2004,30,43,2,3,0,3,12
TAMIL NADU,KARUR,2004,19,18,1,4,0,4,6
TAMIL NADU,KRISHNAGIRI,2004,46,28,0,9,0,9,27
TAMIL NADU,MADURAI RURAL,2004,57,45,0,29,0,29,29
TAMIL NADU,MADURAI URBAN,2004,16,32,0,8,0,8,27
TAMIL NADU,NAGAPATTINAM,2004,32,44,0,9,0,9,21
TAMIL NADU,NAMAKKAL,2004,31,20,0,7,0,7,18
TAMIL NADU,NILGIRIS,2004,14,26,0,14,0,14,3
TAMIL NADU,PERAMBALUR,2004,33,33,0,15,0,15,31
TAMIL NADU,PUDUKOTTAI,2004,30,30,0,11,0,11,22
TAMIL NADU,RAMNATHAPURAM,2004,37,42,0,10,0,10,19
TAMIL NADU,SALEM RURAL,2004,73,178,1,56,0,56,102
TAMIL NADU,SALEM URBAN,2004,22,14,0,11,0,11,6
TAMIL NADU,SIVAGANGAI,2004,29,30,0,13,0,13,21
TAMIL NADU,THANJAVUR,2004,48,67,1,12,0,12,29
TAMIL NADU,THENI,2004,31,62,2,5,0,5,10
TAMIL NADU,THIRUNELVELI RURAL,2004,63,92,0,30,0,30,21
TAMIL NADU,THIRUNELVELI URBAN,2004,19,40,0,3,0,3,6
TAMIL NADU,THIRUVALLUR,2004,20,11,1,16,0,16,14
TAMIL NADU,THIRUVANNAMALAI,2004,30,20,0,27,0,27,25
TAMIL NADU,THIRUVARUR,2004,24,25,0,7,0,7,10
TAMIL NADU,THOOTHUGUDI,2004,59,93,1,35,0,35,31
TAMIL NADU,TRICHY RLY.,2004,0,1,0,0,0,0,0
TAMIL NADU,TRICHY RURAL,2004,58,29,0,16,0,16,30
TAMIL NADU,TRICHY URBAN,2004,13,14,1,0,0,0,6
TAMIL NADU,VELLORE,2004,60,36,3,17,0,17,30
TAMIL NADU,VILLUPURAM,2004,68,78,4,55,0,55,56
TAMIL NADU,VIRUDHUNAGAR,2004,36,52,0,18,0,18,27
TAMIL NADU,TOTAL,2004,1479,1772,26,618,0,618,870
TRIPURA,DHALAI,2004,24,4,0,15,0,15,16
TRIPURA,NORTH,2004,26,18,0,46,0,46,30
TRIPURA,SOUTH,2004,42,1,0,51,0,51,28
TRIPURA,WEST,2004,97,13,0,48,0,48,25
TRIPURA,TOTAL,2004,189,36,0,160,0,160,99
UTTAR PRADESH,AGRA,2004,125,153,21,32,0,32,156
UTTAR PRADESH,ALIGARH,2004,193,218,26,58,0,58,128
UTTAR PRADESH,ALLAHABAD,2004,144,148,40,23,0,23,79
UTTAR PRADESH,AMBEDKAR NAGAR,2004,37,47,6,10,0,10,28
UTTAR PRADESH,AURAIYA,2004,47,40,13,4,0,4,45
UTTAR PRADESH,AZAMGARH,2004,110,63,24,16,0,16,47
UTTAR PRADESH,BADAUN,2004,212,215,39,35,0,35,96
UTTAR PRADESH,BAGHPAT,2004,85,101,14,11,0,11,29
UTTAR PRADESH,BAHRAICH,2004,45,44,19,16,0,16,30
UTTAR PRADESH,BALLIA,2004,49,68,20,6,0,6,19
UTTAR PRADESH,BALRAMPUR,2004,22,13,11,5,0,5,7
UTTAR PRADESH,BANDA,2004,66,32,19,21,0,21,19
UTTAR PRADESH,BARABANKI,2004,49,77,17,25,0,25,41
UTTAR PRADESH,BAREILLY,2004,214,200,23,41,0,41,117
UTTAR PRADESH,BASTI,2004,34,30,11,7,0,7,21
UTTAR PRADESH,BIJNOR,2004,86,68,22,25,0,25,34
UTTAR PRADESH,BULANDSHAHAR,2004,199,140,31,40,0,40,90
UTTAR PRADESH,CHANDOLI,2004,23,14,12,5,0,5,7
UTTAR PRADESH,CHITRAKOOT DHAM,2004,25,11,11,10,0,10,9
UTTAR PRADESH,DEORIA,2004,44,60,20,12,0,12,29
UTTAR PRADESH,ETAH,2004,148,216,29,26,0,26,63
UTTAR PRADESH,ETAWAH,2004,71,75,14,9,0,9,63
UTTAR PRADESH,FAIZABAD,2004,50,31,12,12,0,12,19
UTTAR PRADESH,FATEHGARH,2004,89,85,12,10,0,10,40
UTTAR PRADESH,FATEHPUR,2004,87,34,34,10,0,10,20
UTTAR PRADESH,FIROZABAD,2004,123,127,21,10,0,10,89
UTTAR PRADESH,G.R.P.,2004,15,12,2,2,0,2,5
UTTAR PRADESH,GAUTAMBUDH NAGAR,2004,63,60,14,20,0,20,32
UTTAR PRADESH,GHAZIABAD,2004,190,160,36,25,0,25,118
UTTAR PRADESH,GHAZIPUR,2004,61,54,24,4,0,4,9
UTTAR PRADESH,GONDA,2004,52,57,25,14,0,14,23
UTTAR PRADESH,GORAKHPUR,2004,98,84,38,24,0,24,51
UTTAR PRADESH,HAMIRPUR,2004,50,33,16,12,0,12,13
UTTAR PRADESH,HARDOI,2004,116,72,28,37,0,37,58
UTTAR PRADESH,HATHRAS,2004,66,90,14,16,0,16,40
UTTAR PRADESH,J.P.NAGAR,2004,76,59,12,27,0,27,24
UTTAR PRADESH,JALAUN,2004,88,55,11,7,0,7,49
UTTAR PRADESH,JAUNPUR,2004,53,73,26,19,0,19,22
UTTAR PRADESH,JHANSI,2004,70,31,26,16,0,16,39
UTTAR PRADESH,KANNAUJ,2004,66,39,10,5,0,5,17
UTTAR PRADESH,KANPUR DEHAT,2004,46,37,19,13,0,13,49
UTTAR PRADESH,KANPUR NAGAR,2004,149,126,36,20,0,20,109
UTTAR PRADESH,KAUSHAMBI,2004,65,31,15,14,0,14,12
UTTAR PRADESH,KHIRI,2004,113,118,24,43,0,43,76
UTTAR PRADESH,KUSHI NAGAR,2004,46,47,22,13,0,13,28
UTTAR PRADESH,LALITPUR,2004,16,16,12,4,0,4,4
UTTAR PRADESH,LUCKNOW,2004,173,135,27,46,0,46,164
UTTAR PRADESH,MAHARAJGANJ,2004,25,22,11,8,0,8,11
UTTAR PRADESH,MAHOBA,2004,36,17,10,6,0,6,9
UTTAR PRADESH,MAINPURI,2004,127,117,14,8,0,8,49
UTTAR PRADESH,MATHURA,2004,96,95,16,24,0,24,34
UTTAR PRADESH,MAU,2004,42,54,19,3,0,3,19
UTTAR PRADESH,MEERUT,2004,225,179,19,33,0,33,137
UTTAR PRADESH,MIRZAPUR,2004,36,37,10,12,0,12,13
UTTAR PRADESH,MORADABAD,2004,194,153,26,57,0,57,98
UTTAR PRADESH,MUZAFFARNAGAR,2004,253,163,21,44,0,44,90
UTTAR PRADESH,PILIBHIT,2004,74,60,17,28,0,28,54
UTTAR PRADESH,PRATAPGARH,2004,63,71,21,18,0,18,31
UTTAR PRADESH,RAIBAREILLY,2004,74,62,32,42,0,42,52
UTTAR PRADESH,RAMPUR,2004,74,82,20,22,0,22,39
UTTAR PRADESH,SAHARANPUR,2004,93,117,24,22,0,22,52
UTTAR PRADESH,SANT KABIRNAGAR,2004,19,21,6,6,0,6,10
UTTAR PRADESH,SHAHJAHANPUR,2004,137,166,34,31,0,31,89
UTTAR PRADESH,SHRAWASTI,2004,17,12,7,4,0,4,9
UTTAR PRADESH,SIDHARTHNAGAR,2004,23,12,11,10,0,10,17
UTTAR PRADESH,SITAPUR,2004,152,131,35,72,0,72,104
UTTAR PRADESH,SONBHADRA,2004,34,24,13,6,0,6,15
UTTAR PRADESH,ST.RAVIDASNAGAR,2004,21,35,12,3,0,3,5
UTTAR PRADESH,SULTANPUR,2004,59,78,41,18,0,18,36
UTTAR PRADESH,UNNAO,2004,123,107,23,45,0,45,62
UTTAR PRADESH,VARANASI,2004,80,66,36,15,0,15,35
UTTAR PRADESH,TOTAL,2004,6126,5580,1436,1397,0,1397,3337
UTTARAKHAND,ALMORA,2004,10,11,0,1,0,1,5
UTTARAKHAND,BAGESHWAR,2004,4,1,0,5,0,5,4
UTTARAKHAND,CHAMOLI,2004,5,14,1,4,0,4,7
UTTARAKHAND,CHAMPAWAT,2004,6,2,2,2,0,2,2
UTTARAKHAND,DEHRADUN,2004,42,35,2,21,0,21,37
UTTARAKHAND,HARIDWAR,2004,56,66,3,33,0,33,54
UTTARAKHAND,NAINITAL,2004,43,26,8,6,0,6,28
UTTARAKHAND,PAURI GARHWAL,2004,19,13,2,6,0,6,10
UTTARAKHAND,PITHORAGARH,2004,5,9,5,9,0,9,3
UTTARAKHAND,RUDRA PRAYAG,2004,4,1,0,4,0,4,3
UTTARAKHAND,TEHRI GARHWAL,2004,11,18,0,4,0,4,14
UTTARAKHAND,UDHAMSINGH NAGAR,2004,53,45,4,15,0,15,41
UTTARAKHAND,UTTARKASHI,2004,4,6,2,5,0,5,5
UTTARAKHAND,TOTAL,2004,262,247,29,115,0,115,213
WEST BENGAL,24 PARGANAS NORTH,2004,177,43,50,176,0,176,180
WEST BENGAL,24 PARGANAS SOUTH,2004,130,3,54,122,0,122,103
WEST BENGAL,ASANSOL,2004,28,6,8,9,0,9,10
WEST BENGAL,BANKURA,2004,37,0,6,49,0,49,24
WEST BENGAL,BIRBHUM,2004,51,16,25,58,0,58,31
WEST BENGAL,BURDWAN,2004,110,10,26,92,0,92,56
WEST BENGAL,COOCHBEHAR,2004,20,4,8,92,0,92,41
WEST BENGAL,DAKSHIN DINAJPUR,2004,16,4,8,33,0,33,27
WEST BENGAL,DARJEELING,2004,43,1,31,21,0,21,17
WEST BENGAL,HOOGHLY,2004,82,12,23,56,0,56,38
WEST BENGAL,HOWRAH,2004,31,4,13,21,0,21,19
WEST BENGAL,HOWRAH CITY,2004,30,4,8,15,0,15,17
WEST BENGAL,HOWRAH G.R.P.,2004,10,5,2,1,0,1,8
WEST BENGAL,JALPAIGURI,2004,118,31,45,83,0,83,59
WEST BENGAL,KHARAGPUR G.R.P.,2004,8,2,0,0,0,0,2
WEST BENGAL,KOLKATA,2004,37,78,16,27,0,27,119
WEST BENGAL,MALDA,2004,63,55,27,97,0,97,65
WEST BENGAL,MURSHIDABAD,2004,111,7,44,197,0,197,126
WEST BENGAL,NADIA,2004,99,0,21,108,0,108,80
WEST BENGAL,PASCHIM MIDNAPUR,2004,81,58,20,74,0,74,65
WEST BENGAL,PURAB MIDNAPUR,2004,50,10,14,49,0,49,54
WEST BENGAL,PURULIA,2004,40,0,9,43,0,43,11
WEST BENGAL,SEALDAH G.R.P.,2004,14,2,1,5,0,5,6
WEST BENGAL,SILIGURI G.R.P.,2004,3,0,0,0,0,0,2
WEST BENGAL,UTTAR DINAJPUR,2004,36,35,9,47,0,47,40
WEST BENGAL,TOTAL,2004,1425,390,468,1475,0,1475,1200
A & N ISLANDS,ANDAMAN,2004,13,1,2,10,0,10,3
A & N ISLANDS,NICOBAR,2004,2,0,0,0,0,0,0
A & N ISLANDS,TOTAL,2004,15,1,2,10,0,10,3
CHANDIGARH,CHANDIGARH,2004,22,19,10,19,0,19,54
CHANDIGARH,TOTAL,2004,22,19,10,19,0,19,54
D & N HAVELI,D and N HAVELI,2004,11,4,0,7,0,7,12
D & N HAVELI,TOTAL,2004,11,4,0,7,0,7,12
DAMAN & DIU,DAMAN,2004,2,1,0,1,0,1,2
DAMAN & DIU,DIU,2004,1,0,0,0,0,0,0
DAMAN & DIU,TOTAL,2004,3,1,0,1,0,1,2
DELHI UT,CENTRAL,2004,16,17,6,27,0,27,57
DELHI UT,DELHI UT TOTAL,2004,481,519,80,551,0,551,1209
DELHI UT,EAST,2004,52,39,13,62,0,62,172
DELHI UT,G.R.P.(RLY),2004,6,6,1,5,0,5,5
DELHI UT,I.G.I. AIRPORT,2004,1,3,0,1,0,1,5
DELHI UT,NEW DELHI,2004,6,15,5,8,0,8,20
DELHI UT,NORTH,2004,25,23,8,23,0,23,85
DELHI UT,NORTH EAST,2004,54,69,3,67,0,67,157
DELHI UT,NORTH WEST,2004,129,137,19,124,0,124,285
DELHI UT,S.T.F.,2004,1,15,0,1,0,1,0
DELHI UT,SOUTH,2004,80,74,13,96,0,96,216
DELHI UT,SOUTH WEST,2004,44,49,6,79,0,79,97
DELHI UT,WEST,2004,67,72,6,58,0,58,110
LAKSHADWEEP,LAKSHADWEEP,2004,0,0,0,0,0,0,0
LAKSHADWEEP,TOTAL,2004,0,0,0,0,0,0,0
PUDUCHERRY,PONDICHERRY,2004,25,18,14,4,0,4,10
PUDUCHERRY,TOTAL,2004,25,18,14,4,0,4,10
ANDHRA PRADESH,ADILABAD,2005,108,48,13,53,0,53,65
ANDHRA PRADESH,ANANTAPUR,2005,172,125,3,16,0,16,60
ANDHRA PRADESH,CHITTOOR,2005,105,40,0,35,0,35,72
ANDHRA PRADESH,CUDDAPAH,2005,96,0,0,21,0,21,36
ANDHRA PRADESH,CYBERABAD,2005,150,88,10,44,0,44,151
ANDHRA PRADESH,EAST GODAVARI,2005,110,130,0,27,0,27,69
ANDHRA PRADESH,GUNTAKAL RLY.,2005,12,0,0,0,0,0,1
ANDHRA PRADESH,GUNTUR,2005,165,88,1,55,0,55,87
ANDHRA PRADESH,HYDERABAD CITY,2005,108,130,4,67,0,67,137
ANDHRA PRADESH,KARIMNAGAR,2005,164,96,1,84,0,84,131
ANDHRA PRADESH,KHAMMAM,2005,110,69,3,21,0,21,66
ANDHRA PRADESH,KRISHNA,2005,69,74,0,27,0,27,45
ANDHRA PRADESH,KURNOOL,2005,140,95,6,29,0,29,42
ANDHRA PRADESH,MAHABOOBNAGAR,2005,212,102,16,62,0,62,59
ANDHRA PRADESH,MEDAK,2005,133,45,10,36,0,36,38
ANDHRA PRADESH,NALGONDA,2005,138,46,6,49,0,49,51
ANDHRA PRADESH,NELLORE,2005,86,73,3,33,0,33,74
ANDHRA PRADESH,NIZAMABAD,2005,88,38,16,26,0,26,57
ANDHRA PRADESH,PRAKASHAM,2005,106,82,6,27,0,27,52
ANDHRA PRADESH,RANGA REDDY,2005,62,26,4,15,0,15,16
ANDHRA PRADESH,SECUNDERABAD RLY.,2005,11,1,0,0,0,0,4
ANDHRA PRADESH,SRIKAKULAM,2005,36,0,2,15,1,14,17
ANDHRA PRADESH,VIJAYAWADA,2005,41,40,4,32,0,32,87
ANDHRA PRADESH,VIJAYAWADA RLY.,2005,5,2,0,0,0,0,1
ANDHRA PRADESH,VISAKHA RURAL,2005,55,17,0,18,0,18,8
ANDHRA PRADESH,VISAKHAPATNAM,2005,27,48,0,28,0,28,37
ANDHRA PRADESH,VIZIANAGARAM,2005,43,9,1,12,0,12,9
ANDHRA PRADESH,WARANGAL,2005,117,93,2,34,0,34,82
ANDHRA PRADESH,WEST GODAVARI,2005,81,119,0,69,0,69,58
ANDHRA PRADESH,TOTAL,2005,2750,1724,111,935,1,934,1612
ARUNACHAL PRADESH,CHANGLANG,2005,9,6,4,2,0,2,8
ARUNACHAL PRADESH,DIBANG VALLEY,2005,4,4,0,0,0,0,5
ARUNACHAL PRADESH,K/KUMEY,2005,4,7,0,1,0,1,2
ARUNACHAL PRADESH,KAMENG EAST,2005,4,2,0,2,0,2,4
ARUNACHAL PRADESH,KAMENG WEST,2005,6,0,0,0,0,0,1
ARUNACHAL PRADESH,LOHIT,2005,14,5,0,3,0,3,7
ARUNACHAL PRADESH,PAPUM PARE,2005,10,4,0,6,0,6,10
ARUNACHAL PRADESH,SIANG EAST,2005,3,3,0,13,0,13,6
ARUNACHAL PRADESH,SIANG UPPER,2005,5,0,0,2,0,2,1
ARUNACHAL PRADESH,SIANG WEST,2005,4,1,1,3,0,3,5
ARUNACHAL PRADESH,SUBANSIRI LOWER,2005,5,0,0,0,0,0,3
ARUNACHAL PRADESH,SUBANSIRI UPPER,2005,4,3,0,2,0,2,3
ARUNACHAL PRADESH,TAWANG,2005,2,0,0,1,0,1,0
ARUNACHAL PRADESH,TIRAP,2005,3,2,0,0,0,0,2
ARUNACHAL PRADESH,UPPER DIBANG VALLEY,2005,4,0,0,0,0,0,1
ARUNACHAL PRADESH,TOTAL,2005,81,37,5,35,0,35,58
ASSAM,BARPETA,2005,38,4,0,56,0,56,69
ASSAM,BASKA,2005,21,11,0,9,0,9,24
ASSAM,BONGAIGAON,2005,19,3,0,38,0,38,31
ASSAM,C.I.D.,2005,0,0,0,0,0,0,0
ASSAM,CACHAR,2005,51,44,2,51,0,51,110
ASSAM,CHIRANG,2005,17,0,0,17,0,17,16
ASSAM,DARRANG,2005,25,17,0,47,0,47,33
ASSAM,DHEMAJI,2005,20,16,1,52,0,52,45
ASSAM,DHUBRI,2005,40,22,1,101,0,101,84
ASSAM,DIBRUGARH,2005,113,24,7,57,0,57,75
ASSAM,G.R.P.,2005,4,1,0,2,0,2,5
ASSAM,GOALPARA,2005,31,5,0,40,0,40,73
ASSAM,GOLAGHAT,2005,61,18,3,54,0,54,87
ASSAM,GUWAHATI CITY,2005,39,129,71,38,0,38,147
ASSAM,HAILAKANDI,2005,18,4,5,18,0,18,35
ASSAM,JORHAT,2005,51,10,3,29,0,29,44
ASSAM,KAMRUP,2005,31,18,16,73,0,73,86
ASSAM,KARBI ANGLONG,2005,76,15,0,8,0,8,39
ASSAM,KARIMGANJ,2005,30,25,0,28,0,28,31
ASSAM,KOKRAJHAR,2005,46,2,0,36,0,36,44
ASSAM,LAKHIMPUR,2005,36,8,1,69,0,69,112
ASSAM,MORIGAON,2005,22,6,1,52,0,52,47
ASSAM,N.C.HILLS,2005,11,7,0,1,0,1,10
ASSAM,NAGAON,2005,88,59,5,149,0,149,185
ASSAM,NALBARI,2005,17,9,0,27,0,27,38
ASSAM,R.P.O.,2005,10,4,0,8,0,8,5
ASSAM,SIBSAGAR,2005,61,21,0,38,0,38,73
ASSAM,SONITPUR,2005,87,7,0,77,0,77,108
ASSAM,TINSUKIA,2005,92,9,1,42,0,42,75
ASSAM,UDALGURI,2005,39,5,0,21,0,21,20
ASSAM,TOTAL,2005,1194,503,117,1238,0,1238,1751
BIHAR,ARARIA,2005,68,12,3,29,0,29,43
BIHAR,ARWAL,2005,28,0,0,1,0,1,9
BIHAR,AURANGABAD,2005,60,164,4,17,0,17,33
BIHAR,BAGAHA,2005,40,91,12,8,0,8,85
BIHAR,BANKA,2005,58,34,3,43,0,43,44
BIHAR,BEGUSARAI,2005,128,53,3,20,0,20,65
BIHAR,BETTIAH,2005,76,107,6,51,0,51,114
BIHAR,BHABHUA,2005,58,64,5,14,0,14,41
BIHAR,BHAGALPUR,2005,93,52,8,75,0,75,101
BIHAR,BHOJPUR,2005,158,188,0,14,0,14,38
BIHAR,BUXAR,2005,68,108,2,6,0,6,30
BIHAR,DARBHANGA,2005,44,78,6,65,0,65,54
BIHAR,GAYA,2005,158,175,6,22,0,22,77
BIHAR,GOPALGANJ,2005,74,209,6,24,0,24,65
BIHAR,JAMALPUR RLY.,2005,7,1,0,0,0,0,3
BIHAR,JAMUI,2005,93,52,2,33,0,33,46
BIHAR,JEHANABAD,2005,52,52,2,16,0,16,19
BIHAR,KATIHAR,2005,78,41,1,88,0,88,61
BIHAR,KATIHAR RLY.,2005,11,0,0,2,0,2,7
BIHAR,KHAGARIA,2005,48,41,0,14,0,14,35
BIHAR,KISHANGANJ,2005,17,23,2,61,0,61,84
BIHAR,LAKHISARAI,2005,57,26,1,3,0,3,38
BIHAR,MADHEPURA,2005,52,24,2,15,0,15,13
BIHAR,MADHUBANI,2005,69,108,7,42,0,42,66
BIHAR,MOTIHARI,2005,111,159,15,24,0,24,134
BIHAR,MUNGER,2005,95,29,1,18,0,18,54
BIHAR,MUZAFFARPUR,2005,131,22,11,80,0,80,225
BIHAR,MUZAFFARPUR RLY.,2005,26,0,0,1,0,1,11
BIHAR,NALANDA,2005,150,100,19,25,0,25,94
BIHAR,NAUGACHIA,2005,43,29,1,6,0,6,36
BIHAR,NAWADAH,2005,83,87,5,23,0,23,41
BIHAR,PATNA,2005,436,87,25,57,0,57,275
BIHAR,PATNA RLY.,2005,15,6,2,0,0,0,2
BIHAR,PURNEA,2005,113,35,6,39,0,39,60
BIHAR,ROHTAS,2005,107,218,13,18,0,18,29
BIHAR,SAHARSA,2005,17,88,3,11,0,11,40
BIHAR,SAMASTIPUR,2005,121,184,30,28,0,28,97
BIHAR,SARAN,2005,125,345,21,32,0,32,85
BIHAR,SHEIKHPURA,2005,33,0,0,1,0,1,23
BIHAR,SHEOHAR,2005,11,7,1,9,0,9,26
BIHAR,SITAMARHI,2005,63,25,4,32,0,32,74
BIHAR,SIWAN,2005,93,43,3,27,0,27,59
BIHAR,SUPAUL,2005,34,32,8,40,0,40,24
BIHAR,VAISHALI,2005,69,108,10,13,0,13,133
BIHAR,TOTAL,2005,3471,3307,259,1147,0,1147,2693
CHHATTISGARH,BALRAMPUR,2005,29,16,5,36,0,36,5
CHHATTISGARH,BILASPUR,2005,94,54,11,77,0,77,36
CHHATTISGARH,BIZAPUR,2005,76,122,0,5,0,5,1
CHHATTISGARH,DANTEWARA,2005,73,36,0,15,0,15,6
CHHATTISGARH,DHAMTARI,2005,11,7,0,26,0,26,9
CHHATTISGARH,DURG,2005,90,65,0,128,0,128,28
CHHATTISGARH,GRP RAIPUR,2005,5,5,0,2,0,2,1
CHHATTISGARH,JAGDALPUR,2005,63,44,0,74,0,74,9
CHHATTISGARH,JANJGIR,2005,50,20,2,43,0,43,10
CHHATTISGARH,JASHPUR,2005,63,20,4,68,0,68,19
CHHATTISGARH,KABIRDHAM,2005,16,8,2,24,0,24,4
CHHATTISGARH,KANKER,2005,40,28,0,32,0,32,11
CHHATTISGARH,KORBA,2005,35,12,3,27,0,27,3
CHHATTISGARH,KORIYA,2005,34,20,1,51,0,51,5
CHHATTISGARH,MAHASAMUND,2005,19,9,2,25,0,25,7
CHHATTISGARH,NARAYANPUR,2005,13,41,0,1,0,1,0
CHHATTISGARH,RAIGARH,2005,62,29,2,35,0,35,11
CHHATTISGARH,RAIPUR,2005,92,59,2,125,0,125,46
CHHATTISGARH,RAJNANDGAON,2005,40,26,0,81,0,81,8
CHHATTISGARH,SARGUJA,2005,52,22,5,74,0,74,19
CHHATTISGARH,SURAJPUR,2005,56,17,2,41,0,41,8
CHHATTISGARH,TOTAL,2005,1013,660,41,990,0,990,246
GOA,NORTH GOA,2005,22,10,4,11,0,11,7
GOA,SOUTH GOA,2005,23,5,1,9,0,9,10
GOA,TOTAL,2005,45,15,5,20,0,20,17
GUJARAT,AHMEDABAD COMMR.,2005,76,49,4,35,0,35,219
GUJARAT,AHMEDABAD RURAL,2005,28,7,2,7,0,7,29
GUJARAT,AHWA-DANG,2005,5,1,0,5,0,5,0
GUJARAT,AMRELI,2005,24,14,1,11,0,11,49
GUJARAT,ANAND,2005,20,7,1,7,0,7,24
GUJARAT,BHARUCH,2005,35,10,1,8,0,8,23
GUJARAT,BHAVNAGAR,2005,66,31,0,14,0,14,85
GUJARAT,DAHOD,2005,48,13,1,9,0,9,29
GUJARAT,GANDHINAGAR,2005,20,6,0,9,0,9,29
GUJARAT,HIMATNAGAR,2005,26,12,2,12,0,12,32
GUJARAT,JAMNAGAR,2005,41,19,1,14,0,14,20
GUJARAT,JUNAGADH,2005,33,27,0,13,0,13,38
GUJARAT,KHEDA NORTH,2005,30,8,1,14,0,14,30
GUJARAT,KUTCH,2005,35,23,0,9,0,9,45
GUJARAT,MEHSANA,2005,30,21,1,6,0,6,55
GUJARAT,NARMADA,2005,15,2,0,6,0,6,1
GUJARAT,NAVSARI,2005,14,3,0,6,0,6,6
GUJARAT,PALANPUR,2005,40,24,1,11,0,11,23
GUJARAT,PANCHMAHAL,2005,50,6,0,12,0,12,32
GUJARAT,PATAN,2005,24,13,1,6,0,6,22
GUJARAT,PORBANDAR,2005,10,8,0,1,0,1,9
GUJARAT,RAJKOT COMMR.,2005,24,12,0,7,0,7,37
GUJARAT,RAJKOT RURAL,2005,35,32,4,18,0,18,56
GUJARAT,SURAT COMMR.,2005,86,23,3,23,0,23,114
GUJARAT,SURAT RURAL,2005,46,9,2,9,0,9,14
GUJARAT,SURENDRANAGAR,2005,30,21,0,13,0,13,38
GUJARAT,VADODARA COMMR.,2005,26,24,1,5,0,5,39
GUJARAT,VADODARA RURAL,2005,70,13,0,21,0,21,37
GUJARAT,VALSAD,2005,34,13,0,11,0,11,25
GUJARAT,W.RLY,2005,12,1,0,2,0,2,4
GUJARAT,TOTAL,2005,1033,452,27,324,0,324,1164
HARYANA,AMBALA,2005,24,16,2,19,0,19,24
HARYANA,BHIWANI,2005,47,18,3,18,0,18,24
HARYANA,FARIDABAD,2005,76,44,4,39,0,39,91
HARYANA,FATEHABAD,2005,21,14,1,9,0,9,20
HARYANA,GRP,2005,13,8,1,2,0,2,2
HARYANA,GURGAON,2005,65,38,6,17,0,17,38
HARYANA,HISSAR,2005,51,50,2,25,0,25,22
HARYANA,JHAJJAR,2005,60,32,4,13,0,13,14
HARYANA,JIND,2005,37,27,2,14,0,14,12
HARYANA,KAITHAL,2005,23,18,3,19,0,19,11
HARYANA,KARNAL,2005,46,31,8,50,0,50,31
HARYANA,KURUKSHETRA,2005,25,15,2,24,0,24,15
HARYANA,MAHENDRAGARH,2005,12,7,2,15,0,15,13
HARYANA,MEWAT,2005,19,34,1,34,0,34,9
HARYANA,PANCHKULA,2005,9,2,0,8,0,8,15
HARYANA,PANIPAT,2005,42,19,7,56,0,56,35
HARYANA,REWARI,2005,33,11,1,13,0,13,20
HARYANA,ROHTAK,2005,48,48,1,29,0,29,16
HARYANA,SIRSA,2005,31,23,2,15,0,15,16
HARYANA,SONIPAT,2005,73,42,1,28,0,28,39
HARYANA,YAMUNANAGAR,2005,29,16,4,14,0,14,25
HARYANA,TOTAL,2005,784,513,57,461,0,461,492
HIMACHAL PRADESH,BILASPUR,2005,13,7,3,8,0,8,9
HIMACHAL PRADESH,CHAMBA,2005,9,8,1,12,0,12,8
HIMACHAL PRADESH,G.R.P.,2005,0,0,0,0,0,0,0
HIMACHAL PRADESH,HAMIRPUR,2005,4,2,3,4,0,4,4
HIMACHAL PRADESH,KANGRA,2005,21,13,6,23,0,23,22
HIMACHAL PRADESH,KINNAUR,2005,3,1,0,4,0,4,3
HIMACHAL PRADESH,KULLU,2005,10,13,1,19,0,19,24
HIMACHAL PRADESH,LAHAUL-SPITI,2005,0,0,0,0,0,0,1
HIMACHAL PRADESH,MANDI,2005,7,12,1,8,0,8,10
HIMACHAL PRADESH,SHIMLA,2005,15,6,1,32,0,32,14
HIMACHAL PRADESH,SIRMAUR,2005,12,5,0,11,0,11,9
HIMACHAL PRADESH,SOLAN,2005,6,8,6,15,0,15,9
HIMACHAL PRADESH,UNA,2005,10,4,0,5,0,5,5
HIMACHAL PRADESH,TOTAL,2005,110,79,22,141,0,141,118
JAMMU & KASHMIR,ANANTNAG,2005,37,49,5,9,0,9,83
JAMMU & KASHMIR,AWANTIPORA,2005,29,7,0,7,0,7,11
JAMMU & KASHMIR,BARAMULLA,2005,78,93,4,16,0,16,109
JAMMU & KASHMIR,BORDER,2005,7,15,0,5,0,5,9
JAMMU & KASHMIR,BUDGAM,2005,27,29,3,6,0,6,63
JAMMU & KASHMIR,CRIME JAMMU,2005,2,0,0,0,0,0,0
JAMMU & KASHMIR,CRIME SRINAGAR,2005,0,0,0,0,0,0,0
JAMMU & KASHMIR,DODA,2005,66,82,1,7,0,7,14
JAMMU & KASHMIR,GANDERBAL,2005,13,3,1,5,0,5,39
JAMMU & KASHMIR,HANDWARA,2005,17,40,1,10,0,10,30
JAMMU & KASHMIR,JAMMU,2005,22,58,9,20,0,20,42
JAMMU & KASHMIR,KARGIL,2005,0,0,0,1,0,1,2
JAMMU & KASHMIR,KATHUA,2005,12,29,1,12,0,12,16
JAMMU & KASHMIR,KULGAM,2005,39,7,1,12,0,12,43
JAMMU & KASHMIR,KUPWARA,2005,22,60,1,11,0,11,40
JAMMU & KASHMIR,LEH,2005,1,1,1,5,0,5,3
JAMMU & KASHMIR,POONCH,2005,35,85,1,7,0,7,16
JAMMU & KASHMIR,PULWAMA,2005,42,70,1,7,0,7,37
JAMMU & KASHMIR,RAILWAYS,2005,0,1,0,0,0,0,1
JAMMU & KASHMIR,RAJOURI,2005,51,63,0,21,0,21,23
JAMMU & KASHMIR,RAMBAN,2005,50,42,1,6,0,6,12
JAMMU & KASHMIR,REASI,2005,33,32,1,1,0,1,12
JAMMU & KASHMIR,SRINAGAR,2005,52,116,5,18,0,18,132
JAMMU & KASHMIR,UDHAMPUR,2005,12,23,0,15,0,15,11
JAMMU & KASHMIR,TOTAL,2005,647,905,37,201,0,201,748
JHARKHAND,BOKARO,2005,49,13,0,36,0,36,43
JHARKHAND,CHAIBASA,2005,115,54,2,53,0,53,2
JHARKHAND,CHATRA,2005,27,0,0,11,0,11,9
JHARKHAND,DEOGHAR,2005,51,56,1,46,0,46,10
JHARKHAND,DHANBAD,2005,97,65,12,32,0,32,68
JHARKHAND,DHANBAD RLY.,2005,5,0,0,2,0,2,2
JHARKHAND,DUMKA,2005,52,18,7,38,0,38,23
JHARKHAND,GARHWA,2005,47,5,0,17,0,17,20
JHARKHAND,GIRIDIH,2005,63,101,2,28,0,28,41
JHARKHAND,GODDA,2005,44,83,6,46,0,46,29
JHARKHAND,GUMLA,2005,140,40,1,45,0,45,17
JHARKHAND,HAZARIBAGH,2005,104,34,11,57,0,57,55
JHARKHAND,JAMSHEDPUR,2005,87,103,8,37,0,37,43
JHARKHAND,JAMSHEDPUR RLY.,2005,8,0,0,0,0,0,2
JHARKHAND,JAMTARA,2005,19,28,2,0,0,0,6
JHARKHAND,KODERMA,2005,26,9,0,12,0,12,14
JHARKHAND,LATEHAR,2005,34,1,1,12,0,12,6
JHARKHAND,LOHARDAGGA,2005,51,43,1,25,0,25,18
JHARKHAND,PAKUR,2005,35,84,4,30,0,30,9
JHARKHAND,PALAMU,2005,69,57,4,27,0,27,44
JHARKHAND,RANCHI,2005,239,168,19,102,5,97,105
JHARKHAND,SAHEBGANJ,2005,47,43,4,44,0,44,26
JHARKHAND,SARAIKELA,2005,49,59,2,33,0,33,19
JHARKHAND,SIMDEGA,2005,65,20,0,20,0,20,10
JHARKHAND,TOTAL,2005,1523,1084,87,753,5,748,621
KARNATAKA,BAGALKOT,2005,43,28,2,4,0,4,15
KARNATAKA,BANGALORE COMMR.,2005,242,282,5,38,0,38,131
KARNATAKA,BANGALORE RURAL,2005,171,94,2,16,0,16,44
KARNATAKA,BELGAUM,2005,116,79,1,13,0,13,41
KARNATAKA,BELLARY,2005,58,35,0,17,0,17,21
KARNATAKA,BIDAR,2005,38,44,1,5,0,5,12
KARNATAKA,BIJAPUR,2005,49,61,2,18,0,18,22
KARNATAKA,CHAMARAJNAGAR,2005,24,29,1,7,0,7,8
KARNATAKA,CHICKMAGALUR,2005,35,25,0,16,0,16,9
KARNATAKA,CHITRADURGA,2005,21,14,3,15,0,15,6
KARNATAKA,DAKSHIN KANNADA,2005,35,29,1,14,0,14,14
KARNATAKA,DAVANAGERE,2005,40,16,5,14,0,14,14
KARNATAKA,DHARWAD COMMR.,2005,15,13,0,0,0,0,7
KARNATAKA,DHARWAD RURAL,2005,22,15,4,4,0,4,8
KARNATAKA,GADAG,2005,20,23,1,1,0,1,7
KARNATAKA,GULBARGA,2005,115,111,0,16,0,16,33
KARNATAKA,HASSAN,2005,63,58,5,10,0,10,21
KARNATAKA,HAVERI,2005,25,8,2,4,0,4,6
KARNATAKA,K.G.F.,2005,8,24,4,5,0,5,8
KARNATAKA,KODAGU,2005,34,29,2,10,0,10,10
KARNATAKA,KOLAR,2005,73,49,5,20,0,20,30
KARNATAKA,KOPPAL,2005,29,22,11,8,0,8,8
KARNATAKA,MANDYA,2005,43,56,1,17,0,17,12
KARNATAKA,MYSORE COMMR.,2005,27,50,4,8,0,8,16
KARNATAKA,MYSORE RURAL,2005,43,34,4,14,0,14,8
KARNATAKA,RAICHUR,2005,41,43,6,8,0,8,10
KARNATAKA,RAILWAYS,2005,17,1,1,0,0,0,1
KARNATAKA,SHIMOGA,2005,50,38,0,17,0,17,27
KARNATAKA,TUMKUR,2005,64,54,5,14,0,14,24
KARNATAKA,UDUPI,2005,26,18,1,7,0,7,9
KARNATAKA,UTTAR KANNADA,2005,22,24,1,3,0,3,7
KARNATAKA,TOTAL,2005,1609,1406,80,343,0,343,589
KERALA,ALAPUZHA,2005,23,21,3,22,0,22,18
KERALA,CBCID,2005,10,3,0,1,0,1,0
KERALA,ERNAKULAM COMMR.,2005,15,12,11,7,0,7,6
KERALA,ERNAKULAM RURAL,2005,25,19,8,15,0,15,14
KERALA,IDUKKI,2005,26,31,1,28,0,28,7
KERALA,KANNUR,2005,23,18,2,25,0,25,7
KERALA,KASARGOD,2005,10,14,3,25,0,25,9
KERALA,KOLLAM,2005,40,29,13,47,0,47,21
KERALA,KOTTAYAM,2005,24,13,4,25,0,25,17
KERALA,KOZHIKODE COMMR.,2005,11,16,4,13,0,13,12
KERALA,KOZHIKODE RURAL,2005,6,12,4,36,0,36,11
KERALA,MALAPPURAM,2005,28,33,1,50,0,50,13
KERALA,PALAKKAD,2005,37,23,8,53,0,53,10
KERALA,PATHANAMTHITTA,2005,22,14,3,14,0,14,9
KERALA,RAILWAYS,2005,0,0,0,0,0,0,0
KERALA,THRISSUR,2005,41,35,6,38,0,38,23
KERALA,TRIVANDRUM COMMR.,2005,8,15,5,10,0,10,21
KERALA,TRIVANDRUM RURAL,2005,30,29,12,36,0,36,22
KERALA,WAYANADU,2005,9,4,0,33,0,33,6
KERALA,TOTAL,2005,388,341,88,478,0,478,226
MADHYA PRADESH,ANUPPUR,2005,25,10,0,31,0,31,7
MADHYA PRADESH,ASHOK NAGAR,2005,36,43,5,47,0,47,7
MADHYA PRADESH,BALAGHAT,2005,65,36,1,58,0,58,10
MADHYA PRADESH,BARWANI,2005,43,18,4,41,0,41,5
MADHYA PRADESH,BETUL,2005,66,30,1,136,0,136,14
MADHYA PRADESH,BHIND,2005,97,121,0,29,0,29,21
MADHYA PRADESH,BHOPAL,2005,72,71,0,79,0,79,31
MADHYA PRADESH,BHOPAL RLY.,2005,3,2,0,1,0,1,1
MADHYA PRADESH,BURHANPUR,2005,11,14,0,14,0,14,1
MADHYA PRADESH,CHHATARPUR,2005,62,72,6,46,0,46,12
MADHYA PRADESH,CHHINDWARA,2005,74,29,3,122,0,122,19
MADHYA PRADESH,DAMOH,2005,40,68,0,43,0,43,12
MADHYA PRADESH,DATIYA,2005,37,61,0,30,0,30,20
MADHYA PRADESH,DEWAS,2005,57,76,1,86,0,86,32
MADHYA PRADESH,DHAR,2005,86,82,1,134,0,134,40
MADHYA PRADESH,DINDORI,2005,18,9,1,32,0,32,1
MADHYA PRADESH,GUNA,2005,40,34,3,77,0,77,5
MADHYA PRADESH,GWALIOR,2005,99,133,22,61,0,61,44
MADHYA PRADESH,HARDA,2005,20,13,0,32,0,32,7
MADHYA PRADESH,HOSHANGABAD,2005,41,65,10,64,0,64,16
MADHYA PRADESH,INDORE,2005,104,137,7,102,0,102,59
MADHYA PRADESH,INDORE RLY.,2005,1,1,0,3,0,3,0
MADHYA PRADESH,JABALPUR,2005,77,131,0,92,0,92,36
MADHYA PRADESH,JABALPUR RLY.,2005,3,0,2,0,0,0,0
MADHYA PRADESH,JHABUA,2005,129,68,1,37,0,37,48
MADHYA PRADESH,KATNI,2005,33,25,0,46,0,46,3
MADHYA PRADESH,KHANDWA,2005,38,53,0,56,0,56,36
MADHYA PRADESH,KHARGON,2005,40,42,1,61,0,61,9
MADHYA PRADESH,MANDLA,2005,44,15,0,61,0,61,8
MADHYA PRADESH,MANDSAUR,2005,38,27,1,31,0,31,18
MADHYA PRADESH,MORENA,2005,62,105,3,32,0,32,30
MADHYA PRADESH,NARSINGHPUR,2005,34,50,6,65,0,65,2
MADHYA PRADESH,NEEMUCH,2005,13,18,2,27,0,27,9
MADHYA PRADESH,PANNA,2005,32,28,0,33,0,33,12
MADHYA PRADESH,RAISEN,2005,46,55,0,97,0,97,14
MADHYA PRADESH,RAJGARH,2005,26,47,0,75,0,75,19
MADHYA PRADESH,RATLAM,2005,47,37,3,74,0,74,13
MADHYA PRADESH,REWA,2005,53,46,1,64,0,64,26
MADHYA PRADESH,SAGAR,2005,76,105,0,110,0,110,31
MADHYA PRADESH,SATNA,2005,78,53,3,75,0,75,18
MADHYA PRADESH,SEONI,2005,23,14,4,57,0,57,10
MADHYA PRADESH,SHAHDOL,2005,44,17,3,43,0,43,6
MADHYA PRADESH,SHAJAPUR,2005,31,45,1,73,0,73,15
MADHYA PRADESH,SHEOPUR,2005,13,17,0,21,0,21,4
MADHYA PRADESH,SHIVPURI,2005,73,86,0,58,0,58,22
MADHYA PRADESH,SIDHI,2005,50,9,7,47,0,47,22
MADHYA PRADESH,SIHORE,2005,42,54,1,73,0,73,11
MADHYA PRADESH,TIKAMGARH,2005,47,43,1,40,0,40,15
MADHYA PRADESH,UJJAIN,2005,55,134,0,74,0,74,28
MADHYA PRADESH,UMARIYA,2005,18,14,27,34,0,34,3
MADHYA PRADESH,VIDISHA,2005,43,49,2,97,0,97,15
MADHYA PRADESH,TOTAL,2005,2405,2512,134,2921,0,2921,847
MAHARASHTRA,AHMEDNAGAR,2005,92,56,1,56,0,56,33
MAHARASHTRA,AKOLA,2005,46,40,2,21,0,21,24
MAHARASHTRA,AMRAVATI COMMR.,2005,30,25,2,23,0,23,11
MAHARASHTRA,AMRAVATI RURAL,2005,78,23,2,60,0,60,18
MAHARASHTRA,AURANGABAD COMMR.,2005,22,27,0,26,0,26,12
MAHARASHTRA,AURANGABAD RURAL,2005,46,17,1,9,0,9,6
MAHARASHTRA,BEED,2005,62,52,1,25,0,25,26
MAHARASHTRA,BHANDARA,2005,27,11,3,15,0,15,17
MAHARASHTRA,BULDHANA,2005,51,62,0,42,0,42,23
MAHARASHTRA,CHANDRAPUR,2005,61,18,0,41,0,41,17
MAHARASHTRA,DHULE,2005,47,30,0,15,0,15,9
MAHARASHTRA,GADCHIROLI,2005,60,45,3,22,0,22,5
MAHARASHTRA,GONDIA,2005,29,21,0,22,0,22,18
MAHARASHTRA,HINGOLI,2005,34,11,1,15,0,15,15
MAHARASHTRA,JALGAON,2005,74,55,2,52,0,52,26
MAHARASHTRA,JALNA,2005,37,40,2,20,0,20,13
MAHARASHTRA,KOLHAPUR,2005,65,62,2,26,0,26,25
MAHARASHTRA,LATUR,2005,49,40,1,24,0,24,22
MAHARASHTRA,MUMBAI,2005,212,136,8,201,0,201,198
MAHARASHTRA,MUMBAI RLY.,2005,5,1,0,2,0,2,7
MAHARASHTRA,NAGPUR COMMR.,2005,106,68,3,52,0,52,57
MAHARASHTRA,NAGPUR RLY.,2005,9,2,1,1,0,1,3
MAHARASHTRA,NAGPUR RURAL,2005,67,28,7,51,0,51,19
MAHARASHTRA,NANDED,2005,70,112,3,41,0,41,42
MAHARASHTRA,NANDURBAR,2005,27,22,0,19,0,19,3
MAHARASHTRA,NASIK COMMR.,2005,28,17,2,21,0,21,16
MAHARASHTRA,NASIK RURAL,2005,105,31,1,50,0,50,25
MAHARASHTRA,NAVI MUMBAI,2005,51,21,2,19,0,19,15
MAHARASHTRA,OSMANABAD,2005,41,19,0,22,0,22,7
MAHARASHTRA,PARBHANI,2005,39,33,2,14,0,14,13
MAHARASHTRA,PUNE COMMR.,2005,106,85,7,79,0,79,102
MAHARASHTRA,PUNE RLY.,2005,1,1,0,0,0,0,0
MAHARASHTRA,PUNE RURAL,2005,123,43,2,46,0,46,33
MAHARASHTRA,RAIGAD,2005,41,22,0,25,0,25,8
MAHARASHTRA,RATNAGIRI,2005,21,3,0,27,0,27,7
MAHARASHTRA,SANGLI,2005,77,12,1,34,0,34,32
MAHARASHTRA,SATARA,2005,59,32,7,31,0,31,26
MAHARASHTRA,SINDHUDURG,2005,15,8,2,4,0,4,4
MAHARASHTRA,SOLAPUR COMMR.,2005,24,15,0,20,0,20,10
MAHARASHTRA,SOLAPUR RURAL,2005,97,38,8,40,0,40,26
MAHARASHTRA,THANE COMMR.,2005,106,52,3,60,0,60,85
MAHARASHTRA,THANE RURAL,2005,140,51,2,66,0,66,47
MAHARASHTRA,WARDHA,2005,45,30,4,35,0,35,31
MAHARASHTRA,WASHIM,2005,24,24,1,12,0,12,15
MAHARASHTRA,YAVATMAL,2005,72,73,9,59,0,59,43
MAHARASHTRA,TOTAL,2005,2621,1614,98,1545,0,1545,1194
MANIPUR,BISHNUPUR,2005,30,38,0,3,0,3,7
MANIPUR,CHANDEL,2005,20,10,0,0,0,0,1
MANIPUR,CHURACHANDPUR,2005,49,25,1,0,0,0,4
MANIPUR,IMPHAL(EAST),2005,38,50,0,4,0,4,28
MANIPUR,IMPHAL(WEST),2005,49,68,1,10,0,10,41
MANIPUR,SENAPATI,2005,10,12,0,0,0,0,3
MANIPUR,TAMENGLONG,2005,7,2,0,1,0,1,1
MANIPUR,THOUBAL,2005,46,38,1,7,0,7,20
MANIPUR,UKHRUL,2005,7,9,1,0,0,0,1
MANIPUR,TOTAL,2005,256,252,4,25,0,25,106
MEGHALAYA,GARO HILLS EAST,2005,10,6,1,4,0,4,7
MEGHALAYA,GARO HILLS SOUTH,2005,5,2,0,0,0,0,2
MEGHALAYA,GARO HILLS WEST,2005,11,4,0,3,0,3,11
MEGHALAYA,JAINTIA HILLS,2005,43,3,0,10,0,10,7
MEGHALAYA,KHASI HILLS EAST,2005,40,12,0,25,0,25,19
MEGHALAYA,KHASI HILLS WEST,2005,8,7,0,12,0,12,0
MEGHALAYA,RI-BHOI,2005,17,1,1,9,0,9,2
MEGHALAYA,TOTAL,2005,134,35,2,63,0,63,48
MIZORAM,AIZAWL,2005,4,4,2,10,0,10,5
MIZORAM,CHAMPHAI,2005,4,3,1,5,0,5,1
MIZORAM,KOLASIB,2005,2,1,0,2,0,2,0
MIZORAM,LAWNGTLAI,2005,3,3,0,2,0,2,2
MIZORAM,LUNGLEI,2005,4,4,1,6,0,6,2
MIZORAM,MAMIT,2005,4,2,1,6,0,6,2
MIZORAM,SAIHA,2005,2,3,0,2,0,2,1
MIZORAM,SERCHHIP,2005,1,4,0,4,0,4,0
MIZORAM,TOTAL,2005,24,24,5,37,0,37,13
NAGALAND,DIMAPUR,2005,23,4,1,7,0,7,5
NAGALAND,KIPHIRE,2005,0,0,1,0,0,0,0
NAGALAND,KOHIMA,2005,19,7,0,5,0,5,12
NAGALAND,MOKOKCHUNG,2005,3,2,1,0,0,0,0
NAGALAND,MON,2005,15,3,0,1,0,1,1
NAGALAND,PEREN,2005,5,3,0,1,0,1,0
NAGALAND,PHEK,2005,2,1,1,1,0,1,2
NAGALAND,TUENSANG,2005,9,0,3,1,0,1,2
NAGALAND,WOKHA,2005,10,4,1,0,0,0,4
NAGALAND,ZUNHEBOTO,2005,1,2,0,1,0,1,0
NAGALAND,TOTAL,2005,87,26,8,17,0,17,26
ODISHA,ANGUL,2005,41,46,1,28,0,28,15
ODISHA,BALASORE,2005,27,18,3,43,0,43,41
ODISHA,BARAGARH,2005,33,54,0,21,0,21,12
ODISHA,BERHAMPUR,2005,17,58,2,6,0,6,7
ODISHA,BHADRAK,2005,17,32,0,37,0,37,18
ODISHA,BOLANGIR,2005,39,80,3,37,0,37,40
ODISHA,BOUDH,2005,16,4,0,7,0,7,2
ODISHA,CUTTACK,2005,34,119,0,29,0,29,71
ODISHA,DEOGARH,2005,15,15,1,16,0,16,8
ODISHA,DHENKANAL,2005,36,56,0,8,0,8,12
ODISHA,GAJAPATI,2005,22,7,3,9,0,9,6
ODISHA,GANJAM,2005,56,66,6,26,0,26,25
ODISHA,JAGATSINGHPUR,2005,26,35,5,14,0,14,11
ODISHA,JAJPUR,2005,22,28,0,20,0,20,39
ODISHA,JHARSUGUDA,2005,12,14,0,19,0,19,6
ODISHA,KALAHANDI,2005,24,29,3,30,0,30,11
ODISHA,KANDHAMAL,2005,28,11,0,20,0,20,20
ODISHA,KENDRAPARA,2005,29,42,1,23,0,23,20
ODISHA,KEONJHAR,2005,72,64,1,36,0,36,21
ODISHA,KHURDA,2005,43,71,3,57,0,57,65
ODISHA,KORAPUT,2005,46,19,2,45,0,45,27
ODISHA,MALKANGIR,2005,41,31,4,7,0,7,7
ODISHA,MAYURBHANJ,2005,70,38,4,102,0,102,40
ODISHA,NAYAGARH,2005,28,7,0,17,0,17,25
ODISHA,NOWRANGPUR,2005,29,13,0,18,0,18,8
ODISHA,NUAPADA,2005,11,2,1,6,0,6,7
ODISHA,PURI,2005,54,134,0,31,0,31,24
ODISHA,RAYAGADA,2005,27,20,0,17,0,17,3
ODISHA,ROURKELA,2005,23,19,1,17,0,17,12
ODISHA,SAMBALPUR,2005,44,84,0,15,0,15,25
ODISHA,SONEPUR,2005,10,14,0,4,0,4,1
ODISHA,SRP(CUTTACK),2005,2,3,0,1,0,1,1
ODISHA,SRP(ROURKELA),2005,3,1,0,1,0,1,3
ODISHA,SUNDARGARH,2005,82,45,4,32,0,32,8
ODISHA,TOTAL,2005,1079,1279,48,799,0,799,641
PUNJAB,AMRITSAR,2005,47,28,4,5,0,5,20
PUNJAB,BARNALA,2005,11,12,2,11,0,11,2
PUNJAB,BATALA,2005,22,30,1,24,0,24,18
PUNJAB,BHATINDA,2005,45,52,73,30,0,30,37
PUNJAB,FARIDKOT,2005,17,36,1,6,0,6,10
PUNJAB,FATEHGARH SAHIB,2005,17,5,1,6,0,6,6
PUNJAB,FEROZPUR,2005,43,38,7,24,0,24,14
PUNJAB,G.R.P,2005,5,3,0,1,0,1,1
PUNJAB,GURDASPUR,2005,25,24,5,16,0,16,17
PUNJAB,HOSHIARPUR,2005,34,30,10,23,0,23,19
PUNJAB,JAGRAON,2005,15,24,2,12,0,12,16
PUNJAB,JALANDHAR,2005,63,83,11,37,0,37,80
PUNJAB,KAPURTHALA,2005,23,26,4,18,0,18,24
PUNJAB,KHANNA,2005,7,36,3,11,0,11,12
PUNJAB,LUDHIANA,2005,61,55,14,42,0,42,52
PUNJAB,MAJITHA,2005,35,21,2,9,0,9,18
PUNJAB,MANSA,2005,23,23,26,15,0,15,11
PUNJAB,MOGA,2005,22,34,10,9,0,9,18
PUNJAB,MUKTSAR,2005,26,30,4,18,0,18,23
PUNJAB,NAWAN SHAHR,2005,13,23,2,14,0,14,12
PUNJAB,PATIALA,2005,61,30,10,19,0,19,24
PUNJAB,ROPAR,2005,27,10,0,18,0,18,12
PUNJAB,SANGRUR,2005,33,34,19,11,0,11,21
PUNJAB,TARN TARAN,2005,38,36,5,19,0,19,11
PUNJAB,TOTAL,2005,713,723,216,398,0,398,478
RAJASTHAN,AJMER,2005,43,54,2,26,0,26,89
RAJASTHAN,ALWAR,2005,78,93,5,52,0,52,86
RAJASTHAN,BANSWARA,2005,26,15,0,29,0,29,33
RAJASTHAN,BARAN,2005,34,80,0,45,0,45,47
RAJASTHAN,BARMER,2005,27,28,1,19,0,19,26
RAJASTHAN,BHARATPUR,2005,91,111,1,46,0,46,88
RAJASTHAN,BHILWARA,2005,35,48,8,39,0,39,136
RAJASTHAN,BIKANER,2005,39,86,0,30,0,30,20
RAJASTHAN,BUNDI,2005,20,75,0,41,0,41,70
RAJASTHAN,CHITTORGARH,2005,52,55,3,61,0,61,133
RAJASTHAN,CHURU,2005,19,33,1,18,0,18,28
RAJASTHAN,DAUSA,2005,27,21,0,12,0,12,30
RAJASTHAN,DHOLPUR,2005,31,87,1,25,0,25,53
RAJASTHAN,DUNGARPUR,2005,21,11,1,9,0,9,31
RAJASTHAN,G.R.P.,2005,4,3,0,2,0,2,2
RAJASTHAN,GANGANAGAR,2005,59,114,0,45,0,45,53
RAJASTHAN,HANUMANGARH,2005,48,79,0,36,0,36,28
RAJASTHAN,JAIPUR,2005,88,95,6,82,0,82,211
RAJASTHAN,JAISALMER,2005,7,0,1,2,0,2,9
RAJASTHAN,JALORE,2005,15,22,0,5,0,5,22
RAJASTHAN,JHALAWAR,2005,40,87,1,40,0,40,68
RAJASTHAN,JHUNJHUNU,2005,27,13,0,31,0,31,29
RAJASTHAN,JODHPUR,2005,47,102,1,29,0,29,75
RAJASTHAN,KARAULI,2005,26,20,2,22,0,22,62
RAJASTHAN,KOTA,2005,44,303,5,40,0,40,109
RAJASTHAN,NAGAUR,2005,38,27,4,33,0,33,43
RAJASTHAN,PALI,2005,33,35,3,36,0,36,68
RAJASTHAN,RAJSAMAND,2005,18,19,0,8,0,8,47
RAJASTHAN,SAWAI MADHOPUR,2005,18,33,1,23,0,23,36
RAJASTHAN,SIKAR,2005,51,46,0,21,0,21,68
RAJASTHAN,SIROHI,2005,30,24,2,23,0,23,24
RAJASTHAN,TONK,2005,24,26,1,18,0,18,64
RAJASTHAN,UDAIPUR,2005,61,75,9,45,0,45,105
RAJASTHAN,TOTAL,2005,1221,1920,59,993,0,993,1993
SIKKIM,EAST,2005,5,10,1,8,0,8,2
SIKKIM,NORTH,2005,0,2,0,1,0,1,0
SIKKIM,SOUTH,2005,2,2,0,6,0,6,1
SIKKIM,WEST,2005,1,2,1,3,0,3,0
SIKKIM,TOTAL,2005,8,16,2,18,0,18,3
TAMIL NADU,CHENNAI,2005,123,175,4,43,0,43,55
TAMIL NADU,CHENNAI RLY.,2005,1,1,0,0,0,0,0
TAMIL NADU,COIMBATORE RURAL,2005,87,122,0,33,0,33,47
TAMIL NADU,COIMBATORE URBAN,2005,19,20,1,6,0,6,4
TAMIL NADU,CUDDALORE,2005,60,90,0,32,0,32,32
TAMIL NADU,DHARMAPURI,2005,31,32,2,7,0,7,31
TAMIL NADU,DINDIGUL,2005,73,51,0,17,0,17,36
TAMIL NADU,ERODE,2005,55,28,0,22,0,22,22
TAMIL NADU,KANCHIPURAM,2005,42,62,0,18,0,18,29
TAMIL NADU,KANYAKUMARI,2005,30,41,3,13,0,13,16
TAMIL NADU,KARUR,2005,23,25,1,6,0,6,15
TAMIL NADU,KRISHNAGIRI,2005,42,21,1,10,0,10,30
TAMIL NADU,MADURAI RURAL,2005,36,70,0,24,0,24,36
TAMIL NADU,MADURAI URBAN,2005,21,40,0,5,0,5,20
TAMIL NADU,NAGAPATTINAM,2005,43,31,1,12,0,12,20
TAMIL NADU,NAMAKKAL,2005,29,26,0,0,0,0,35
TAMIL NADU,NILGIRIS,2005,11,21,0,13,0,13,9
TAMIL NADU,PERAMBALUR,2005,34,34,0,19,0,19,19
TAMIL NADU,PUDUKOTTAI,2005,29,33,0,14,0,14,34
TAMIL NADU,RAMNATHAPURAM,2005,29,28,1,5,0,5,17
TAMIL NADU,SALEM RURAL,2005,53,172,0,52,0,52,107
TAMIL NADU,SALEM URBAN,2005,17,8,0,4,0,4,12
TAMIL NADU,SIVAGANGAI,2005,15,40,2,2,0,2,9
TAMIL NADU,THANJAVUR,2005,63,55,0,9,0,9,45
TAMIL NADU,THENI,2005,29,51,0,3,0,3,17
TAMIL NADU,THIRUNELVELI RURAL,2005,75,108,4,27,0,27,26
TAMIL NADU,THIRUNELVELI URBAN,2005,14,43,0,2,0,2,10
TAMIL NADU,THIRUVALLUR,2005,27,19,1,15,0,15,21
TAMIL NADU,THIRUVANNAMALAI,2005,33,18,0,26,0,26,35
TAMIL NADU,THIRUVARUR,2005,16,20,0,4,0,4,11
TAMIL NADU,THOOTHUGUDI,2005,63,71,2,17,0,17,25
TAMIL NADU,TRICHY RLY.,2005,1,0,0,0,0,0,0
TAMIL NADU,TRICHY RURAL,2005,50,35,0,19,0,19,53
TAMIL NADU,TRICHY URBAN,2005,18,10,0,1,0,1,7
TAMIL NADU,VELLORE,2005,49,32,2,23,1,22,37
TAMIL NADU,VILUPPURAM,2005,68,83,3,49,0,49,49
TAMIL NADU,VIRUDHUNAGAR,2005,31,43,0,19,0,19,58
TAMIL NADU,TOTAL,2005,1440,1759,28,571,1,570,1029
TRIPURA,DHALAI,2005,12,5,0,15,0,15,21
TRIPURA,NORTH,2005,27,17,1,47,0,47,19
TRIPURA,SOUTH,2005,21,14,0,42,0,42,21
TRIPURA,WEST,2005,61,20,0,58,0,58,24
TRIPURA,TOTAL,2005,121,56,1,162,0,162,85
UTTAR PRADESH,AGRA,2005,115,126,34,29,0,29,120
UTTAR PRADESH,ALIGARH,2005,176,200,20,61,0,61,112
UTTAR PRADESH,ALLAHABAD,2005,144,118,48,17,0,17,67
UTTAR PRADESH,AMBEDKAR NAGAR,2005,47,41,13,11,0,11,32
UTTAR PRADESH,AURAIYA,2005,55,44,5,9,0,9,36
UTTAR PRADESH,AZAMGARH,2005,84,91,21,10,0,10,34
UTTAR PRADESH,BADAUN,2005,179,182,32,22,0,22,77
UTTAR PRADESH,BAGHPAT,2005,83,69,7,13,0,13,33
UTTAR PRADESH,BAHRAICH,2005,50,43,19,25,0,25,41
UTTAR PRADESH,BALLIA,2005,36,52,21,2,0,2,8
UTTAR PRADESH,BALRAMPUR,2005,16,13,6,6,0,6,5
UTTAR PRADESH,BANDA,2005,65,34,16,16,0,16,16
UTTAR PRADESH,BARABANKI,2005,49,66,12,30,0,30,35
UTTAR PRADESH,BAREILLY,2005,224,209,32,48,0,48,107
UTTAR PRADESH,BASTI,2005,25,20,11,13,0,13,13
UTTAR PRADESH,BIJNOR,2005,62,51,15,22,0,22,35
UTTAR PRADESH,BULANDSHAHAR,2005,198,124,20,33,0,33,81
UTTAR PRADESH,CHANDOLI,2005,29,24,12,6,0,6,6
UTTAR PRADESH,CHITRAKOOT DHAM,2005,23,10,8,10,0,10,9
UTTAR PRADESH,DEORIA,2005,39,36,21,7,0,7,19
UTTAR PRADESH,ETAH,2005,145,183,47,16,0,16,59
UTTAR PRADESH,ETAWAH,2005,67,59,7,12,0,12,71
UTTAR PRADESH,FAIZABAD,2005,55,43,13,11,0,11,35
UTTAR PRADESH,FATEHGARH,2005,70,68,8,10,0,10,31
UTTAR PRADESH,FATEHPUR,2005,92,41,36,7,0,7,28
UTTAR PRADESH,FIROZABAD,2005,122,117,34,17,0,17,71
UTTAR PRADESH,G.R.P.,2005,15,16,2,3,0,3,4
UTTAR PRADESH,GAUTAMBUDH NAGAR,2005,69,58,15,18,0,18,51
UTTAR PRADESH,GHAZIABAD,2005,183,135,35,24,0,24,103
UTTAR PRADESH,GHAZIPUR,2005,48,45,16,2,0,2,8
UTTAR PRADESH,GONDA,2005,31,59,32,12,0,12,18
UTTAR PRADESH,GORAKHPUR,2005,94,67,41,24,0,24,29
UTTAR PRADESH,HAMIRPUR,2005,48,26,23,9,0,9,14
UTTAR PRADESH,HARDOI,2005,91,52,46,31,0,31,45
UTTAR PRADESH,HATHRAS,2005,65,88,11,12,0,12,29
UTTAR PRADESH,J.P.NAGAR,2005,66,40,11,22,0,22,17
UTTAR PRADESH,JALAUN,2005,59,33,12,3,0,3,14
UTTAR PRADESH,JAUNPUR,2005,41,59,37,13,0,13,24
UTTAR PRADESH,JHANSI,2005,50,19,27,3,0,3,11
UTTAR PRADESH,KANNAUJ,2005,61,55,16,5,0,5,38
UTTAR PRADESH,KANPUR DEHAT,2005,49,34,22,8,0,8,61
UTTAR PRADESH,KANPUR NAGAR,2005,150,91,40,18,0,18,107
UTTAR PRADESH,KAUSHAMBI,2005,70,25,18,9,0,9,11
UTTAR PRADESH,KHIRI,2005,131,141,33,45,0,45,69
UTTAR PRADESH,KUSHI NAGAR,2005,41,35,33,6,0,6,22
UTTAR PRADESH,LALITPUR,2005,21,3,13,1,0,1,2
UTTAR PRADESH,LUCKNOW,2005,194,156,38,51,0,51,150
UTTAR PRADESH,MAHARAJGANJ,2005,30,13,17,9,0,9,15
UTTAR PRADESH,MAHOBA,2005,43,13,8,4,0,4,1
UTTAR PRADESH,MAINPURI,2005,111,121,18,5,0,5,41
UTTAR PRADESH,MATHURA,2005,90,128,26,18,0,18,54
UTTAR PRADESH,MAU,2005,34,41,17,5,0,5,8
UTTAR PRADESH,MEERUT,2005,199,208,16,37,0,37,139
UTTAR PRADESH,MIRZAPUR,2005,50,21,14,6,0,6,10
UTTAR PRADESH,MORADABAD,2005,168,169,29,52,0,52,98
UTTAR PRADESH,MUZAFFARNAGAR,2005,207,187,24,44,0,44,80
UTTAR PRADESH,PILIBHIT,2005,59,59,16,24,0,24,37
UTTAR PRADESH,PRATAPGARH,2005,60,74,24,15,0,15,37
UTTAR PRADESH,RAIBAREILLY,2005,72,81,21,26,0,26,41
UTTAR PRADESH,RAMPUR,2005,69,57,14,17,0,17,33
UTTAR PRADESH,SAHARANPUR,2005,84,117,20,15,0,15,31
UTTAR PRADESH,SANT KABIRNAGAR,2005,16,12,2,3,0,3,16
UTTAR PRADESH,SHAHJAHANPUR,2005,139,120,14,26,0,26,55
UTTAR PRADESH,SHRAWASTI,2005,21,14,9,6,0,6,13
UTTAR PRADESH,SIDHARTHNAGAR,2005,17,15,10,4,0,4,19
UTTAR PRADESH,SITAPUR,2005,142,627,43,51,0,51,89
UTTAR PRADESH,SONBHADRA,2005,24,17,19,8,0,8,7
UTTAR PRADESH,ST.RAVIDASNAGAR,2005,17,21,7,1,0,1,2
UTTAR PRADESH,SULTANPUR,2005,57,88,36,16,0,16,33
UTTAR PRADESH,UNNAO,2005,102,68,50,35,0,35,54
UTTAR PRADESH,VARANASI,2005,73,65,27,8,0,8,34
UTTAR PRADESH,TOTAL,2005,5711,5637,1520,1217,0,1217,2955
UTTARAKHAND,ALMORA,2005,22,7,0,6,0,6,6
UTTARAKHAND,BAGESHWAR,2005,10,5,0,7,0,7,2
UTTARAKHAND,CHAMOLI,2005,9,4,2,4,0,4,5
UTTARAKHAND,CHAMPAWAT,2005,7,0,0,1,0,1,3
UTTARAKHAND,DEHRADUN,2005,42,39,5,23,0,23,45
UTTARAKHAND,HARIDWAR,2005,65,56,5,32,0,32,54
UTTARAKHAND,NAINITAL,2005,31,29,5,7,0,7,16
UTTARAKHAND,PAURI GARHWAL,2005,17,6,3,7,0,7,4
UTTARAKHAND,PITHORAGARH,2005,8,4,2,7,0,7,4
UTTARAKHAND,RUDRA PRAYAG,2005,11,4,2,2,0,2,4
UTTARAKHAND,TEHRI GARHWAL,2005,11,10,0,9,0,9,8
UTTARAKHAND,UDHAMSINGH NAGAR,2005,40,34,4,21,0,21,47
UTTARAKHAND,UTTARKASHI,2005,6,4,2,7,0,7,5
UTTARAKHAND,TOTAL,2005,279,202,30,133,0,133,203
WEST BENGAL,24 PARGANAS NORTH,2005,168,70,38,217,0,217,211
WEST BENGAL,24 PARGANAS SOUTH,2005,131,8,39,136,0,136,118
WEST BENGAL,ASANSOL,2005,27,2,2,9,0,9,14
WEST BENGAL,BANKURA,2005,53,6,10,43,0,43,27
WEST BENGAL,BIRBHUM,2005,47,19,16,78,0,78,41
WEST BENGAL,BURDWAN,2005,110,10,26,113,0,113,53
WEST BENGAL,COOCHBEHAR,2005,33,7,6,82,0,82,30
WEST BENGAL,DAKSHIN DINAJPUR,2005,27,5,15,28,0,28,33
WEST BENGAL,DARJEELING,2005,50,4,18,39,0,39,17
WEST BENGAL,HOOGHLY,2005,58,6,23,42,0,42,32
WEST BENGAL,HOWRAH,2005,50,2,7,41,0,41,34
WEST BENGAL,HOWRAH CITY,2005,31,4,11,20,0,20,21
WEST BENGAL,HOWRAH G.R.P.,2005,7,6,2,0,0,0,8
WEST BENGAL,JALPAIGURI,2005,87,22,42,108,0,108,61
WEST BENGAL,KHARAGPUR G.R.P.,2005,2,0,2,1,0,1,1
WEST BENGAL,KOLKATA,2005,43,73,16,13,0,13,82
WEST BENGAL,MALDA,2005,61,55,21,96,0,96,44
WEST BENGAL,MURSHIDABAD,2005,115,23,46,236,0,236,121
WEST BENGAL,NADIA,2005,100,0,12,148,0,148,102
WEST BENGAL,PASCHIM MIDNAPUR,2005,79,38,14,92,0,92,45
WEST BENGAL,PURAB MIDNAPUR,2005,42,19,17,54,0,54,54
WEST BENGAL,PURULIA,2005,61,0,9,34,0,34,8
WEST BENGAL,SEALDAH G.R.P.,2005,20,4,2,3,0,3,9
WEST BENGAL,SILIGURI G.R.P.,2005,2,0,1,0,0,0,2
WEST BENGAL,UTTAR DINAJPUR,2005,49,51,13,53,0,53,39
WEST BENGAL,TOTAL,2005,1453,434,408,1686,0,1686,1207
A & N ISLANDS,ANDAMAN,2005,14,3,3,4,0,4,2
A & N ISLANDS,NICOBAR,2005,0,0,0,0,0,0,0
A & N ISLANDS,TOTAL,2005,14,3,3,4,0,4,2
CHANDIGARH,CHANDIGARH,2005,18,15,4,33,0,33,54
CHANDIGARH,TOTAL,2005,18,15,4,33,0,33,54
D & N HAVELI,D and N HAVELI,2005,7,5,0,5,0,5,13
D & N HAVELI,TOTAL,2005,7,5,0,5,0,5,13
DAMAN & DIU,DAMAN,2005,4,2,0,2,0,2,4
DAMAN & DIU,DIU,2005,1,0,0,0,0,0,0
DAMAN & DIU,TOTAL,2005,5,2,0,2,0,2,4
DELHI UT,CENTRAL,2005,23,28,3,20,0,20,52
DELHI UT,DELHI UT TOTAL,2005,455,467,64,658,0,658,1590
DELHI UT,EAST,2005,31,38,2,59,0,59,153
DELHI UT,G.R.P.(RLY),2005,16,4,1,2,0,2,4
DELHI UT,IGI AIRPORT,2005,1,0,0,1,0,1,4
DELHI UT,NEW DELHI,2005,10,11,3,6,0,6,19
DELHI UT,NORTH,2005,24,23,1,22,0,22,78
DELHI UT,NORTH-EAST,2005,51,63,8,106,0,106,212
DELHI UT,NORTH-WEST,2005,128,121,18,190,0,190,572
DELHI UT,SOUTH,2005,67,63,6,87,0,87,231
DELHI UT,SOUTH-WEST,2005,47,51,10,71,0,71,114
DELHI UT,SPL CELL,2005,0,10,0,0,0,0,0
DELHI UT,WEST,2005,57,55,12,94,0,94,151
LAKSHADWEEP,LAKSHADWEEP,2005,1,0,0,0,0,0,0
LAKSHADWEEP,TOTAL,2005,1,0,0,0,0,0,0
PUDUCHERRY,PONDICHERRY,2005,19,24,8,6,0,6,6
PUDUCHERRY,TOTAL,2005,19,24,8,6,0,6,6
ANDHRA PRADESH,ADILABAD,2006,99,88,14,64,0,64,96
ANDHRA PRADESH,ANANTAPUR,2006,184,116,0,16,0,16,67
ANDHRA PRADESH,CHITTOOR,2006,126,59,1,31,0,31,65
ANDHRA PRADESH,CUDDAPAH,2006,98,0,3,25,0,25,68
ANDHRA PRADESH,CYBERABAD,2006,193,92,11,60,0,60,166
ANDHRA PRADESH,EAST GODAVARI,2006,85,116,2,41,0,41,81
ANDHRA PRADESH,GUNTAKAL RLY.,2006,7,0,0,0,0,0,1
ANDHRA PRADESH,GUNTUR,2006,155,119,4,47,0,47,99
ANDHRA PRADESH,HYDERABAD CITY,2006,125,116,6,93,0,93,143
ANDHRA PRADESH,KARIMNAGAR,2006,147,103,8,73,0,73,151
ANDHRA PRADESH,KHAMMAM,2006,134,59,2,44,0,44,91
ANDHRA PRADESH,KRISHNA,2006,73,60,1,36,0,36,54
ANDHRA PRADESH,KURNOOL,2006,132,101,1,35,0,35,85
ANDHRA PRADESH,MAHABOOBNAGAR,2006,191,75,17,67,0,67,73
ANDHRA PRADESH,MEDAK,2006,134,69,9,57,0,57,63
ANDHRA PRADESH,NALGONDA,2006,132,47,4,61,0,61,86
ANDHRA PRADESH,NELLORE,2006,78,74,5,35,0,35,69
ANDHRA PRADESH,NIZAMABAD,2006,110,83,11,36,0,36,71
ANDHRA PRADESH,PRAKASHAM,2006,92,111,3,23,0,23,83
ANDHRA PRADESH,RANGA REDDY,2006,57,26,5,9,0,9,29
ANDHRA PRADESH,SECUNDERABAD RLY.,2006,11,0,0,2,0,2,3
ANDHRA PRADESH,SRIKAKULAM,2006,46,0,6,27,0,27,21
ANDHRA PRADESH,VIJAYAWADA CITY,2006,43,50,6,21,1,20,86
ANDHRA PRADESH,VIJAYAWADA RLY.,2006,2,1,0,0,0,0,0
ANDHRA PRADESH,VISAKHA RURAL,2006,65,29,1,6,0,6,11
ANDHRA PRADESH,VISAKHAPATNAM,2006,37,30,1,21,0,21,49
ANDHRA PRADESH,VIZIANAGARAM,2006,35,17,0,16,0,16,20
ANDHRA PRADESH,WARANGAL,2006,116,89,2,50,0,50,103
ANDHRA PRADESH,WEST GODAVARI,2006,59,130,0,53,0,53,96
ANDHRA PRADESH,TOTAL,2006,2766,1860,123,1049,1,1048,2030
ARUNACHAL PRADESH,CHANGLANG,2006,3,3,1,4,0,4,4
ARUNACHAL PRADESH,DIBANG VALLEY,2006,2,5,0,2,0,2,2
ARUNACHAL PRADESH,K/KUMEY,2006,5,1,0,2,0,2,3
ARUNACHAL PRADESH,KAMENG EAST,2006,3,0,0,1,0,1,3
ARUNACHAL PRADESH,KAMENG WEST,2006,4,1,0,2,0,2,2
ARUNACHAL PRADESH,LOHIT,2006,9,0,0,3,0,3,10
ARUNACHAL PRADESH,PAPUM PARE,2006,10,11,1,5,0,5,20
ARUNACHAL PRADESH,SIANG EAST,2006,2,8,0,7,0,7,6
ARUNACHAL PRADESH,SIANG UPPER,2006,1,0,0,2,0,2,2
ARUNACHAL PRADESH,SIANG WEST,2006,6,1,1,0,0,0,7
ARUNACHAL PRADESH,SUBANSIRI LOWER,2006,4,1,0,3,0,3,5
ARUNACHAL PRADESH,SUBANSIRI UPPER,2006,4,0,0,2,0,2,4
ARUNACHAL PRADESH,TAWANG,2006,0,0,0,0,0,0,0
ARUNACHAL PRADESH,TIRAP,2006,7,2,0,4,0,4,7
ARUNACHAL PRADESH,UPPER DIBANG VALLEY,2006,0,0,0,0,0,0,0
ARUNACHAL PRADESH,TOTAL,2006,60,33,3,37,0,37,75
ASSAM,BARPETA,2006,57,3,0,58,0,58,75
ASSAM,BASKA,2006,25,5,0,14,0,14,24
ASSAM,BONGAIGAON,2006,15,1,0,13,0,13,19
ASSAM,C.I.D.,2006,0,0,0,0,0,0,1
ASSAM,CACHAR,2006,58,18,0,60,0,60,129
ASSAM,CHIRANG,2006,39,4,4,30,0,30,26
ASSAM,DARRANG,2006,25,14,0,70,0,70,53
ASSAM,DHEMAJI,2006,23,33,1,58,0,58,45
ASSAM,DHUBRI,2006,40,37,0,115,0,115,118
ASSAM,DIBRUGARH,2006,104,25,4,53,0,53,65
ASSAM,G.R.P.,2006,6,0,0,1,0,1,1
ASSAM,GOALPARA,2006,23,9,4,55,0,55,40
ASSAM,GOLAGHAT,2006,72,24,4,63,0,63,91
ASSAM,GUWAHATI CITY,2006,60,43,4,33,0,33,151
ASSAM,HAILAKANDI,2006,18,1,1,23,0,23,56
ASSAM,JORHAT,2006,37,6,0,30,0,30,54
ASSAM,KAMRUP,2006,43,3,0,37,0,37,80
ASSAM,KARBI ANGLONG,2006,42,14,1,14,0,14,40
ASSAM,KARIMGANJ,2006,38,22,2,44,0,44,46
ASSAM,KOKRAJHAR,2006,38,14,0,29,0,29,47
ASSAM,LAKHIMPUR,2006,43,4,0,79,0,79,96
ASSAM,MORIGAON,2006,27,3,1,58,0,58,56
ASSAM,N.C.HILLS,2006,18,11,0,4,0,4,14
ASSAM,NAGAON,2006,83,33,2,133,0,133,179
ASSAM,NALBARI,2006,24,21,0,17,0,17,33
ASSAM,R.P.O.,2006,5,0,0,3,0,3,5
ASSAM,SIBSAGAR,2006,77,30,3,54,0,54,79
ASSAM,SONITPUR,2006,88,16,1,56,0,56,108
ASSAM,TINSUKIA,2006,48,13,0,23,0,23,57
ASSAM,UDALGURI,2006,31,7,0,17,0,17,37
ASSAM,TOTAL,2006,1207,414,32,1244,0,1244,1825
BIHAR,ARARIA,2006,63,37,5,42,0,42,104
BIHAR,ARWAL,2006,22,53,0,0,0,0,9
BIHAR,AURANGABAD,2006,82,175,0,18,0,18,42
BIHAR,BAGAHA,2006,45,12,4,27,0,27,44
BIHAR,BANKA,2006,77,12,6,70,0,70,41
BIHAR,BEGUSARAI,2006,111,225,5,23,0,23,69
BIHAR,BETTIAH,2006,74,105,5,49,0,49,110
BIHAR,BHABHUA,2006,53,16,2,22,0,22,35
BIHAR,BHAGALPUR,2006,119,94,7,43,0,43,83
BIHAR,BHOJPUR,2006,127,235,0,17,0,17,57
BIHAR,BUXAR,2006,46,67,0,10,0,10,48
BIHAR,DARBHANGA,2006,70,74,6,74,0,74,68
BIHAR,GAYA,2006,158,178,28,25,0,25,68
BIHAR,GOPALGANJ,2006,72,46,10,23,0,23,55
BIHAR,JAMALPUR RLY.,2006,4,0,0,0,0,0,0
BIHAR,JAMUI,2006,69,82,12,29,0,29,28
BIHAR,JEHANABAD,2006,39,14,1,10,0,10,20
BIHAR,KATIHAR,2006,59,46,3,82,0,82,57
BIHAR,KATIHAR RLY.,2006,10,0,0,3,0,3,6
BIHAR,KHAGARIA,2006,53,148,1,22,0,22,47
BIHAR,KISHANGANJ,2006,20,3,1,81,0,81,84
BIHAR,LAKHISARAI,2006,48,111,6,12,0,12,30
BIHAR,MADHEPURA,2006,60,24,2,10,0,10,16
BIHAR,MADHUBANI,2006,62,89,10,58,0,58,76
BIHAR,MOTIHARI,2006,119,142,13,22,0,22,100
BIHAR,MUNGER,2006,73,35,1,13,0,13,53
BIHAR,MUZAFFARPUR,2006,134,24,6,48,0,48,148
BIHAR,MUZAFFARPUR RLY.,2006,20,3,1,3,0,3,14
BIHAR,NALANDA,2006,143,91,7,31,0,31,76
BIHAR,NAUGACHIA,2006,36,13,0,8,0,8,12
BIHAR,NAWADAH,2006,80,131,3,20,0,20,36
BIHAR,PATNA,2006,338,88,83,54,0,54,309
BIHAR,PATNA RLY.,2006,16,15,3,1,0,1,7
BIHAR,PURNEA,2006,57,23,5,41,0,41,44
BIHAR,ROHTAS,2006,102,88,5,17,0,17,45
BIHAR,SAHARSA,2006,44,97,2,33,0,33,41
BIHAR,SAMASTIPUR,2006,102,195,37,53,0,53,109
BIHAR,SARAN,2006,134,290,18,48,0,48,104
BIHAR,SHEIKHPURA,2006,24,8,4,5,0,5,9
BIHAR,SHEOHAR,2006,16,28,1,2,0,2,19
BIHAR,SITAMARHI,2006,45,30,4,27,0,27,61
BIHAR,SIWAN,2006,93,72,8,18,0,18,103
BIHAR,SUPAUL,2006,31,45,2,24,0,24,31
BIHAR,VAISHALI,2006,99,39,9,14,0,14,101
BIHAR,TOTAL,2006,3249,3303,326,1232,0,1232,2619
CHHATTISGARH,BALRAMPUR,2006,38,23,0,45,0,45,1
CHHATTISGARH,BILASPUR,2006,95,62,1,68,0,68,27
CHHATTISGARH,BIZAPUR,2006,139,181,1,6,0,6,7
CHHATTISGARH,DANTEWARA,2006,88,85,0,14,0,14,16
CHHATTISGARH,DHAMTARI,2006,21,11,0,27,0,27,4
CHHATTISGARH,DURG,2006,71,54,6,108,0,108,33
CHHATTISGARH,GRP RAIPUR,2006,4,1,0,1,0,1,0
CHHATTISGARH,JAGDALPUR,2006,62,38,0,71,0,71,14
CHHATTISGARH,JANJGIR,2006,47,43,0,40,0,40,12
CHHATTISGARH,JASHPUR,2006,47,10,1,62,0,62,8
CHHATTISGARH,KABIRDHAM,2006,14,10,0,36,0,36,1
CHHATTISGARH,KANKER,2006,36,40,1,23,0,23,9
CHHATTISGARH,KORBA,2006,43,17,0,40,0,40,5
CHHATTISGARH,KORIYA,2006,35,27,0,51,0,51,7
CHHATTISGARH,MAHASAMUND,2006,21,16,0,32,0,32,3
CHHATTISGARH,NARAYANPUR,2006,23,43,0,2,0,2,5
CHHATTISGARH,RAIGARH,2006,54,21,0,38,0,38,7
CHHATTISGARH,RAIPUR,2006,106,66,2,130,0,130,54
CHHATTISGARH,RAJNANDGAON,2006,50,31,1,69,0,69,10
CHHATTISGARH,SARGUJA,2006,56,26,2,75,0,75,11
CHHATTISGARH,SURAJPUR,2006,48,20,0,57,0,57,5
CHHATTISGARH,TOTAL,2006,1098,825,15,995,0,995,239
GOA,NORTH GOA,2006,24,8,1,8,0,8,9
GOA,SOUTH GOA,2006,15,9,0,13,0,13,7
GOA,TOTAL,2006,39,17,1,21,0,21,16
GUJARAT,AHMEDABAD COMMR.,2006,99,60,7,46,0,46,182
GUJARAT,AHMEDABAD RURAL,2006,47,4,1,10,0,10,28
GUJARAT,AHWA-DANG,2006,7,1,0,3,0,3,0
GUJARAT,AMRELI,2006,20,11,3,15,0,15,31
GUJARAT,ANAND,2006,26,6,1,14,0,14,33
GUJARAT,BHARUCH,2006,37,9,1,7,0,7,7
GUJARAT,BHAVNAGAR,2006,59,40,1,26,0,26,128
GUJARAT,DAHOD,2006,30,18,0,0,0,0,21
GUJARAT,GANDHINAGAR,2006,23,13,0,14,0,14,24
GUJARAT,HIMATNAGAR,2006,35,4,2,11,0,11,32
GUJARAT,JAMNAGAR,2006,29,11,0,13,0,13,21
GUJARAT,JUNAGADH,2006,54,19,0,6,0,6,52
GUJARAT,KHEDA NORTH,2006,37,9,0,17,0,17,36
GUJARAT,KUTCH,2006,39,23,0,19,0,19,52
GUJARAT,MEHSANA,2006,24,22,0,6,0,6,41
GUJARAT,NARMADA,2006,11,8,0,2,0,2,6
GUJARAT,NAVSARI,2006,16,6,0,2,0,2,8
GUJARAT,PALANPUR,2006,42,18,0,22,0,22,37
GUJARAT,PANCHMAHAL,2006,62,13,0,6,0,6,44
GUJARAT,PATAN,2006,14,9,1,10,0,10,13
GUJARAT,PORBANDAR,2006,9,5,0,2,0,2,7
GUJARAT,RAJKOT COMMR.,2006,29,15,0,4,0,4,26
GUJARAT,RAJKOT RURAL,2006,42,20,3,21,0,21,37
GUJARAT,SURAT COMMR.,2006,103,30,1,31,0,31,130
GUJARAT,SURAT RURAL,2006,71,7,0,11,0,11,11
GUJARAT,SURENDRANAGAR,2006,30,15,0,17,0,17,23
GUJARAT,VADODARA COMMR.,2006,32,34,2,6,0,6,54
GUJARAT,VADODARA RURAL,2006,82,19,0,10,0,10,20
GUJARAT,VALSAD,2006,43,17,0,1,0,1,18
GUJARAT,W.RLY,2006,13,5,1,2,0,2,6
GUJARAT,TOTAL,2006,1165,471,24,354,0,354,1128
HARYANA,AMBALA,2006,39,12,2,19,0,19,22
HARYANA,BHIWANI,2006,45,29,0,35,0,35,34
HARYANA,FARIDABAD,2006,58,45,7,40,0,40,86
HARYANA,FATEHABAD,2006,23,15,4,18,0,18,20
HARYANA,GRP,2006,20,4,1,1,0,1,1
HARYANA,GURGAON,2006,93,63,4,30,0,30,70
HARYANA,HISSAR,2006,58,58,3,23,0,23,31
HARYANA,JHAJJAR,2006,51,34,0,15,0,15,10
HARYANA,JIND,2006,42,27,6,32,0,32,15
HARYANA,KAITHAL,2006,24,11,1,25,0,25,14
HARYANA,KARNAL,2006,32,29,6,51,0,51,40
HARYANA,KURUKSHETRA,2006,24,19,4,34,0,34,24
HARYANA,MAHENDRAGARH,2006,28,12,2,17,0,17,26
HARYANA,MEWAT,2006,16,26,3,35,0,35,14
HARYANA,PALWAL,2006,33,24,1,26,0,26,23
HARYANA,PANCHKULA,2006,14,6,0,10,0,10,15
HARYANA,PANIPAT,2006,46,25,6,65,0,65,46
HARYANA,REWARI,2006,32,26,2,21,0,21,15
HARYANA,ROHTAK,2006,62,36,0,34,0,34,23
HARYANA,SIRSA,2006,37,28,2,18,0,18,11
HARYANA,SONIPAT,2006,69,39,3,31,0,31,67
HARYANA,YAMUNANAGAR,2006,27,17,2,28,0,28,28
HARYANA,TOTAL,2006,873,585,59,608,0,608,635
HIMACHAL PRADESH,BILASPUR,2006,6,9,1,11,0,11,4
HIMACHAL PRADESH,CHAMBA,2006,14,4,0,4,0,4,12
HIMACHAL PRADESH,G.R.P.,2006,0,0,0,0,0,0,0
HIMACHAL PRADESH,HAMIRPUR,2006,10,4,1,1,0,1,4
HIMACHAL PRADESH,KANGRA,2006,19,19,3,12,0,12,25
HIMACHAL PRADESH,KINNAUR,2006,2,0,0,2,0,2,5
HIMACHAL PRADESH,KULLU,2006,5,4,3,10,0,10,9
HIMACHAL PRADESH,LAHAUL-SPITI,2006,1,0,0,0,0,0,1
HIMACHAL PRADESH,MANDI,2006,12,6,0,18,0,18,12
HIMACHAL PRADESH,SHIMLA,2006,16,13,0,34,0,34,28
HIMACHAL PRADESH,SIRMAUR,2006,10,9,1,3,0,3,6
HIMACHAL PRADESH,SOLAN,2006,10,3,4,9,0,9,18
HIMACHAL PRADESH,UNA,2006,6,7,7,9,0,9,6
HIMACHAL PRADESH,TOTAL,2006,111,78,20,113,0,113,130
JAMMU & KASHMIR,ANANTNAG,2006,23,29,3,22,0,22,88
JAMMU & KASHMIR,AWANTIPORA,2006,19,5,0,9,0,9,12
JAMMU & KASHMIR,BARAMULLA,2006,63,115,3,15,0,15,111
JAMMU & KASHMIR,BORDER DISTRICT,2006,9,15,0,6,0,6,12
JAMMU & KASHMIR,BUDGAM,2006,12,31,3,5,0,5,54
JAMMU & KASHMIR,CRIME JAMMU,2006,3,0,0,0,0,0,0
JAMMU & KASHMIR,CRIME SRINAGAR,2006,0,0,0,0,0,0,0
JAMMU & KASHMIR,DODA,2006,65,94,3,10,0,10,36
JAMMU & KASHMIR,GANDERBAL,2006,20,7,0,4,0,4,35
JAMMU & KASHMIR,HANDWARA,2006,17,29,10,8,0,8,27
JAMMU & KASHMIR,JAMMU,2006,25,51,10,21,0,21,58
JAMMU & KASHMIR,KARGIL,2006,1,0,0,0,0,0,4
JAMMU & KASHMIR,KATHUA,2006,6,22,1,12,0,12,27
JAMMU & KASHMIR,KULGAM,2006,36,12,1,14,0,14,47
JAMMU & KASHMIR,KUPWARA,2006,16,56,1,11,0,11,31
JAMMU & KASHMIR,LEH,2006,2,5,1,3,0,3,5
JAMMU & KASHMIR,POONCH,2006,30,65,0,21,0,21,21
JAMMU & KASHMIR,PULWAMA,2006,24,61,0,9,0,9,57
JAMMU & KASHMIR,RAILWAYS,2006,0,0,0,0,0,0,0
JAMMU & KASHMIR,RAJOURI,2006,20,41,0,26,0,26,37
JAMMU & KASHMIR,RAMBAN,2006,18,33,3,14,0,14,5
JAMMU & KASHMIR,REASI,2006,19,39,0,7,0,7,10
JAMMU & KASHMIR,SRINAGAR,2006,49,122,1,22,0,22,102
JAMMU & KASHMIR,UDHAMPUR,2006,10,22,0,11,0,11,10
JAMMU & KASHMIR,TOTAL,2006,487,854,40,250,0,250,789
JHARKHAND,BOKARO,2006,38,7,0,24,0,24,49
JHARKHAND,CHAIBASA,2006,129,35,1,53,0,53,12
JHARKHAND,CHATRA,2006,30,0,0,13,0,13,11
JHARKHAND,DEOGHAR,2006,33,6,4,33,0,33,8
JHARKHAND,DHANBAD,2006,86,64,16,37,0,37,65
JHARKHAND,DHANBAD RLY.,2006,11,0,0,0,0,0,0
JHARKHAND,DUMKA,2006,50,18,4,55,0,55,28
JHARKHAND,GARHWA,2006,49,5,4,26,0,26,14
JHARKHAND,GIRIDIH,2006,56,145,1,56,0,56,35
JHARKHAND,GODDA,2006,40,79,5,33,0,33,25
JHARKHAND,GUMLA,2006,126,58,3,55,0,55,26
JHARKHAND,HAZARIBAGH,2006,97,103,12,45,0,45,77
JHARKHAND,JAMSHEDPUR,2006,90,95,6,54,0,54,43
JHARKHAND,JAMSHEDPUR RLY.,2006,5,0,0,2,0,2,0
JHARKHAND,JAMTARA,2006,16,34,4,21,0,21,15
JHARKHAND,KODERMA,2006,38,18,3,21,0,21,19
JHARKHAND,LATEHAR,2006,24,10,5,12,0,12,9
JHARKHAND,LOHARDAGGA,2006,33,17,2,21,0,21,13
JHARKHAND,PAKUR,2006,41,120,5,28,0,28,19
JHARKHAND,PALAMU,2006,90,47,3,32,0,32,28
JHARKHAND,RANCHI,2006,253,60,16,79,0,79,94
JHARKHAND,SAHEBGANJ,2006,36,43,0,53,0,53,22
JHARKHAND,SARAIKELA,2006,52,77,2,17,0,17,14
JHARKHAND,SIMDEGA,2006,69,37,1,29,0,29,9
JHARKHAND,TOTAL,2006,1492,1078,97,799,0,799,635
KARNATAKA,BAGALKOT,2006,35,25,1,12,0,12,20
KARNATAKA,BANGALORE COMMR.,2006,218,324,7,33,0,33,99
KARNATAKA,BANGALORE RURAL,2006,175,104,1,26,0,26,34
KARNATAKA,BELGAUM,2006,98,91,0,22,0,22,35
KARNATAKA,BELLARY,2006,56,44,1,15,0,15,23
KARNATAKA,BIDAR,2006,38,53,6,8,0,8,20
KARNATAKA,BIJAPUR,2006,63,59,0,18,0,18,26
KARNATAKA,CHAMARAJNAGAR,2006,20,15,1,16,0,16,7
KARNATAKA,CHICKMAGALUR,2006,40,42,2,17,0,17,11
KARNATAKA,CHITRADURGA,2006,38,21,3,16,0,16,19
KARNATAKA,DAKSHIN KANNADA,2006,28,44,0,17,0,17,12
KARNATAKA,DAVANAGERE,2006,23,13,4,17,0,17,14
KARNATAKA,DHARWAD COMMR.,2006,23,18,0,3,0,3,15
KARNATAKA,DHARWAD RURAL,2006,34,9,2,4,0,4,8
KARNATAKA,GADAG,2006,20,12,1,1,0,1,5
KARNATAKA,GULBARGA,2006,99,125,2,18,0,18,45
KARNATAKA,HASSAN,2006,61,38,1,13,0,13,11
KARNATAKA,HAVERI,2006,27,10,2,5,0,5,13
KARNATAKA,K.G.F.,2006,14,26,0,3,0,3,8
KARNATAKA,KODAGU,2006,27,33,1,6,0,6,6
KARNATAKA,KOLAR,2006,96,59,1,13,0,13,27
KARNATAKA,KOPPAL,2006,25,9,11,6,0,6,7
KARNATAKA,MANDYA,2006,58,46,3,19,0,19,14
KARNATAKA,MYSORE COMMR.,2006,33,45,0,15,0,15,8
KARNATAKA,MYSORE RURAL,2006,60,43,4,10,0,10,8
KARNATAKA,RAICHUR,2006,32,46,5,13,0,13,18
KARNATAKA,RAILWAYS,2006,22,2,0,0,0,0,2
KARNATAKA,SHIMOGA,2006,50,52,0,23,0,23,21
KARNATAKA,TUMKUR,2006,62,41,4,13,0,13,15
KARNATAKA,UDUPI,2006,21,10,1,11,0,11,7
KARNATAKA,UTTAR KANNADA,2006,31,25,4,7,0,7,5
KARNATAKA,TOTAL,2006,1627,1484,68,400,0,400,563
KERALA,ALAPUZHA,2006,27,33,6,15,0,15,18
KERALA,CBCID,2006,16,1,1,1,0,1,1
KERALA,ERNAKULAM COMMR.,2006,13,12,8,14,0,14,11
KERALA,ERNAKULAM RURAL,2006,28,16,5,25,0,25,14
KERALA,IDUKKI,2006,31,7,1,30,0,30,14
KERALA,KANNUR,2006,20,29,0,37,0,37,16
KERALA,KASARGOD,2006,15,12,0,27,0,27,8
KERALA,KOLLAM,2006,34,39,14,75,0,75,35
KERALA,KOTTAYAM,2006,21,18,5,30,0,30,22
KERALA,KOZHIKODE COMMR.,2006,7,9,4,19,0,19,12
KERALA,KOZHIKODE RURAL,2006,6,21,3,40,0,40,11
KERALA,MALAPPURAM,2006,19,15,3,45,0,45,10
KERALA,PALAKKAD,2006,44,30,7,59,0,59,8
KERALA,PATHANAMTHITTA,2006,18,8,1,24,0,24,15
KERALA,RAILWAYS,2006,0,0,0,0,0,0,0
KERALA,THRISSUR,2006,44,48,9,55,0,55,18
KERALA,TRIVANDRUM COMMR.,2006,14,28,3,28,0,28,28
KERALA,TRIVANDRUM RURAL,2006,27,13,16,41,0,41,49
KERALA,WAYANADU,2006,9,8,1,36,0,36,4
KERALA,TOTAL,2006,393,347,87,601,0,601,294
MADHYA PRADESH,ANUPPUR,2006,32,11,0,38,0,38,9
MADHYA PRADESH,ASHOK NAGAR,2006,33,33,6,54,0,54,8
MADHYA PRADESH,BALAGHAT,2006,60,22,1,67,0,67,5
MADHYA PRADESH,BARWANI,2006,39,29,7,48,0,48,2
MADHYA PRADESH,BETUL,2006,65,24,1,142,0,142,27
MADHYA PRADESH,BHIND,2006,72,103,8,34,0,34,13
MADHYA PRADESH,BHOPAL,2006,62,89,0,70,0,70,49
MADHYA PRADESH,BHOPAL RLY.,2006,4,2,0,1,0,1,4
MADHYA PRADESH,BURHANPUR,2006,13,6,0,21,0,21,4
MADHYA PRADESH,CHHATARPUR,2006,71,72,5,59,0,59,23
MADHYA PRADESH,CHHINDWARA,2006,76,38,8,125,0,125,16
MADHYA PRADESH,DAMOH,2006,44,52,0,40,0,40,4
MADHYA PRADESH,DATIYA,2006,50,58,0,23,0,23,18
MADHYA PRADESH,DEWAS,2006,43,72,1,85,0,85,21
MADHYA PRADESH,DHAR,2006,58,65,3,103,0,103,35
MADHYA PRADESH,DINDORI,2006,27,5,3,26,0,26,0
MADHYA PRADESH,GUNA,2006,37,45,6,69,0,69,13
MADHYA PRADESH,GWALIOR,2006,107,152,13,77,0,77,41
MADHYA PRADESH,HARDA,2006,16,26,0,25,0,25,7
MADHYA PRADESH,HOSHANGABAD,2006,47,46,3,57,0,57,12
MADHYA PRADESH,INDORE,2006,81,126,2,90,0,90,39
MADHYA PRADESH,INDORE RLY.,2006,2,1,0,3,0,3,0
MADHYA PRADESH,JABALPUR,2006,65,132,9,103,0,103,39
MADHYA PRADESH,JABALPUR RLY.,2006,4,1,4,1,0,1,1
MADHYA PRADESH,JHABUA,2006,117,63,3,32,0,32,20
MADHYA PRADESH,KATNI,2006,49,33,3,32,0,32,7
MADHYA PRADESH,KHANDWA,2006,30,55,0,60,0,60,21
MADHYA PRADESH,KHARGON,2006,44,25,1,47,0,47,8
MADHYA PRADESH,MANDLA,2006,27,19,1,62,0,62,7
MADHYA PRADESH,MANDSAUR,2006,18,25,0,37,0,37,18
MADHYA PRADESH,MORENA,2006,66,85,2,34,0,34,30
MADHYA PRADESH,NARSINGHPUR,2006,32,41,3,65,0,65,4
MADHYA PRADESH,NEEMUCH,2006,17,14,0,22,0,22,8
MADHYA PRADESH,PANNA,2006,30,31,1,41,0,41,8
MADHYA PRADESH,RAISEN,2006,51,46,0,74,0,74,14
MADHYA PRADESH,RAJGARH,2006,28,29,0,83,0,83,12
MADHYA PRADESH,RATLAM,2006,40,55,0,62,0,62,20
MADHYA PRADESH,REWA,2006,45,28,0,47,0,47,23
MADHYA PRADESH,SAGAR,2006,76,95,0,116,0,116,31
MADHYA PRADESH,SATNA,2006,74,52,0,72,0,72,18
MADHYA PRADESH,SEONI,2006,36,23,0,57,0,57,6
MADHYA PRADESH,SHAHDOL,2006,33,22,1,67,0,67,4
MADHYA PRADESH,SHAJAPUR,2006,28,41,3,58,0,58,19
MADHYA PRADESH,SHEOPUR,2006,12,13,0,19,0,19,8
MADHYA PRADESH,SHIVPURI,2006,72,65,2,83,0,83,22
MADHYA PRADESH,SIDHI,2006,72,25,1,66,0,66,31
MADHYA PRADESH,SIHORE,2006,31,47,1,66,0,66,14
MADHYA PRADESH,TIKAMGARH,2006,37,31,0,52,0,52,9
MADHYA PRADESH,UJJAIN,2006,65,128,0,79,0,79,39
MADHYA PRADESH,UMARIYA,2006,26,9,33,21,0,21,0
MADHYA PRADESH,VIDISHA,2006,45,60,3,85,0,85,17
MADHYA PRADESH,TOTAL,2006,2309,2370,138,2900,0,2900,808
MAHARASHTRA,AHMEDNAGAR,2006,86,49,3,68,0,68,36
MAHARASHTRA,AKOLA,2006,47,52,0,25,0,25,28
MAHARASHTRA,AMRAVATI COMMR.,2006,27,14,0,21,0,21,17
MAHARASHTRA,AMRAVATI RURAL,2006,67,32,2,44,0,44,22
MAHARASHTRA,AURANGABAD COMMR.,2006,31,24,0,33,0,33,22
MAHARASHTRA,AURANGABAD RURAL,2006,42,17,1,10,0,10,11
MAHARASHTRA,BEED,2006,63,46,1,24,0,24,34
MAHARASHTRA,BHANDARA,2006,35,18,2,40,0,40,15
MAHARASHTRA,BULDHANA,2006,53,64,2,23,0,23,10
MAHARASHTRA,CHANDRAPUR,2006,42,20,1,30,0,30,17
MAHARASHTRA,DHULE,2006,38,33,4,12,0,12,8
MAHARASHTRA,GADCHIROLI,2006,59,52,4,14,0,14,10
MAHARASHTRA,GONDIA,2006,31,13,2,23,0,23,22
MAHARASHTRA,HINGOLI,2006,41,25,2,15,0,15,12
MAHARASHTRA,JALGAON,2006,75,53,4,52,0,52,21
MAHARASHTRA,JALNA,2006,52,25,0,19,0,19,13
MAHARASHTRA,KOLHAPUR,2006,65,45,3,33,0,33,29
MAHARASHTRA,LATUR,2006,54,40,0,15,0,15,22
MAHARASHTRA,MUMBAI COMMR.,2006,239,135,5,165,0,165,190
MAHARASHTRA,MUMBAI RLY.,2006,16,0,2,5,0,5,5
MAHARASHTRA,NAGPUR COMMR.,2006,85,51,4,51,0,51,58
MAHARASHTRA,NAGPUR RLY.,2006,7,3,0,0,0,0,2
MAHARASHTRA,NAGPUR RURAL,2006,74,24,1,37,0,37,24
MAHARASHTRA,NANDED,2006,71,73,7,33,0,33,35
MAHARASHTRA,NANDURBAR,2006,26,14,1,21,0,21,9
MAHARASHTRA,NASIK COMMR.,2006,38,14,1,14,0,14,32
MAHARASHTRA,NASIK RURAL,2006,77,40,2,62,0,62,28
MAHARASHTRA,NAVI MUMBAI,2006,59,20,0,18,0,18,19
MAHARASHTRA,OSMANABAD,2006,58,27,0,37,0,37,10
MAHARASHTRA,PARBHANI,2006,69,47,0,18,0,18,18
MAHARASHTRA,PUNE COMMR.,2006,104,99,4,77,0,77,108
MAHARASHTRA,PUNE RLY.,2006,3,0,0,1,0,1,1
MAHARASHTRA,PUNE RURAL,2006,124,62,3,38,0,38,40
MAHARASHTRA,RAIGAD,2006,54,27,3,25,0,25,15
MAHARASHTRA,RATNAGIRI,2006,16,7,2,25,0,25,9
MAHARASHTRA,SANGLI,2006,61,34,1,24,0,24,21
MAHARASHTRA,SATARA,2006,64,40,6,34,1,33,41
MAHARASHTRA,SINDHUDURG,2006,15,6,2,9,0,9,4
MAHARASHTRA,SOLAPUR COMMR.,2006,15,28,0,12,0,12,16
MAHARASHTRA,SOLAPUR RURAL,2006,77,38,1,54,0,54,32
MAHARASHTRA,THANE COMMR.,2006,106,89,3,62,0,62,90
MAHARASHTRA,THANE RURAL,2006,152,46,8,68,0,68,35
MAHARASHTRA,WARDHA,2006,49,28,3,31,0,31,22
MAHARASHTRA,WASHIM,2006,28,19,0,12,0,12,11
MAHARASHTRA,YAVATMAL,2006,61,87,10,66,0,66,37
MAHARASHTRA,TOTAL,2006,2656,1680,100,1500,1,1499,1261
MANIPUR,BISHNUPUR,2006,14,27,1,1,0,1,9
MANIPUR,CHANDEL,2006,14,12,0,2,0,2,2
MANIPUR,CHURACHANDPUR,2006,43,30,1,20,0,20,1
MANIPUR,IMPHAL EAST,2006,31,57,0,3,0,3,26
MANIPUR,IMPHAL WEST,2006,41,74,0,9,0,9,51
MANIPUR,SENAPATI,2006,13,7,1,0,0,0,6
MANIPUR,TAMENGLONG,2006,9,5,0,0,0,0,0
MANIPUR,THOUBAL,2006,36,52,1,5,0,5,35
MANIPUR,UKHRUL,2006,4,1,0,0,0,0,0
MANIPUR,TOTAL,2006,205,265,4,40,0,40,130
MEGHALAYA,GARO HILLS EAST,2006,18,8,2,3,0,3,6
MEGHALAYA,GARO HILLS SOUTH,2006,3,2,0,0,0,0,4
MEGHALAYA,GARO HILLS WEST,2006,15,7,0,10,0,10,13
MEGHALAYA,JAINTIA HILLS,2006,51,3,2,19,0,19,3
MEGHALAYA,KHASI HILLS EAST,2006,45,16,4,30,0,30,28
MEGHALAYA,KHASI HILLS WEST,2006,12,5,0,6,0,6,1
MEGHALAYA,RI-BHOI,2006,13,1,0,6,0,6,2
MEGHALAYA,TOTAL,2006,157,42,8,74,0,74,57
MIZORAM,AIZAWL,2006,7,9,5,31,0,31,2
MIZORAM,CHAMPHAI,2006,2,0,1,12,0,12,0
MIZORAM,KOLASIB,2006,4,1,0,8,0,8,2
MIZORAM,LAWNGTLAI,2006,3,0,0,1,0,1,0
MIZORAM,LUNGLEI,2006,2,1,0,9,0,9,0
MIZORAM,MAMIT,2006,5,4,1,2,0,2,1
MIZORAM,SAIHA,2006,1,0,0,5,0,5,1
MIZORAM,SERCHHIP,2006,1,4,0,4,0,4,0
MIZORAM,TOTAL,2006,25,19,7,72,0,72,6
NAGALAND,DIMAPUR,2006,25,7,0,5,0,5,15
NAGALAND,KIPHIRE,2006,1,0,0,0,0,0,0
NAGALAND,KOHIMA,2006,31,19,0,8,0,8,10
NAGALAND,MOKOKCHUNG,2006,9,1,1,0,0,0,3
NAGALAND,MON,2006,15,3,5,2,0,2,2
NAGALAND,PEREN,2006,11,8,1,0,0,0,0
NAGALAND,PHEK,2006,9,2,1,5,0,5,0
NAGALAND,TUENSANG,2006,4,1,0,1,0,1,0
NAGALAND,WOKHA,2006,4,2,0,0,0,0,1
NAGALAND,ZUNHEBOTO,2006,14,3,0,2,0,2,0
NAGALAND,TOTAL,2006,123,46,8,23,0,23,31
ODISHA,ANGUL,2006,39,43,1,41,0,41,16
ODISHA,BALASORE,2006,35,40,3,59,0,59,50
ODISHA,BARAGARH,2006,37,28,3,17,0,17,13
ODISHA,BERHAMPUR,2006,18,39,0,12,0,12,15
ODISHA,BHADRAK,2006,39,32,0,45,0,45,20
ODISHA,BOLANGIR,2006,32,29,4,40,0,40,37
ODISHA,BOUDH,2006,8,4,0,4,0,4,3
ODISHA,CUTTACK,2006,44,0,0,46,0,46,56
ODISHA,DEOGARH,2006,9,10,0,18,0,18,7
ODISHA,DHENKANAL,2006,34,14,0,32,0,32,13
ODISHA,GAJAPATI,2006,14,0,0,7,0,7,8
ODISHA,GANJAM,2006,60,56,0,33,0,33,25
ODISHA,JAGATSINGHPUR,2006,25,4,3,12,0,12,21
ODISHA,JAJPUR,2006,48,15,0,35,0,35,39
ODISHA,JHARSUGUDA,2006,16,19,0,13,0,13,5
ODISHA,KALAHANDI,2006,30,14,0,49,0,49,15
ODISHA,KANDHAMAL,2006,19,13,0,28,0,28,16
ODISHA,KENDRAPARA,2006,53,6,0,30,0,30,12
ODISHA,KEONJHAR,2006,84,59,0,53,0,53,35
ODISHA,KHURDA,2006,56,36,1,58,0,58,62
ODISHA,KORAPUT,2006,43,35,6,57,0,57,37
ODISHA,MALKANGIR,2006,49,31,2,17,0,17,8
ODISHA,MAYURBHANJ,2006,84,42,8,88,0,88,38
ODISHA,NAYAGARH,2006,35,12,0,17,0,17,21
ODISHA,NOWRANGPUR,2006,16,5,0,24,0,24,17
ODISHA,NUAPADA,2006,13,4,3,9,0,9,6
ODISHA,PURI,2006,29,9,0,19,0,19,33
ODISHA,RAYAGADA,2006,37,16,0,22,0,22,13
ODISHA,ROURKELA,2006,12,22,0,20,0,20,18
ODISHA,SAMBALPUR,2006,43,59,0,25,0,25,13
ODISHA,SONEPUR,2006,15,16,0,13,0,13,6
ODISHA,SRP(CUTTACK),2006,5,0,0,1,0,1,5
ODISHA,SRP(ROURKELA),2006,5,2,1,2,0,2,3
ODISHA,SUNDARGARH,2006,73,38,1,39,0,39,18
ODISHA,TOTAL,2006,1159,752,36,985,0,985,704
PUNJAB,AMRITSAR,2006,44,44,5,13,0,13,25
PUNJAB,BARNALA,2006,12,9,6,5,0,5,6
PUNJAB,BATALA,2006,26,26,4,31,0,31,16
PUNJAB,BHATINDA,2006,54,55,15,19,0,19,27
PUNJAB,FARIDKOT,2006,18,30,1,9,0,9,13
PUNJAB,FATEHGARH SAHIB,2006,17,11,4,10,0,10,4
PUNJAB,FEROZPUR,2006,68,47,4,18,0,18,26
PUNJAB,G.R.P,2006,12,2,2,1,0,1,0
PUNJAB,GURDASPUR,2006,30,21,11,25,0,25,16
PUNJAB,HOSHIARPUR,2006,36,47,5,25,0,25,25
PUNJAB,JAGRAON,2006,23,30,3,18,0,18,12
PUNJAB,JALANDHAR,2006,80,122,19,52,0,52,125
PUNJAB,KAPURTHALA,2006,28,29,1,13,0,13,21
PUNJAB,KHANNA,2006,17,28,3,5,0,5,13
PUNJAB,LUDHIANA,2006,63,79,8,41,0,41,100
PUNJAB,MAJITHA,2006,51,36,2,13,0,13,21
PUNJAB,MANSA,2006,27,29,20,17,0,17,9
PUNJAB,MOGA,2006,31,42,10,11,0,11,28
PUNJAB,MUKTSAR,2006,23,23,5,14,0,14,17
PUNJAB,NAWAN SHAHR,2006,18,31,1,8,0,8,7
PUNJAB,PATIALA,2006,43,55,12,29,0,29,26
PUNJAB,ROPAR,2006,12,1,1,8,0,8,10
PUNJAB,SANGRUR,2006,23,32,12,24,0,24,14
PUNJAB,SAS NGR,2006,30,29,9,10,0,10,15
PUNJAB,TARN TARAN,2006,31,40,2,23,0,23,15
PUNJAB,TOTAL,2006,817,898,165,442,0,442,591
RAJASTHAN,AJMER,2006,44,64,4,53,0,53,90
RAJASTHAN,ALWAR,2006,75,83,4,81,0,81,102
RAJASTHAN,BANSWARA,2006,29,22,1,27,0,27,38
RAJASTHAN,BARAN,2006,33,78,1,37,0,37,44
RAJASTHAN,BARMER,2006,20,24,5,12,0,12,26
RAJASTHAN,BHARATPUR,2006,75,60,4,35,0,35,82
RAJASTHAN,BHILWARA,2006,36,61,1,40,0,40,97
RAJASTHAN,BIKANER,2006,35,102,0,29,0,29,28
RAJASTHAN,BUNDI,2006,22,52,1,39,0,39,64
RAJASTHAN,CHITTORGARH,2006,51,47,6,65,0,65,154
RAJASTHAN,CHURU,2006,18,22,5,17,0,17,19
RAJASTHAN,DAUSA,2006,25,17,0,16,0,16,35
RAJASTHAN,DHOLPUR,2006,42,58,1,28,0,28,41
RAJASTHAN,DUNGARPUR,2006,23,14,1,18,0,18,25
RAJASTHAN,G.R.P.,2006,7,5,0,0,0,0,10
RAJASTHAN,GANGANAGAR,2006,67,101,0,39,0,39,38
RAJASTHAN,HANUMANGARH,2006,44,61,1,31,0,31,24
RAJASTHAN,JAIPUR EAST,2006,18,21,1,19,0,19,55
RAJASTHAN,JAIPUR NORTH,2006,22,25,0,18,0,18,48
RAJASTHAN,JAIPUR RURAL,2006,59,38,4,34,0,34,85
RAJASTHAN,JAIPUR SOUTH,2006,19,17,1,21,0,21,57
RAJASTHAN,JAISALMER,2006,4,6,0,1,0,1,7
RAJASTHAN,JALORE,2006,21,22,2,10,0,10,23
RAJASTHAN,JHALAWAR,2006,28,80,3,42,0,42,66
RAJASTHAN,JHUNJHUNU,2006,34,18,0,44,0,44,20
RAJASTHAN,JODHPUR CITY,2006,15,42,0,18,0,18,37
RAJASTHAN,JODHPUR RURAL,2006,29,35,2,19,0,19,21
RAJASTHAN,KARAULI,2006,21,29,2,29,0,29,59
RAJASTHAN,KOTA CITY,2006,11,134,4,18,0,18,85
RAJASTHAN,KOTA RURAL,2006,21,90,1,19,0,19,27
RAJASTHAN,NAGAUR,2006,56,31,4,35,0,35,49
RAJASTHAN,PALI,2006,35,46,3,30,0,30,68
RAJASTHAN,RAJSAMAND,2006,12,9,2,6,0,6,36
RAJASTHAN,SAWAI MADHOPUR,2006,24,24,1,20,0,20,47
RAJASTHAN,SIKAR,2006,45,34,1,29,0,29,60
RAJASTHAN,SIROHI,2006,17,20,1,20,0,20,26
RAJASTHAN,TONK,2006,17,31,1,12,0,12,56
RAJASTHAN,UDAIPUR,2006,55,71,11,74,0,74,121
RAJASTHAN,TOTAL,2006,1209,1694,79,1085,0,1085,1970
SIKKIM,EAST,2006,10,10,1,10,0,10,5
SIKKIM,NORTH,2006,1,1,0,3,0,3,0
SIKKIM,SOUTH,2006,6,2,0,5,0,5,2
SIKKIM,WEST,2006,4,3,1,2,0,2,1
SIKKIM,TOTAL,2006,21,16,2,20,0,20,8
TAMIL NADU,CHENNAI,2006,131,193,5,29,0,29,59
TAMIL NADU,CHENNAI RLY.,2006,0,0,0,1,0,1,0
TAMIL NADU,COIMBATORE RURAL,2006,79,46,0,18,0,18,36
TAMIL NADU,COIMBATORE URBAN,2006,28,13,0,8,0,8,7
TAMIL NADU,CUDDALORE,2006,52,80,0,21,0,21,33
TAMIL NADU,DHARMAPURI,2006,33,34,4,9,0,9,16
TAMIL NADU,DINDIGUL,2006,40,40,0,11,0,11,40
TAMIL NADU,ERODE,2006,43,19,1,13,0,13,20
TAMIL NADU,KANCHIPURAM,2006,35,64,0,12,0,12,16
TAMIL NADU,KANYAKUMARI,2006,23,34,1,3,0,3,18
TAMIL NADU,KARUR,2006,19,13,0,5,0,5,14
TAMIL NADU,KRISHNAGIRI,2006,47,41,0,14,0,14,29
TAMIL NADU,MADURAI RURAL,2006,36,33,1,28,0,28,60
TAMIL NADU,MADURAI URBAN,2006,23,33,0,9,0,9,19
TAMIL NADU,NAGAPATTINAM,2006,30,42,0,9,0,9,18
TAMIL NADU,NAMAKKAL,2006,28,16,1,6,0,6,18
TAMIL NADU,NILGIRIS,2006,17,22,0,5,0,5,2
TAMIL NADU,PERAMBALUR,2006,32,37,0,15,0,15,16
TAMIL NADU,PUDUKOTTAI,2006,25,86,0,8,0,8,32
TAMIL NADU,RAMNATHAPURAM,2006,29,30,0,12,0,12,24
TAMIL NADU,SALEM RURAL,2006,50,29,0,21,0,21,45
TAMIL NADU,SALEM URBAN,2006,15,17,0,7,0,7,13
TAMIL NADU,SIVAGANGAI,2006,19,42,0,5,0,5,23
TAMIL NADU,THANJAVUR,2006,40,52,0,8,0,8,55
TAMIL NADU,THENI,2006,24,30,0,5,0,5,30
TAMIL NADU,THIRUNELVELI RURAL,2006,58,146,2,42,0,42,31
TAMIL NADU,THIRUNELVELI URBAN,2006,18,42,0,4,0,4,5
TAMIL NADU,THIRUVALLUR,2006,23,31,0,10,0,10,13
TAMIL NADU,THIRUVANNAMALAI,2006,36,29,0,10,0,10,16
TAMIL NADU,THIRUVARUR,2006,16,32,0,7,0,7,17
TAMIL NADU,THOOTHUGUDI,2006,57,83,0,13,0,13,13
TAMIL NADU,TRICHY RLY.,2006,0,2,1,1,0,1,0
TAMIL NADU,TRICHY RURAL,2006,48,24,0,12,0,12,46
TAMIL NADU,TRICHY URBAN,2006,17,19,0,3,0,3,21
TAMIL NADU,VELLORE,2006,80,48,4,27,0,27,47
TAMIL NADU,VILLUPURAM,2006,66,56,0,39,0,39,26
TAMIL NADU,VIRUDHUNAGAR,2006,46,41,0,7,0,7,28
TAMIL NADU,TOTAL,2006,1363,1599,20,457,0,457,906
TRIPURA,DHALAI,2006,21,8,0,16,0,16,14
TRIPURA,NORTH,2006,34,19,1,45,0,45,26
TRIPURA,SOUTH,2006,25,13,0,51,0,51,19
TRIPURA,WEST,2006,74,12,0,77,0,77,46
TRIPURA,TOTAL,2006,154,52,1,189,0,189,105
UTTAR PRADESH,AGRA,2006,123,190,43,26,0,26,175
UTTAR PRADESH,ALIGARH,2006,177,217,37,49,0,49,122
UTTAR PRADESH,ALLAHABAD,2006,132,93,39,22,0,22,75
UTTAR PRADESH,AMBEDKAR NAGAR,2006,24,43,12,10,0,10,48
UTTAR PRADESH,AURAIYA,2006,56,46,17,10,0,10,42
UTTAR PRADESH,AZAMGARH,2006,64,58,30,13,0,13,21
UTTAR PRADESH,BADAUN,2006,169,155,54,29,0,29,64
UTTAR PRADESH,BAGHPAT,2006,95,61,9,12,0,12,43
UTTAR PRADESH,BAHRAICH,2006,56,38,18,21,0,21,44
UTTAR PRADESH,BALLIA,2006,35,53,22,10,0,10,11
UTTAR PRADESH,BALRAMPUR,2006,14,16,8,8,0,8,15
UTTAR PRADESH,BANDA,2006,50,21,16,15,0,15,14
UTTAR PRADESH,BARABANKI,2006,79,56,10,21,0,21,52
UTTAR PRADESH,BAREILLY,2006,180,189,35,45,0,45,93
UTTAR PRADESH,BASTI,2006,30,23,15,10,0,10,15
UTTAR PRADESH,BIJNOR,2006,86,67,17,25,0,25,51
UTTAR PRADESH,BULANDSHAHAR,2006,177,118,19,27,0,27,69
UTTAR PRADESH,CHANDOLI,2006,27,22,16,3,0,3,15
UTTAR PRADESH,CHITRAKOOT DHAM,2006,36,8,7,13,0,13,7
UTTAR PRADESH,DEORIA,2006,32,29,22,5,0,5,19
UTTAR PRADESH,ETAH,2006,138,140,32,28,0,28,64
UTTAR PRADESH,ETAWAH,2006,80,60,13,10,0,10,66
UTTAR PRADESH,FAIZABAD,2006,45,35,14,14,0,14,34
UTTAR PRADESH,FATEHGARH,2006,85,94,21,9,0,9,38
UTTAR PRADESH,FATEHPUR,2006,87,37,32,9,0,9,22
UTTAR PRADESH,FIROZABAD,2006,127,141,35,16,0,16,92
UTTAR PRADESH,G.R.P.,2006,18,22,6,1,0,1,7
UTTAR PRADESH,GAUTAMBUDH NAGAR,2006,87,67,16,26,0,26,52
UTTAR PRADESH,GHAZIABAD,2006,146,143,51,29,0,29,109
UTTAR PRADESH,GHAZIPUR,2006,44,46,16,8,0,8,14
UTTAR PRADESH,GONDA,2006,55,63,19,22,0,22,44
UTTAR PRADESH,GORAKHPUR,2006,89,57,36,23,0,23,44
UTTAR PRADESH,HAMIRPUR,2006,36,20,18,8,0,8,6
UTTAR PRADESH,HARDOI,2006,87,58,38,30,0,30,42
UTTAR PRADESH,HATHRAS,2006,71,87,15,23,0,23,45
UTTAR PRADESH,J.P.NAGAR,2006,72,53,12,21,0,21,28
UTTAR PRADESH,JALAUN,2006,48,37,14,4,0,4,29
UTTAR PRADESH,JAUNPUR,2006,62,51,20,18,0,18,25
UTTAR PRADESH,JHANSI,2006,47,18,30,8,0,8,12
UTTAR PRADESH,KANNAUJ,2006,45,60,12,6,0,6,41
UTTAR PRADESH,KANPUR DEHAT,2006,50,33,7,16,0,16,31
UTTAR PRADESH,KANPUR NAGAR,2006,144,97,34,27,0,27,117
UTTAR PRADESH,KAUSHAMBI,2006,50,29,11,15,0,15,19
UTTAR PRADESH,KHIRI,2006,105,96,41,39,0,39,68
UTTAR PRADESH,KUSHI NAGAR,2006,20,28,21,9,0,9,20
UTTAR PRADESH,LALITPUR,2006,19,6,13,7,0,7,12
UTTAR PRADESH,LUCKNOW,2006,167,185,40,51,0,51,205
UTTAR PRADESH,MAHARAJGANJ,2006,25,8,9,21,0,21,22
UTTAR PRADESH,MAHOBA,2006,44,13,14,3,0,3,9
UTTAR PRADESH,MAINPURI,2006,110,120,26,16,0,16,42
UTTAR PRADESH,MATHURA,2006,104,121,19,30,0,30,57
UTTAR PRADESH,MAU,2006,33,43,14,7,0,7,24
UTTAR PRADESH,MEERUT,2006,185,209,28,37,0,37,108
UTTAR PRADESH,MIRZAPUR,2006,51,26,17,14,0,14,18
UTTAR PRADESH,MORADABAD,2006,151,138,32,44,0,44,94
UTTAR PRADESH,MUZAFFARNAGAR,2006,230,164,32,31,0,31,120
UTTAR PRADESH,PILIBHIT,2006,47,23,8,13,0,13,27
UTTAR PRADESH,PRATAPGARH,2006,64,79,18,30,0,30,61
UTTAR PRADESH,RAIBAREILLY,2006,53,78,19,21,0,21,40
UTTAR PRADESH,RAMPUR,2006,57,65,17,11,0,11,43
UTTAR PRADESH,SAHARANPUR,2006,78,117,18,15,0,15,41
UTTAR PRADESH,SANT KABIRNAGAR,2006,19,15,10,4,0,4,18
UTTAR PRADESH,SHAHJAHANPUR,2006,115,101,28,21,0,21,57
UTTAR PRADESH,SHRAWASTI,2006,11,11,6,6,0,6,21
UTTAR PRADESH,SIDHARTHNAGAR,2006,17,4,14,4,0,4,28
UTTAR PRADESH,SITAPUR,2006,124,115,48,47,0,47,78
UTTAR PRADESH,SONBHADRA,2006,31,21,17,8,0,8,4
UTTAR PRADESH,ST.RAVIDASNAGAR,2006,19,21,11,2,0,2,5
UTTAR PRADESH,SULTANPUR,2006,77,104,21,25,0,25,31
UTTAR PRADESH,UNNAO,2006,96,70,35,37,0,37,44
UTTAR PRADESH,VARANASI,2006,73,65,19,16,0,16,45
UTTAR PRADESH,TOTAL,2006,5480,4997,1543,1314,0,1314,3318
UTTARAKHAND,ALMORA,2006,15,10,3,11,0,11,5
UTTARAKHAND,BAGESHWAR,2006,11,3,0,4,0,4,4
UTTARAKHAND,CHAMOLI,2006,5,5,1,7,0,7,4
UTTARAKHAND,CHAMPAWAT,2006,5,7,0,3,0,3,1
UTTARAKHAND,DEHRADUN,2006,40,34,8,23,0,23,43
UTTARAKHAND,HARIDWAR,2006,54,57,4,32,0,32,64
UTTARAKHAND,NAINITAL,2006,25,19,6,9,0,9,17
UTTARAKHAND,PAURI GARHWAL,2006,16,10,1,4,0,4,8
UTTARAKHAND,PITHORAGARH,2006,10,6,3,8,0,8,3
UTTARAKHAND,RUDRA PRAYAG,2006,4,3,0,3,0,3,2
UTTARAKHAND,TEHRI GARHWAL,2006,11,6,0,9,0,9,9
UTTARAKHAND,UDHAMSINGH NAGAR,2006,74,53,14,23,0,23,46
UTTARAKHAND,UTTARKASHI,2006,4,2,0,11,0,11,6
UTTARAKHAND,TOTAL,2006,274,215,40,147,0,147,212
WEST BENGAL,24 PARGANAS NORTH,2006,154,82,39,174,0,174,186
WEST BENGAL,24 PARGANAS SOUTH,2006,138,4,34,190,0,190,155
WEST BENGAL,ASANSOL,2006,42,16,18,19,0,19,16
WEST BENGAL,BANKURA,2006,55,38,5,51,0,51,26
WEST BENGAL,BIRBHUM,2006,72,10,13,57,0,57,39
WEST BENGAL,BURDWAN,2006,90,13,25,64,0,64,41
WEST BENGAL,COOCHBEHAR,2006,31,8,5,124,0,124,48
WEST BENGAL,DAKSHIN DINAJPUR,2006,26,41,16,32,0,32,49
WEST BENGAL,DARJEELING,2006,52,2,10,30,0,30,43
WEST BENGAL,HOOGHLY,2006,81,56,18,43,0,43,28
WEST BENGAL,HOWRAH,2006,53,5,14,60,0,60,66
WEST BENGAL,HOWRAH G.R.P.,2006,9,3,3,0,0,0,3
WEST BENGAL,JALPAIGURI,2006,86,40,44,118,0,118,56
WEST BENGAL,KHARAGPUR G.R.P.,2006,2,1,0,0,0,0,0
WEST BENGAL,KOLKATA,2006,25,72,11,38,0,38,94
WEST BENGAL,MALDA,2006,63,58,30,74,0,74,48
WEST BENGAL,MURSHIDABAD,2006,95,39,46,224,0,224,118
WEST BENGAL,NADIA,2006,101,16,20,158,0,158,152
WEST BENGAL,PASCHIM MIDNAPUR,2006,99,57,20,79,0,79,50
WEST BENGAL,PURAB MIDNAPUR,2006,61,37,10,71,0,71,59
WEST BENGAL,PURULIA,2006,41,0,9,48,0,48,13
WEST BENGAL,SEALDAH G.R.P.,2006,12,2,1,1,0,1,5
WEST BENGAL,SILIGURI G.R.P.,2006,3,0,0,0,0,0,4
WEST BENGAL,UTTAR DINAJPUR,2006,34,72,10,76,0,76,56
WEST BENGAL,TOTAL,2006,1425,672,401,1731,0,1731,1355
A & N ISLANDS,ANDAMAN,2006,3,4,1,6,0,6,5
A & N ISLANDS,NICOBAR,2006,1,0,0,0,0,0,0
A & N ISLANDS,TOTAL,2006,4,4,1,6,0,6,5
CHANDIGARH,CHANDIGARH,2006,12,21,8,19,0,19,65
CHANDIGARH,TOTAL,2006,12,21,8,19,0,19,65
D & N HAVELI,D and N HAVELI,2006,9,0,1,6,0,6,18
D & N HAVELI,TOTAL,2006,9,0,1,6,0,6,18
DAMAN & DIU,DAMAN,2006,6,2,0,1,0,1,3
DAMAN & DIU,DIU,2006,0,1,0,2,0,2,0
DAMAN & DIU,TOTAL,2006,6,3,0,3,0,3,3
DELHI UT,CENTRAL,2006,22,32,6,17,0,17,73
DELHI UT,DELHI UT TOTAL,2006,476,510,75,623,0,623,1442
DELHI UT,EAST,2006,39,42,8,61,0,61,118
DELHI UT,GRP(RLY),2006,5,2,0,1,0,1,11
DELHI UT,IGI AIRPORT,2006,2,1,1,0,0,0,8
DELHI UT,NEW DELHI,2006,7,8,0,6,0,6,26
DELHI UT,NORTH,2006,28,21,5,22,0,22,41
DELHI UT,NORTH-EAST,2006,61,66,9,93,0,93,197
DELHI UT,NORTH-WEST,2006,128,151,12,169,0,169,437
DELHI UT,SOUTH,2006,66,69,13,87,0,87,215
DELHI UT,SOUTH-WEST,2006,52,45,11,79,0,79,161
DELHI UT,STF,2006,0,10,0,0,0,0,0
DELHI UT,WEST,2006,66,63,10,88,0,88,155
LAKSHADWEEP,LAKSHADWEEP,2006,0,2,0,0,0,0,0
LAKSHADWEEP,TOTAL,2006,0,2,0,0,0,0,0
PUDUCHERRY,KARAIKAL,2006,2,2,1,1,0,1,5
PUDUCHERRY,PONDICHERRY,2006,28,22,2,8,0,8,13
PUDUCHERRY,TOTAL,2006,30,24,3,9,0,9,18
ANDHRA PRADESH,ADILABAD,2007,112,61,12,46,0,46,83
ANDHRA PRADESH,ANANTAPUR,2007,149,85,3,31,0,31,87
ANDHRA PRADESH,CHITTOOR,2007,129,72,2,31,0,31,102
ANDHRA PRADESH,CUDDAPAH,2007,96,47,3,32,0,32,76
ANDHRA PRADESH,CYBERABAD,2007,186,84,8,45,0,45,147
ANDHRA PRADESH,EAST GODAVARI,2007,99,114,2,30,0,30,84
ANDHRA PRADESH,GUNTAKAL RLY.,2007,3,0,0,0,0,0,2
ANDHRA PRADESH,GUNTUR,2007,157,190,1,43,0,43,93
ANDHRA PRADESH,HYDERABAD CITY,2007,121,147,9,58,0,58,148
ANDHRA PRADESH,KARIMNAGAR,2007,123,95,5,73,0,73,152
ANDHRA PRADESH,KHAMMAM,2007,125,58,5,81,0,81,104
ANDHRA PRADESH,KRISHNA,2007,64,52,1,27,0,27,57
ANDHRA PRADESH,KURNOOL,2007,124,119,2,36,0,36,85
ANDHRA PRADESH,MAHABOOBNAGAR,2007,173,63,31,87,0,87,86
ANDHRA PRADESH,MEDAK,2007,128,95,13,51,0,51,65
ANDHRA PRADESH,NALGONDA,2007,135,55,4,69,0,69,87
ANDHRA PRADESH,NELLORE,2007,68,81,3,44,0,44,67
ANDHRA PRADESH,NIZAMABAD,2007,151,77,9,23,0,23,60
ANDHRA PRADESH,PRAKASHAM,2007,78,63,1,40,0,40,74
ANDHRA PRADESH,RANGA REDDY,2007,72,21,6,21,0,21,27
ANDHRA PRADESH,SECUNDERABAD RLY.,2007,12,0,0,0,0,0,0
ANDHRA PRADESH,SRIKAKULAM,2007,31,5,0,30,0,30,19
ANDHRA PRADESH,VIJAYAWADA CITY,2007,33,44,3,17,0,17,64
ANDHRA PRADESH,VIJAYAWADA RLY.,2007,3,1,0,0,0,0,0
ANDHRA PRADESH,VISAKHA RURAL,2007,70,36,6,12,0,12,11
ANDHRA PRADESH,VISAKHAPATNAM,2007,21,23,1,24,0,24,39
ANDHRA PRADESH,VIZIANAGARAM,2007,34,30,0,10,0,10,23
ANDHRA PRADESH,WARANGAL,2007,106,61,5,57,0,57,138
ANDHRA PRADESH,WEST GODAVARI,2007,62,106,0,52,0,52,117
ANDHRA PRADESH,TOTAL,2007,2665,1885,135,1070,0,1070,2097
ARUNACHAL PRADESH,CHANGLANG,2007,5,4,0,7,0,7,2
ARUNACHAL PRADESH,DIBANG VALLEY,2007,7,1,0,2,0,2,4
ARUNACHAL PRADESH,K/KUMEY,2007,2,7,0,1,0,1,4
ARUNACHAL PRADESH,KAMENG EAST,2007,6,0,0,1,0,1,4
ARUNACHAL PRADESH,KAMENG WEST,2007,2,0,0,1,0,1,1
ARUNACHAL PRADESH,LOHIT,2007,17,1,0,5,0,5,12
ARUNACHAL PRADESH,PAPUM PARE,2007,4,7,0,8,0,8,20
ARUNACHAL PRADESH,SIANG EAST,2007,5,2,0,8,0,8,4
ARUNACHAL PRADESH,SIANG UPPER,2007,2,1,0,5,0,5,0
ARUNACHAL PRADESH,SIANG WEST,2007,6,1,0,3,0,3,6
ARUNACHAL PRADESH,SUBANSIRI LOWER,2007,0,2,1,3,0,3,4
ARUNACHAL PRADESH,SUBANSIRI UPPER,2007,1,2,1,3,0,3,4
ARUNACHAL PRADESH,TAWANG,2007,3,0,0,1,0,1,0
ARUNACHAL PRADESH,TIRAP,2007,7,1,0,0,0,0,3
ARUNACHAL PRADESH,UPPER DIBANG VALLEY,2007,1,0,0,0,0,0,0
ARUNACHAL PRADESH,TOTAL,2007,68,29,2,48,0,48,68
ASSAM,BARPETA,2007,40,7,3,83,0,83,87
ASSAM,BASKA,2007,29,11,0,7,0,7,19
ASSAM,BONGAIGAON,2007,15,2,2,40,0,40,45
ASSAM,C.I.D.,2007,0,0,0,0,0,0,0
ASSAM,CACHAR,2007,61,20,0,58,0,58,117
ASSAM,CHIRANG,2007,12,0,0,10,0,10,20
ASSAM,DARRANG,2007,23,8,1,61,0,61,45
ASSAM,DHEMAJI,2007,20,19,7,70,0,70,42
ASSAM,DHUBRI,2007,44,42,1,148,0,148,138
ASSAM,DIBRUGARH,2007,112,17,2,55,0,55,93
ASSAM,G.R.P.,2007,2,0,0,3,0,3,3
ASSAM,GOALPARA,2007,31,5,0,51,0,51,51
ASSAM,GOLAGHAT,2007,80,23,6,64,0,64,78
ASSAM,GUWAHATI CITY,2007,68,11,19,71,0,71,284
ASSAM,HAILAKANDI,2007,27,2,0,26,0,26,42
ASSAM,JORHAT,2007,46,14,6,45,0,45,70
ASSAM,KAMRUP,2007,47,24,40,74,0,74,63
ASSAM,KARBI ANGLONG,2007,73,39,1,16,0,16,43
ASSAM,KARIMGANJ,2007,29,19,1,49,0,49,40
ASSAM,KOKRAJHAR,2007,41,8,0,42,0,42,47
ASSAM,LAKHIMPUR,2007,41,18,5,62,0,62,84
ASSAM,MORIGAON,2007,21,10,6,65,0,65,57
ASSAM,N.C.HILLS,2007,34,19,0,5,0,5,12
ASSAM,NAGAON,2007,92,49,5,114,0,114,208
ASSAM,NALBARI,2007,21,15,0,12,0,12,32
ASSAM,R.P.O.,2007,5,0,0,1,0,1,0
ASSAM,SIBSAGAR,2007,78,43,1,53,0,53,54
ASSAM,SONITPUR,2007,102,16,2,70,0,70,80
ASSAM,TINSUKIA,2007,143,6,0,57,0,57,91
ASSAM,UDALGURI,2007,37,4,1,25,0,25,26
ASSAM,TOTAL,2007,1374,451,109,1437,0,1437,1971
BIHAR,ARARIA,2007,48,185,5,47,0,47,27
BIHAR,ARWAL,2007,19,12,2,8,0,8,4
BIHAR,AURANGABAD,2007,68,12,2,30,0,30,35
BIHAR,BAGAHA,2007,37,8,2,38,0,38,58
BIHAR,BANKA,2007,56,12,6,74,0,74,34
BIHAR,BEGUSARAI,2007,100,145,2,25,0,25,85
BIHAR,BETTIAH,2007,61,8,5,23,0,23,17
BIHAR,BHABHUA,2007,50,28,11,12,0,12,25
BIHAR,BHAGALPUR,2007,92,85,11,25,0,25,76
BIHAR,BHOJPUR,2007,112,133,5,41,0,41,57
BIHAR,BUXAR,2007,36,75,6,13,0,13,32
BIHAR,DARBHANGA,2007,72,109,5,47,0,47,91
BIHAR,GAYA,2007,157,170,11,28,0,28,59
BIHAR,GOPALGANJ,2007,48,79,6,9,0,9,21
BIHAR,JAMALPUR RLY.,2007,6,3,0,1,0,1,2
BIHAR,JAMUI,2007,51,30,1,46,0,46,31
BIHAR,JEHANABAD,2007,40,16,3,7,0,7,27
BIHAR,KATIHAR,2007,71,50,1,149,0,149,135
BIHAR,KATIHAR RLY.,2007,6,0,0,2,0,2,7
BIHAR,KHAGARIA,2007,48,70,0,21,0,21,44
BIHAR,KISHANGANJ,2007,23,12,0,53,0,53,65
BIHAR,LAKHISARAI,2007,32,21,0,31,0,31,36
BIHAR,MADHEPURA,2007,65,18,1,32,0,32,36
BIHAR,MADHUBANI,2007,76,176,11,47,0,47,71
BIHAR,MOTIHARI,2007,111,88,9,25,0,25,104
BIHAR,MUNGER,2007,76,63,0,25,0,25,52
BIHAR,MUZAFFARPUR,2007,143,26,19,77,0,77,169
BIHAR,MUZAFFARPUR RLY.,2007,12,0,0,2,0,2,4
BIHAR,NALANDA,2007,102,62,15,14,0,14,105
BIHAR,NAUGACHIA,2007,30,10,0,7,0,7,14
BIHAR,NAWADAH,2007,75,103,2,38,0,38,29
BIHAR,PATNA,2007,317,115,12,74,0,74,313
BIHAR,PATNA RLY.,2007,15,10,3,2,0,2,8
BIHAR,PURNEA,2007,101,79,11,219,0,219,143
BIHAR,ROHTAS,2007,89,207,0,23,0,23,29
BIHAR,SAHARSA,2007,50,123,4,17,0,17,35
BIHAR,SAMASTIPUR,2007,78,205,33,54,0,54,98
BIHAR,SARAN,2007,112,345,13,57,0,57,41
BIHAR,SHEIKHPURA,2007,25,13,1,4,0,4,11
BIHAR,SHEOHAR,2007,25,24,6,13,0,13,8
BIHAR,SITAMARHI,2007,55,14,3,12,0,12,52
BIHAR,SIWAN,2007,80,61,15,17,0,17,75
BIHAR,SUPAUL,2007,44,73,3,43,0,43,34
BIHAR,VAISHALI,2007,120,35,12,23,0,23,131
BIHAR,TOTAL,2007,3034,3113,257,1555,0,1555,2530
CHHATTISGARH,BALRAMPUR,2007,34,14,3,46,0,46,2
CHHATTISGARH,BILASPUR,2007,93,43,5,61,0,61,22
CHHATTISGARH,BIZAPUR,2007,113,148,0,4,0,4,9
CHHATTISGARH,DANTEWARA,2007,87,99,0,8,0,8,6
CHHATTISGARH,DHAMTARI,2007,14,10,0,26,0,26,8
CHHATTISGARH,DURG,2007,76,47,2,119,0,119,35
CHHATTISGARH,GRP RAIPUR,2007,1,1,0,1,0,1,1
CHHATTISGARH,JAGDALPUR,2007,70,31,1,60,0,60,14
CHHATTISGARH,JANJGIR,2007,56,35,0,54,0,54,7
CHHATTISGARH,JASHPUR,2007,57,16,0,61,0,61,22
CHHATTISGARH,KABIRDHAM,2007,17,8,3,29,0,29,3
CHHATTISGARH,KANKER,2007,38,27,0,22,0,22,6
CHHATTISGARH,KORBA,2007,47,11,1,31,0,31,5
CHHATTISGARH,KORIYA,2007,42,30,1,66,0,66,8
CHHATTISGARH,MAHASAMUND,2007,16,9,0,25,0,25,4
CHHATTISGARH,NARAYANPUR,2007,25,31,0,3,0,3,3
CHHATTISGARH,RAIGARH,2007,62,30,0,55,0,55,7
CHHATTISGARH,RAIPUR,2007,110,77,3,120,0,120,53
CHHATTISGARH,RAJNANDGAON,2007,44,25,0,54,0,54,16
CHHATTISGARH,SARGUJA,2007,54,31,6,72,0,72,9
CHHATTISGARH,SURAJPUR,2007,41,24,1,65,0,65,4
CHHATTISGARH,TOTAL,2007,1097,747,26,982,0,982,244
GOA,NORTH GOA,2007,15,13,6,5,0,5,3
GOA,SOUTH GOA,2007,18,10,1,15,0,15,9
GOA,TOTAL,2007,33,23,7,20,0,20,12
GUJARAT,AHMEDABAD COMMR.,2007,100,44,2,37,0,37,213
GUJARAT,AHMEDABAD RURAL,2007,30,16,1,6,0,6,48
GUJARAT,AHWA-DANG,2007,8,2,0,5,0,5,0
GUJARAT,AMRELI,2007,30,13,0,7,0,7,49
GUJARAT,ANAND,2007,26,7,3,10,0,10,59
GUJARAT,BHARUCH,2007,38,10,0,8,0,8,15
GUJARAT,BHAVNAGAR,2007,43,37,0,18,0,18,104
GUJARAT,DAHOD,2007,40,14,1,8,0,8,35
GUJARAT,GANDHINAGAR,2007,19,12,0,12,0,12,24
GUJARAT,HIMATNAGAR,2007,46,12,1,5,0,5,35
GUJARAT,JAMNAGAR,2007,41,34,2,11,0,11,22
GUJARAT,JUNAGADH,2007,46,15,0,13,0,13,56
GUJARAT,KHEDA NORTH,2007,43,7,1,10,0,10,35
GUJARAT,KUTCH,2007,49,22,1,10,0,10,36
GUJARAT,MEHSANA,2007,31,24,1,6,0,6,50
GUJARAT,NARMADA,2007,15,2,0,6,0,6,4
GUJARAT,NAVSARI,2007,26,5,0,2,0,2,14
GUJARAT,PALANPUR,2007,45,30,0,19,0,19,55
GUJARAT,PANCHMAHAL,2007,55,15,0,16,0,16,44
GUJARAT,PATAN,2007,18,14,1,6,0,6,43
GUJARAT,PORBANDAR,2007,6,2,3,1,0,1,8
GUJARAT,RAJKOT COMMR.,2007,37,16,0,4,0,4,46
GUJARAT,RAJKOT RURAL,2007,32,21,1,25,0,25,58
GUJARAT,SURAT COMMR.,2007,108,31,3,24,0,24,117
GUJARAT,SURAT RURAL,2007,57,13,0,4,0,4,18
GUJARAT,SURENDRANAGAR,2007,22,16,0,17,0,17,29
GUJARAT,VADODARA COMMR.,2007,24,22,0,8,0,8,47
GUJARAT,VADODARA RURAL,2007,76,21,0,10,0,10,39
GUJARAT,VALSAD,2007,39,11,0,8,0,8,5
GUJARAT,W.RLY,2007,16,6,0,0,0,0,4
GUJARAT,TOTAL,2007,1166,494,21,316,0,316,1312
HARYANA,AMBALA,2007,39,12,6,23,0,23,15
HARYANA,BHIWANI,2007,62,22,2,17,0,17,32
HARYANA,FARIDABAD,2007,65,36,2,37,0,37,154
HARYANA,FATEHABAD,2007,25,17,4,7,0,7,25
HARYANA,GRP,2007,19,2,0,2,0,2,7
HARYANA,GURGAON,2007,93,58,4,40,0,40,111
HARYANA,HISSAR,2007,55,48,4,21,0,21,47
HARYANA,JHAJJAR,2007,55,45,2,14,0,14,30
HARYANA,JIND,2007,34,38,8,19,0,19,24
HARYANA,KAITHAL,2007,32,15,2,14,0,14,16
HARYANA,KARNAL,2007,53,22,10,47,0,47,26
HARYANA,KURUKSHETRA,2007,27,19,0,21,0,21,18
HARYANA,MAHENDRAGARH,2007,28,14,0,10,0,10,25
HARYANA,MEWAT,2007,35,43,3,44,0,44,28
HARYANA,PALWAL,2007,26,23,3,15,0,15,22
HARYANA,PANCHKULA,2007,18,3,3,11,0,11,25
HARYANA,PANIPAT,2007,35,20,5,34,0,34,33
HARYANA,REWARI,2007,18,17,3,22,0,22,35
HARYANA,ROHTAK,2007,56,49,2,18,0,18,30
HARYANA,SIRSA,2007,29,22,2,23,0,23,21
HARYANA,SONIPAT,2007,75,44,5,24,0,24,42
HARYANA,YAMUNANAGAR,2007,32,23,2,25,0,25,35
HARYANA,TOTAL,2007,911,592,72,488,0,488,801
HIMACHAL PRADESH,BILASPUR,2007,1,4,1,6,0,6,11
HIMACHAL PRADESH,CHAMBA,2007,9,3,0,15,0,15,11
HIMACHAL PRADESH,G.R.P.,2007,0,0,0,0,0,0,0
HIMACHAL PRADESH,HAMIRPUR,2007,7,1,1,5,0,5,16
HIMACHAL PRADESH,KANGRA,2007,22,11,1,20,0,20,25
HIMACHAL PRADESH,KINNAUR,2007,7,0,0,9,0,9,1
HIMACHAL PRADESH,KULLU,2007,11,2,1,22,0,22,12
HIMACHAL PRADESH,LAHAUL-SPITI,2007,1,0,0,1,0,1,1
HIMACHAL PRADESH,MANDI,2007,14,7,1,30,0,30,25
HIMACHAL PRADESH,SHIMLA,2007,15,15,1,27,0,27,28
HIMACHAL PRADESH,SIRMAUR,2007,16,4,0,7,0,7,12
HIMACHAL PRADESH,SOLAN,2007,10,9,2,8,0,8,17
HIMACHAL PRADESH,UNA,2007,14,1,1,9,0,9,12
HIMACHAL PRADESH,TOTAL,2007,127,57,9,159,0,159,171
JAMMU & KASHMIR,ANANTNAG,2007,9,27,5,16,0,16,65
JAMMU & KASHMIR,AWANTIPORA,2007,13,2,0,5,0,5,13
JAMMU & KASHMIR,BARAMULLA,2007,47,79,3,31,0,31,102
JAMMU & KASHMIR,BORDER DISTRICT,2007,9,17,0,6,0,6,10
JAMMU & KASHMIR,BUDGAM,2007,5,18,1,17,0,17,72
JAMMU & KASHMIR,CRIME JAMMU,2007,0,0,0,0,0,0,0
JAMMU & KASHMIR,CRIME SRINAGAR,2007,0,0,0,0,0,0,0
JAMMU & KASHMIR,DODA,2007,35,68,0,28,0,28,30
JAMMU & KASHMIR,GANDERBAL,2007,11,6,0,5,0,5,45
JAMMU & KASHMIR,HANDWARA,2007,12,30,1,15,0,15,22
JAMMU & KASHMIR,JAMMU,2007,22,71,6,25,0,25,52
JAMMU & KASHMIR,KARGIL,2007,0,2,0,0,0,0,1
JAMMU & KASHMIR,KATHUA,2007,11,28,1,15,0,15,18
JAMMU & KASHMIR,KULGAM,2007,10,18,2,9,0,9,46
JAMMU & KASHMIR,KUPWARA,2007,23,59,1,4,0,4,38
JAMMU & KASHMIR,LEH,2007,4,3,0,2,0,2,3
JAMMU & KASHMIR,POONCH,2007,13,35,1,13,0,13,17
JAMMU & KASHMIR,PULWAMA,2007,22,54,1,11,0,11,51
JAMMU & KASHMIR,RAILWAYS,2007,1,1,1,0,0,0,0
JAMMU & KASHMIR,RAJOURI,2007,23,27,0,25,0,25,51
JAMMU & KASHMIR,RAMBAN,2007,18,27,0,15,0,15,10
JAMMU & KASHMIR,REASI,2007,8,14,0,7,0,7,11
JAMMU & KASHMIR,SRINAGAR,2007,15,64,0,27,0,27,92
JAMMU & KASHMIR,UDHAMPUR,2007,7,19,0,12,0,12,9
JAMMU & KASHMIR,TOTAL,2007,318,669,23,288,0,288,758
JHARKHAND,BOKARO,2007,60,21,0,57,0,57,43
JHARKHAND,CHAIBASA,2007,127,32,2,43,0,43,19
JHARKHAND,CHATRA,2007,29,69,1,25,0,25,12
JHARKHAND,DEOGHAR,2007,48,29,3,24,0,24,26
JHARKHAND,DHANBAD,2007,80,56,7,41,0,41,87
JHARKHAND,DHANBAD RLY.,2007,7,0,0,1,0,1,0
JHARKHAND,DUMKA,2007,65,27,0,52,0,52,29
JHARKHAND,GARHWA,2007,53,45,3,17,0,17,20
JHARKHAND,GIRIDIH,2007,59,114,0,46,0,46,35
JHARKHAND,GODDA,2007,55,85,3,30,0,30,39
JHARKHAND,GUMLA,2007,137,59,3,60,0,60,34
JHARKHAND,HAZARIBAGH,2007,78,72,6,41,0,41,28
JHARKHAND,JAMSHEDPUR,2007,92,67,7,65,0,65,39
JHARKHAND,JAMSHEDPUR RLY.,2007,4,0,0,1,0,1,4
JHARKHAND,JAMTARA,2007,14,9,5,22,0,22,21
JHARKHAND,KHUNTI,2007,91,9,4,15,0,15,15
JHARKHAND,KODERMA,2007,22,33,3,15,0,15,18
JHARKHAND,LATEHAR,2007,53,3,1,10,0,10,14
JHARKHAND,LOHARDAGGA,2007,31,19,4,32,0,32,21
JHARKHAND,PAKUR,2007,24,100,9,45,0,45,22
JHARKHAND,PALAMU,2007,67,31,1,29,0,29,36
JHARKHAND,RAMGARH,2007,41,13,0,28,0,28,37
JHARKHAND,RANCHI,2007,203,78,24,53,0,53,88
JHARKHAND,SAHEBGANJ,2007,54,51,2,64,0,64,32
JHARKHAND,SARAIKELA,2007,51,30,2,18,0,18,23
JHARKHAND,SIMDEGA,2007,72,24,2,21,0,21,20
JHARKHAND,TOTAL,2007,1617,1076,92,855,0,855,762
KARNATAKA,BAGALKOT,2007,38,24,3,4,0,4,27
KARNATAKA,BANGALORE COMMR.,2007,246,264,7,62,1,61,119
KARNATAKA,BANGALORE RURAL,2007,176,43,0,29,0,29,43
KARNATAKA,BELGAUM,2007,110,84,3,22,0,22,42
KARNATAKA,BELLARY,2007,62,51,0,14,0,14,17
KARNATAKA,BIDAR,2007,42,46,11,11,0,11,26
KARNATAKA,BIJAPUR,2007,49,28,1,17,0,17,30
KARNATAKA,CHAMARAJNAGAR,2007,19,11,1,3,0,3,7
KARNATAKA,CHICKMAGALUR,2007,32,29,2,11,0,11,11
KARNATAKA,CHITRADURGA,2007,32,20,0,10,0,10,21
KARNATAKA,DAKSHIN KANNADA,2007,26,37,1,11,0,11,11
KARNATAKA,DAVANAGERE,2007,19,22,1,10,0,10,16
KARNATAKA,DHARWAD COMMR.,2007,16,20,0,5,0,5,16
KARNATAKA,DHARWAD RURAL,2007,30,13,0,7,0,7,6
KARNATAKA,GADAG,2007,17,17,0,4,0,4,5
KARNATAKA,GULBARGA,2007,91,90,1,35,0,35,54
KARNATAKA,HASSAN,2007,54,35,1,13,0,13,15
KARNATAKA,HAVERI,2007,17,21,3,8,0,8,21
KARNATAKA,K.G.F.,2007,12,23,0,7,0,7,7
KARNATAKA,KODAGU,2007,25,28,2,4,0,4,11
KARNATAKA,KOLAR,2007,66,62,1,19,0,19,35
KARNATAKA,KOPPAL,2007,19,10,7,6,0,6,5
KARNATAKA,MANDYA,2007,48,43,0,17,0,17,15
KARNATAKA,MYSORE COMMR.,2007,26,38,0,13,0,13,19
KARNATAKA,MYSORE RURAL,2007,60,45,0,20,0,20,11
KARNATAKA,RAICHUR,2007,44,31,2,19,0,19,23
KARNATAKA,RAILWAYS,2007,17,4,0,0,0,0,2
KARNATAKA,SHIMOGA,2007,40,43,2,23,0,23,26
KARNATAKA,TUMKUR,2007,74,41,2,17,0,17,25
KARNATAKA,UDUPI,2007,12,12,1,11,0,11,7
KARNATAKA,UTTAR KANNADA,2007,19,16,3,4,0,4,7
KARNATAKA,TOTAL,2007,1538,1251,55,436,1,435,680
KERALA,ALAPUZHA,2007,19,37,2,25,0,25,16
KERALA,CBCID,2007,7,2,0,2,0,2,0
KERALA,ERNAKULAM COMMR.,2007,14,17,13,23,0,23,10
KERALA,ERNAKULAM RURAL,2007,26,26,14,22,0,22,8
KERALA,IDUKKI,2007,24,22,1,28,0,28,9
KERALA,KANNUR,2007,14,47,0,34,0,34,16
KERALA,KASARGOD,2007,12,13,2,19,0,19,2
KERALA,KOLLAM,2007,43,27,12,46,0,46,22
KERALA,KOTTAYAM,2007,17,17,3,25,0,25,20
KERALA,KOZHIKODE COMMR.,2007,9,13,0,15,0,15,11
KERALA,KOZHIKODE RURAL,2007,10,12,3,25,0,25,14
KERALA,MALAPPURAM,2007,22,29,7,41,0,41,13
KERALA,PALAKKAD,2007,41,19,8,39,0,39,9
KERALA,PATHANAMTHITTA,2007,21,12,4,19,0,19,19
KERALA,RAILWAYS,2007,0,0,0,0,0,0,1
KERALA,THRISSUR,2007,38,50,9,48,0,48,27
KERALA,TRIVANDRUM COMMR.,2007,13,21,3,20,0,20,23
KERALA,TRIVANDRUM RURAL,2007,26,24,9,54,0,54,26
KERALA,WAYANADU,2007,11,14,2,27,0,27,9
KERALA,TOTAL,2007,367,402,92,512,0,512,255
MADHYA PRADESH,ANUPPUR,2007,22,4,1,49,0,49,6
MADHYA PRADESH,ASHOK NAGAR,2007,34,29,5,81,0,81,11
MADHYA PRADESH,BALAGHAT,2007,51,16,3,53,0,53,7
MADHYA PRADESH,BARWANI,2007,39,38,1,55,0,55,10
MADHYA PRADESH,BETUL,2007,51,48,0,156,0,156,18
MADHYA PRADESH,BHIND,2007,68,104,7,27,0,27,15
MADHYA PRADESH,BHOPAL,2007,74,76,1,82,0,82,48
MADHYA PRADESH,BHOPAL RLY.,2007,7,2,1,1,0,1,0
MADHYA PRADESH,BURHANPUR,2007,16,11,0,12,0,12,1
MADHYA PRADESH,CHHATARPUR,2007,53,80,0,65,0,65,32
MADHYA PRADESH,CHHINDWARA,2007,59,28,10,116,0,116,14
MADHYA PRADESH,DAMOH,2007,43,47,0,30,0,30,14
MADHYA PRADESH,DATIYA,2007,49,49,0,25,0,25,21
MADHYA PRADESH,DEWAS,2007,39,63,4,84,0,84,27
MADHYA PRADESH,DHAR,2007,78,58,5,82,0,82,22
MADHYA PRADESH,DINDORI,2007,15,3,3,23,0,23,0
MADHYA PRADESH,GUNA,2007,39,28,7,80,0,80,3
MADHYA PRADESH,GWALIOR,2007,70,139,19,74,0,74,68
MADHYA PRADESH,HARDA,2007,17,23,0,38,0,38,12
MADHYA PRADESH,HOSHANGABAD,2007,41,48,0,52,0,52,23
MADHYA PRADESH,INDORE,2007,111,151,4,102,0,102,49
MADHYA PRADESH,INDORE RLY.,2007,3,0,1,4,0,4,0
MADHYA PRADESH,JABALPUR,2007,81,156,0,77,0,77,40
MADHYA PRADESH,JABALPUR RLY.,2007,2,1,3,1,0,1,0
MADHYA PRADESH,JHABUA,2007,109,51,3,35,0,35,14
MADHYA PRADESH,KATNI,2007,37,22,2,44,0,44,15
MADHYA PRADESH,KHANDWA,2007,19,45,2,64,0,64,14
MADHYA PRADESH,KHARGON,2007,45,49,0,63,0,63,12
MADHYA PRADESH,MANDLA,2007,27,8,0,47,0,47,6
MADHYA PRADESH,MANDSAUR,2007,30,37,0,40,0,40,21
MADHYA PRADESH,MORENA,2007,47,92,3,39,0,39,38
MADHYA PRADESH,NARSINGHPUR,2007,31,34,0,49,0,49,5
MADHYA PRADESH,NEEMUCH,2007,18,9,0,20,0,20,11
MADHYA PRADESH,PANNA,2007,34,38,0,26,0,26,12
MADHYA PRADESH,RAISEN,2007,45,70,0,75,0,75,12
MADHYA PRADESH,RAJGARH,2007,25,58,0,100,0,100,22
MADHYA PRADESH,RATLAM,2007,35,40,1,85,0,85,14
MADHYA PRADESH,REWA,2007,40,30,0,66,0,66,25
MADHYA PRADESH,SAGAR,2007,80,101,0,115,0,115,32
MADHYA PRADESH,SATNA,2007,90,46,2,84,0,84,27
MADHYA PRADESH,SEONI,2007,40,28,3,51,0,51,7
MADHYA PRADESH,SHAHDOL,2007,29,18,1,50,0,50,8
MADHYA PRADESH,SHAJAPUR,2007,35,46,4,67,0,67,15
MADHYA PRADESH,SHEOPUR,2007,19,23,0,13,0,13,6
MADHYA PRADESH,SHIVPURI,2007,64,70,5,91,0,91,29
MADHYA PRADESH,SIDHI,2007,61,25,3,82,0,82,44
MADHYA PRADESH,SIHORE,2007,35,45,0,56,0,56,17
MADHYA PRADESH,TIKAMGARH,2007,56,35,1,63,0,63,18
MADHYA PRADESH,UJJAIN,2007,70,131,4,79,0,79,33
MADHYA PRADESH,UMARIYA,2007,13,12,39,37,0,37,2
MADHYA PRADESH,VIDISHA,2007,48,58,7,100,0,100,22
MADHYA PRADESH,TOTAL,2007,2244,2423,155,3010,0,3010,922
MAHARASHTRA,AHMEDNAGAR,2007,99,73,2,55,0,55,37
MAHARASHTRA,AKOLA,2007,38,43,1,22,0,22,17
MAHARASHTRA,AMRAVATI COMMR.,2007,30,22,0,7,0,7,18
MAHARASHTRA,AMRAVATI RURAL,2007,51,36,2,58,0,58,26
MAHARASHTRA,AURANGABAD COMMR.,2007,37,27,0,18,0,18,29
MAHARASHTRA,AURANGABAD RURAL,2007,57,19,2,14,0,14,15
MAHARASHTRA,BEED,2007,69,50,0,23,0,23,48
MAHARASHTRA,BHANDARA,2007,30,10,3,19,0,19,7
MAHARASHTRA,BULDHANA,2007,56,41,3,39,0,39,22
MAHARASHTRA,CHANDRAPUR,2007,59,23,4,35,0,35,25
MAHARASHTRA,DHULE,2007,49,23,1,15,0,15,5
MAHARASHTRA,GADCHIROLI,2007,53,47,5,11,0,11,8
MAHARASHTRA,GONDIA,2007,34,14,1,32,0,32,13
MAHARASHTRA,HINGOLI,2007,29,16,0,9,0,9,8
MAHARASHTRA,JALGAON,2007,94,38,1,52,0,52,27
MAHARASHTRA,JALNA,2007,52,22,1,17,0,17,17
MAHARASHTRA,KOLHAPUR,2007,65,47,1,30,0,30,16
MAHARASHTRA,LATUR,2007,73,37,0,17,0,17,26
MAHARASHTRA,MUMBAI COMMR.,2007,230,116,2,174,0,174,179
MAHARASHTRA,MUMBAI RLY.,2007,4,5,1,1,0,1,1
MAHARASHTRA,NAGPUR COMMR.,2007,73,60,5,50,0,50,66
MAHARASHTRA,NAGPUR RLY.,2007,4,1,0,0,0,0,2
MAHARASHTRA,NAGPUR RURAL,2007,71,24,1,39,0,39,24
MAHARASHTRA,NANDED,2007,83,82,6,33,0,33,40
MAHARASHTRA,NANDURBAR,2007,32,19,1,14,0,14,3
MAHARASHTRA,NASIK COMMR.,2007,33,26,1,7,0,7,21
MAHARASHTRA,NASIK RURAL,2007,80,56,3,44,0,44,29
MAHARASHTRA,NAVI MUMBAI,2007,45,22,1,17,0,17,16
MAHARASHTRA,OSMANABAD,2007,44,24,2,29,0,29,23
MAHARASHTRA,PARBHANI,2007,47,39,3,22,0,22,14
MAHARASHTRA,PUNE COMMR.,2007,126,126,8,66,0,66,122
MAHARASHTRA,PUNE RLY.,2007,6,0,0,0,0,0,1
MAHARASHTRA,PUNE RURAL,2007,130,51,12,59,0,59,41
MAHARASHTRA,RAIGAD,2007,37,28,1,29,0,29,13
MAHARASHTRA,RATNAGIRI,2007,19,4,5,17,0,17,9
MAHARASHTRA,SANGLI,2007,74,24,0,28,0,28,18
MAHARASHTRA,SATARA,2007,75,26,5,43,0,43,38
MAHARASHTRA,SINDHUDURG,2007,17,3,1,9,0,9,4
MAHARASHTRA,SOLAPUR COMMR.,2007,22,24,0,12,0,12,16
MAHARASHTRA,SOLAPUR RURAL,2007,77,53,5,46,0,46,35
MAHARASHTRA,THANE COMMR.,2007,120,74,4,78,0,78,110
MAHARASHTRA,THANE RURAL,2007,128,39,6,67,0,67,46
MAHARASHTRA,WARDHA,2007,49,32,3,31,0,31,26
MAHARASHTRA,WASHIM,2007,22,19,3,14,0,14,19
MAHARASHTRA,YAVATMAL,2007,70,50,7,49,0,49,32
MAHARASHTRA,TOTAL,2007,2693,1615,113,1451,0,1451,1312
MANIPUR,BISHNUPUR,2007,31,31,1,4,0,4,9
MANIPUR,CHANDEL,2007,16,17,0,0,0,0,2
MANIPUR,CHURACHANDPUR,2007,28,5,0,1,0,1,6
MANIPUR,IMPHAL EAST,2007,41,89,0,1,0,1,28
MANIPUR,IMPHAL WEST,2007,61,130,0,7,0,7,64
MANIPUR,SENAPATI,2007,17,15,0,1,0,1,8
MANIPUR,TAMENGLONG,2007,3,4,0,0,0,0,2
MANIPUR,THOUBAL,2007,39,74,1,6,0,6,27
MANIPUR,UKHRUL,2007,4,12,0,0,0,0,4
MANIPUR,TOTAL,2007,240,377,2,20,0,20,150
MEGHALAYA,GARO HILLS EAST,2007,9,10,1,4,0,4,6
MEGHALAYA,GARO HILLS SOUTH,2007,2,5,0,1,0,1,2
MEGHALAYA,GARO HILLS WEST,2007,13,6,3,4,0,4,16
MEGHALAYA,JAINTIA HILLS,2007,43,2,0,26,0,26,3
MEGHALAYA,KHASI HILLS EAST,2007,21,19,3,32,0,32,22
MEGHALAYA,KHASI HILLS WEST,2007,16,4,1,8,0,8,2
MEGHALAYA,RI-BHOI,2007,10,3,0,7,0,7,1
MEGHALAYA,TOTAL,2007,114,49,8,82,0,82,52
MIZORAM,AIZAWL,2007,18,11,3,35,0,35,3
MIZORAM,CHAMPHAI,2007,5,2,0,12,0,12,0
MIZORAM,KOLASIB,2007,9,1,0,12,0,12,1
MIZORAM,LAWNGTLAI,2007,5,2,0,3,0,3,0
MIZORAM,LUNGLEI,2007,2,1,0,9,0,9,0
MIZORAM,MAMIT,2007,1,2,1,1,0,1,0
MIZORAM,SAIHA,2007,2,0,0,3,0,3,0
MIZORAM,SERCHHIP,2007,1,2,0,8,0,8,0
MIZORAM,TOTAL,2007,43,21,4,83,0,83,4
NAGALAND,DIMAPUR,2007,30,8,0,5,0,5,7
NAGALAND,KIPHIRE,2007,3,1,0,0,0,0,0
NAGALAND,KOHIMA,2007,24,14,2,4,0,4,4
NAGALAND,LONGLENG,2007,1,2,1,0,0,0,1
NAGALAND,MOKOKCHUNG,2007,17,3,0,1,0,1,3
NAGALAND,MON,2007,9,1,2,0,0,0,0
NAGALAND,PEREN,2007,3,0,0,0,0,0,1
NAGALAND,PHEK,2007,5,5,2,0,0,0,0
NAGALAND,TUENSANG,2007,7,4,0,0,0,0,1
NAGALAND,WOKHA,2007,8,7,0,3,0,3,0
NAGALAND,ZUNHEBOTO,2007,4,5,1,0,0,0,0
NAGALAND,TOTAL,2007,111,50,8,13,0,13,17
ODISHA,ANGUL,2007,54,71,1,38,0,38,37
ODISHA,BALASORE,2007,36,33,1,55,0,55,51
ODISHA,BARAGARH,2007,41,47,2,18,0,18,14
ODISHA,BERHAMPUR,2007,16,36,0,4,0,4,8
ODISHA,BHADRAK,2007,30,20,0,42,0,42,21
ODISHA,BOLANGIR,2007,38,61,0,53,0,53,26
ODISHA,BOUDH,2007,10,4,0,9,0,9,5
ODISHA,CUTTACK,2007,42,40,0,41,0,41,68
ODISHA,DEOGARH,2007,26,23,0,13,0,13,8
ODISHA,DHENKANAL,2007,59,53,0,35,0,35,26
ODISHA,GAJAPATI,2007,12,6,0,8,0,8,10
ODISHA,GANJAM,2007,66,127,3,34,0,34,27
ODISHA,JAGATSINGHPUR,2007,23,4,0,18,0,18,13
ODISHA,JAJPUR,2007,35,17,0,25,0,25,32
ODISHA,JHARSUGUDA,2007,21,27,0,11,0,11,16
ODISHA,KALAHANDI,2007,30,15,0,30,0,30,23
ODISHA,KANDHAMAL,2007,25,19,0,32,0,32,14
ODISHA,KENDRAPARA,2007,40,13,0,30,0,30,31
ODISHA,KEONJHAR,2007,81,85,0,41,0,41,35
ODISHA,KHURDA,2007,56,59,4,53,0,53,79
ODISHA,KORAPUT,2007,42,34,1,41,0,41,32
ODISHA,MALKANGIR,2007,30,19,0,12,0,12,9
ODISHA,MAYURBHANJ,2007,98,54,0,74,0,74,32
ODISHA,NAYAGARH,2007,31,26,0,21,0,21,35
ODISHA,NOWRANGPUR,2007,28,21,2,28,0,28,22
ODISHA,NUAPADA,2007,17,13,0,5,0,5,14
ODISHA,PURI,2007,21,32,0,43,0,43,17
ODISHA,RAYAGADA,2007,31,22,7,23,0,23,14
ODISHA,ROURKELA,2007,23,15,1,15,0,15,9
ODISHA,SAMBALPUR,2007,46,30,0,27,0,27,15
ODISHA,SONEPUR,2007,9,19,0,16,0,16,12
ODISHA,SRP(CUTTACK),2007,2,0,0,0,0,0,2
ODISHA,SRP(ROURKELA),2007,6,0,0,1,0,1,2
ODISHA,SUNDARGARH,2007,85,60,0,43,0,43,42
ODISHA,TOTAL,2007,1210,1105,22,939,0,939,801
PUNJAB,AMRITSAR,2007,43,46,11,21,0,21,48
PUNJAB,AMRITSAR RURAL,2007,31,24,2,10,0,10,31
PUNJAB,BARNALA,2007,12,17,7,7,0,7,6
PUNJAB,BATALA,2007,25,36,2,15,0,15,19
PUNJAB,BHATINDA,2007,41,54,11,27,0,27,34
PUNJAB,FARIDKOT,2007,23,29,1,13,0,13,17
PUNJAB,FATEHGARH SAHIB,2007,10,15,5,15,0,15,47
PUNJAB,FEROZPUR,2007,48,48,7,33,0,33,33
PUNJAB,G.R.P,2007,14,0,2,2,0,2,1
PUNJAB,GURDASPUR,2007,19,17,11,30,0,30,26
PUNJAB,HOSHIARPUR,2007,43,39,5,27,0,27,25
PUNJAB,JAGRAON,2007,10,24,5,15,0,15,10
PUNJAB,JALANDHAR,2007,63,118,32,54,0,54,113
PUNJAB,KAPURTHALA,2007,29,33,4,22,0,22,22
PUNJAB,KHANNA,2007,24,21,4,17,0,17,18
PUNJAB,LUDHIANA,2007,63,76,8,58,0,58,120
PUNJAB,MANSA,2007,28,31,6,20,0,20,8
PUNJAB,MOGA,2007,37,34,8,7,0,7,22
PUNJAB,MUKTSAR,2007,27,32,4,11,0,11,22
PUNJAB,NAWAN SHAHR,2007,21,20,2,13,0,13,10
PUNJAB,PATIALA,2007,51,55,8,22,0,22,25
PUNJAB,ROPAR,2007,10,11,3,7,0,7,9
PUNJAB,SANGRUR,2007,36,58,9,31,0,31,26
PUNJAB,SAS NGR,2007,11,21,13,16,0,16,33
PUNJAB,TARN TARAN,2007,41,34,0,26,0,26,35
PUNJAB,TOTAL,2007,760,893,170,519,0,519,760
RAJASTHAN,AJMER,2007,53,71,1,31,0,31,89
RAJASTHAN,ALWAR,2007,89,62,4,73,0,73,109
RAJASTHAN,BANSWARA,2007,39,13,1,39,0,39,46
RAJASTHAN,BARAN,2007,37,98,0,43,0,43,28
RAJASTHAN,BARMER,2007,26,27,1,19,0,19,29
RAJASTHAN,BHARATPUR,2007,69,48,5,62,0,62,112
RAJASTHAN,BHILWARA,2007,34,46,4,48,0,48,66
RAJASTHAN,BIKANER,2007,39,85,0,32,0,32,36
RAJASTHAN,BUNDI,2007,28,55,0,28,0,28,57
RAJASTHAN,CHITTORGARH,2007,48,48,3,92,0,92,147
RAJASTHAN,CHURU,2007,20,29,2,27,0,27,27
RAJASTHAN,DAUSA,2007,34,18,1,16,0,16,67
RAJASTHAN,DHOLPUR,2007,44,68,0,20,0,20,57
RAJASTHAN,DUNGARPUR,2007,23,17,0,10,0,10,42
RAJASTHAN,G.R.P.,2007,4,5,0,0,0,0,6
RAJASTHAN,GANGANAGAR,2007,61,73,1,66,0,66,56
RAJASTHAN,HANUMANGARH,2007,32,137,1,39,0,39,24
RAJASTHAN,JAIPUR EAST,2007,14,31,0,25,0,25,65
RAJASTHAN,JAIPUR NORTH,2007,17,27,0,23,0,23,76
RAJASTHAN,JAIPUR RURAL,2007,66,25,7,39,0,39,85
RAJASTHAN,JAIPUR SOUTH,2007,21,18,2,14,0,14,65
RAJASTHAN,JAISALMER,2007,5,3,0,4,0,4,13
RAJASTHAN,JALORE,2007,21,22,0,7,0,7,30
RAJASTHAN,JHALAWAR,2007,43,105,2,54,0,54,49
RAJASTHAN,JHUNJHUNU,2007,44,16,1,31,0,31,34
RAJASTHAN,JODHPUR CITY,2007,16,57,2,16,0,16,55
RAJASTHAN,JODHPUR RURAL,2007,23,30,0,24,0,24,19
RAJASTHAN,KARAULI,2007,37,51,2,28,0,28,69
RAJASTHAN,KOTA CITY,2007,22,154,2,25,0,25,84
RAJASTHAN,KOTA RURAL,2007,25,37,2,30,0,30,33
RAJASTHAN,NAGAUR,2007,42,46,1,38,0,38,49
RAJASTHAN,PALI,2007,30,36,5,39,0,39,71
RAJASTHAN,RAJSAMAND,2007,13,16,0,5,0,5,43
RAJASTHAN,SAWAI MADHOPUR,2007,19,21,3,21,0,21,48
RAJASTHAN,SIKAR,2007,36,35,2,34,0,34,59
RAJASTHAN,SIROHI,2007,22,21,1,23,0,23,37
RAJASTHAN,TONK,2007,23,36,1,19,0,19,60
RAJASTHAN,UDAIPUR,2007,84,85,7,94,0,94,135
RAJASTHAN,TOTAL,2007,1303,1772,64,1238,0,1238,2177
SIKKIM,EAST,2007,2,10,2,8,0,8,5
SIKKIM,NORTH,2007,0,0,1,0,0,0,0
SIKKIM,SOUTH,2007,1,2,0,12,0,12,1
SIKKIM,WEST,2007,6,2,0,4,0,4,3
SIKKIM,TOTAL,2007,9,14,3,24,0,24,9
TAMIL NADU,CHENNAI,2007,145,247,4,46,0,46,83
TAMIL NADU,CHENNAI RLY.,2007,4,5,0,0,0,0,3
TAMIL NADU,COIMBATORE RURAL,2007,87,62,1,16,0,16,84
TAMIL NADU,COIMBATORE URBAN,2007,22,15,0,10,0,10,14
TAMIL NADU,CUDDALORE,2007,61,114,0,28,0,28,57
TAMIL NADU,DHARMAPURI,2007,38,46,4,6,0,6,44
TAMIL NADU,DINDIGUL,2007,40,79,0,12,0,12,50
TAMIL NADU,ERODE,2007,54,31,0,20,0,20,66
TAMIL NADU,KANCHIPURAM,2007,57,97,0,25,0,25,18
TAMIL NADU,KANYAKUMARI,2007,27,51,1,11,0,11,22
TAMIL NADU,KARUR,2007,18,17,0,3,0,3,14
TAMIL NADU,KRISHNAGIRI,2007,72,44,0,11,0,11,38
TAMIL NADU,MADURAI RURAL,2007,55,52,0,9,0,9,36
TAMIL NADU,MADURAI URBAN,2007,27,25,0,4,0,4,23
TAMIL NADU,NAGAPATTINAM,2007,39,65,0,14,0,14,28
TAMIL NADU,NAMAKKAL,2007,26,19,0,12,0,12,31
TAMIL NADU,NILGIRIS,2007,13,8,0,6,0,6,5
TAMIL NADU,PERAMBALUR,2007,32,35,1,26,0,26,22
TAMIL NADU,PUDUKOTTAI,2007,34,29,3,14,0,14,25
TAMIL NADU,RAMNATHAPURAM,2007,37,55,0,8,0,8,25
TAMIL NADU,SALEM RURAL,2007,67,54,2,25,0,25,71
TAMIL NADU,SALEM URBAN,2007,16,30,0,10,0,10,28
TAMIL NADU,SIVAGANGAI,2007,43,50,0,3,0,3,40
TAMIL NADU,THANJAVUR,2007,68,66,0,5,0,5,50
TAMIL NADU,THENI,2007,29,62,1,4,0,4,22
TAMIL NADU,THIRUNELVELI RURAL,2007,80,262,1,35,0,35,56
TAMIL NADU,THIRUNELVELI URBAN,2007,16,47,1,6,0,6,10
TAMIL NADU,THIRUVALLUR,2007,23,35,0,7,0,7,14
TAMIL NADU,THIRUVANNAMALAI,2007,45,26,1,14,0,14,25
TAMIL NADU,THIRUVARUR,2007,39,44,1,9,0,9,30
TAMIL NADU,THOOTHUGUDI,2007,62,100,0,19,0,19,33
TAMIL NADU,TRICHY RLY.,2007,0,0,0,0,0,0,0
TAMIL NADU,TRICHY RURAL,2007,49,19,0,12,0,12,23
TAMIL NADU,TRICHY URBAN,2007,21,22,0,2,0,2,17
TAMIL NADU,VELLORE,2007,66,36,2,25,0,25,55
TAMIL NADU,VILLUPURAM,2007,70,76,5,58,0,58,64
TAMIL NADU,VIRUDHUNAGAR,2007,51,53,0,8,0,8,44
TAMIL NADU,TOTAL,2007,1633,2078,28,523,0,523,1270
TRIPURA,DHALAI,2007,18,3,1,13,0,13,27
TRIPURA,NORTH,2007,21,6,0,26,0,26,21
TRIPURA,SOUTH,2007,34,35,0,41,0,41,21
TRIPURA,WEST,2007,65,14,1,77,0,77,44
TRIPURA,TOTAL,2007,138,58,2,157,0,157,113
UTTAR PRADESH,AGRA,2007,123,141,55,30,0,30,209
UTTAR PRADESH,ALIGARH,2007,166,154,33,50,0,50,147
UTTAR PRADESH,ALLAHABAD,2007,143,85,43,26,0,26,100
UTTAR PRADESH,AMBEDKAR NAGAR,2007,26,20,12,15,0,15,33
UTTAR PRADESH,AURAIYA,2007,37,34,7,9,0,9,34
UTTAR PRADESH,AZAMGARH,2007,54,23,31,11,0,11,34
UTTAR PRADESH,BADAUN,2007,88,110,58,11,0,11,53
UTTAR PRADESH,BAGHPAT,2007,81,57,8,17,0,17,35
UTTAR PRADESH,BAHRAICH,2007,43,30,29,34,0,34,53
UTTAR PRADESH,BALLIA,2007,32,31,14,10,0,10,26
UTTAR PRADESH,BALRAMPUR,2007,20,13,8,10,0,10,17
UTTAR PRADESH,BANDA,2007,49,22,12,15,0,15,18
UTTAR PRADESH,BARABANKI,2007,62,44,13,25,0,25,70
UTTAR PRADESH,BAREILLY,2007,138,171,37,62,0,62,126
UTTAR PRADESH,BASTI,2007,24,20,19,10,0,10,22
UTTAR PRADESH,BIJNOR,2007,99,51,25,27,0,27,68
UTTAR PRADESH,BULANDSHAHAR,2007,146,160,24,44,0,44,120
UTTAR PRADESH,CHANDOLI,2007,17,20,6,6,0,6,12
UTTAR PRADESH,CHITRAKOOT DHAM,2007,23,14,10,23,0,23,8
UTTAR PRADESH,DEORIA,2007,31,17,26,2,0,2,21
UTTAR PRADESH,ETAH,2007,141,194,28,39,0,39,107
UTTAR PRADESH,ETAWAH,2007,66,69,7,14,0,14,84
UTTAR PRADESH,FAIZABAD,2007,52,29,18,23,0,23,46
UTTAR PRADESH,FATEHGARH,2007,64,90,11,21,0,21,71
UTTAR PRADESH,FATEHPUR,2007,66,30,22,22,0,22,45
UTTAR PRADESH,FIROZABAD,2007,123,143,15,28,0,28,109
UTTAR PRADESH,G.R.P.,2007,20,20,4,2,0,2,8
UTTAR PRADESH,GAUTAMBUDH NAGAR,2007,75,71,16,17,0,17,83
UTTAR PRADESH,GHAZIABAD,2007,150,135,46,33,0,33,158
UTTAR PRADESH,GHAZIPUR,2007,40,39,18,10,0,10,14
UTTAR PRADESH,GONDA,2007,46,46,22,13,0,13,47
UTTAR PRADESH,GORAKHPUR,2007,75,58,37,19,0,19,58
UTTAR PRADESH,HAMIRPUR,2007,22,7,21,8,0,8,12
UTTAR PRADESH,HARDOI,2007,86,54,22,33,0,33,47
UTTAR PRADESH,HATHRAS,2007,56,54,18,16,0,16,71
UTTAR PRADESH,J.P.NAGAR,2007,66,50,13,28,0,28,34
UTTAR PRADESH,JALAUN,2007,48,17,9,8,0,8,27
UTTAR PRADESH,JAUNPUR,2007,44,62,26,24,0,24,47
UTTAR PRADESH,JHANSI,2007,66,30,22,10,0,10,25
UTTAR PRADESH,KANNAUJ,2007,54,40,20,6,0,6,32
UTTAR PRADESH,KANPUR DEHAT,2007,41,43,18,13,0,13,62
UTTAR PRADESH,KANPUR NAGAR,2007,148,132,46,46,0,46,291
UTTAR PRADESH,KAUSHAMBI,2007,51,23,23,30,0,30,48
UTTAR PRADESH,KHIRI,2007,93,66,48,47,0,47,75
UTTAR PRADESH,KUSHI NAGAR,2007,20,20,29,9,0,9,29
UTTAR PRADESH,LALITPUR,2007,22,4,13,10,0,10,13
UTTAR PRADESH,LUCKNOW,2007,159,118,55,82,0,82,260
UTTAR PRADESH,MAHARAJGANJ,2007,25,11,14,23,0,23,25
UTTAR PRADESH,MAHOBA,2007,30,13,20,10,0,10,11
UTTAR PRADESH,MAINPURI,2007,108,137,24,11,0,11,72
UTTAR PRADESH,MATHURA,2007,83,115,14,36,0,36,74
UTTAR PRADESH,MAU,2007,32,38,12,8,0,8,37
UTTAR PRADESH,MEERUT,2007,195,189,21,39,0,39,150
UTTAR PRADESH,MIRZAPUR,2007,40,17,16,10,0,10,8
UTTAR PRADESH,MORADABAD,2007,130,138,59,58,0,58,129
UTTAR PRADESH,MUZAFFARNAGAR,2007,213,170,26,37,0,37,154
UTTAR PRADESH,PILIBHIT,2007,38,20,17,23,0,23,47
UTTAR PRADESH,PRATAPGARH,2007,58,44,21,16,0,16,53
UTTAR PRADESH,RAIBAREILLY,2007,57,46,26,31,0,31,47
UTTAR PRADESH,RAMPUR,2007,57,71,19,40,0,40,61
UTTAR PRADESH,SAHARANPUR,2007,81,105,24,14,0,14,41
UTTAR PRADESH,SANT KABIRNAGAR,2007,21,10,8,9,0,9,20
UTTAR PRADESH,SHAHJAHANPUR,2007,126,125,35,52,0,52,102
UTTAR PRADESH,SHRAWASTI,2007,19,11,9,10,0,10,18
UTTAR PRADESH,SIDHARTHNAGAR,2007,12,4,11,5,0,5,25
UTTAR PRADESH,SITAPUR,2007,112,81,39,67,0,67,102
UTTAR PRADESH,SONBHADRA,2007,35,16,14,16,0,16,12
UTTAR PRADESH,ST.RAVIDASNAGAR,2007,13,19,8,1,0,1,13
UTTAR PRADESH,SULTANPUR,2007,59,61,24,34,0,34,50
UTTAR PRADESH,UNNAO,2007,94,61,37,30,0,30,68
UTTAR PRADESH,VARANASI,2007,66,61,21,20,0,20,50
UTTAR PRADESH,TOTAL,2007,5000,4424,1616,1648,0,1648,4478
UTTARAKHAND,ALMORA,2007,19,9,2,6,0,6,0
UTTARAKHAND,BAGESHWAR,2007,10,1,0,3,0,3,0
UTTARAKHAND,CHAMOLI,2007,15,9,0,10,0,10,7
UTTARAKHAND,CHAMPAWAT,2007,5,0,2,2,0,2,2
UTTARAKHAND,DEHRADUN,2007,37,50,6,29,0,29,60
UTTARAKHAND,HARIDWAR,2007,55,59,13,28,0,28,72
UTTARAKHAND,NAINITAL,2007,26,19,6,6,0,6,25
UTTARAKHAND,PAURI GARHWAL,2007,19,7,1,7,0,7,11
UTTARAKHAND,PITHORAGARH,2007,9,2,4,9,0,9,9
UTTARAKHAND,RUDRA PRAYAG,2007,6,6,2,1,0,1,5
UTTARAKHAND,TEHRI GARHWAL,2007,11,7,5,2,0,2,4
UTTARAKHAND,UDHAMSINGH NAGAR,2007,54,56,8,12,0,12,49
UTTARAKHAND,UTTARKASHI,2007,2,3,1,2,0,2,9
UTTARAKHAND,TOTAL,2007,268,228,50,117,0,117,253
WEST BENGAL,24 PARGANAS NORTH,2007,194,6,46,231,0,231,236
WEST BENGAL,24 PARGANAS SOUTH,2007,158,123,48,205,0,205,241
WEST BENGAL,ASANSOL,2007,26,2,8,15,0,15,18
WEST BENGAL,BANKURA,2007,49,32,6,44,0,44,14
WEST BENGAL,BIRBHUM,2007,66,15,21,53,0,53,31
WEST BENGAL,BURDWAN,2007,122,14,30,69,0,69,54
WEST BENGAL,COOCHBEHAR,2007,34,10,7,139,0,139,68
WEST BENGAL,DAKSHIN DINAJPUR,2007,34,78,7,46,0,46,47
WEST BENGAL,DARJEELING,2007,31,2,19,48,0,48,36
WEST BENGAL,HOOGHLY,2007,90,97,32,57,0,57,46
WEST BENGAL,HOWRAH,2007,69,16,10,45,0,45,83
WEST BENGAL,HOWRAH G.R.P.,2007,9,4,1,1,0,1,3
WEST BENGAL,JALPAIGURI,2007,122,56,40,235,0,235,202
WEST BENGAL,KHARAGPUR G.R.P.,2007,3,0,0,0,0,0,2
WEST BENGAL,KOLKATA,2007,36,71,12,44,0,44,114
WEST BENGAL,MALDA,2007,88,63,23,103,0,103,73
WEST BENGAL,MURSHIDABAD,2007,132,61,30,369,0,369,140
WEST BENGAL,NADIA,2007,99,69,9,183,0,183,175
WEST BENGAL,PASCHIM MIDNAPUR,2007,105,39,14,60,0,60,61
WEST BENGAL,PURAB MIDNAPUR,2007,76,41,12,41,0,41,75
WEST BENGAL,PURULIA,2007,46,0,6,38,0,38,14
WEST BENGAL,SEALDAH G.R.P.,2007,6,7,0,3,0,3,4
WEST BENGAL,SILIGURI G.R.P.,2007,4,1,0,1,0,1,1
WEST BENGAL,UTTAR DINAJPUR,2007,53,70,13,76,0,76,62
WEST BENGAL,TOTAL,2007,1652,877,394,2106,0,2106,1800
A & N ISLANDS,A and N ISLANDS,2007,15,19,1,3,0,3,12
A & N ISLANDS,TOTAL,2007,15,19,1,3,0,3,12
CHANDIGARH,CHANDIGARH,2007,19,26,8,22,0,22,52
CHANDIGARH,TOTAL,2007,19,26,8,22,0,22,52
D & N HAVELI,D and N HAVELI,2007,10,2,0,7,0,7,9
D & N HAVELI,TOTAL,2007,10,2,0,7,0,7,9
DAMAN & DIU,DAMAN,2007,12,6,0,1,0,1,0
DAMAN & DIU,DIU,2007,0,1,0,0,0,0,1
DAMAN & DIU,TOTAL,2007,12,7,0,1,0,1,1
DELHI UT,CENTRAL,2007,27,29,6,22,0,22,70
DELHI UT,DELHI UT TOTAL,2007,495,530,94,598,0,598,1688
DELHI UT,EAST,2007,34,61,8,73,0,73,145
DELHI UT,GRP(RLY),2007,3,0,0,4,0,4,12
DELHI UT,IGI AIRPORT,2007,1,0,0,0,0,0,3
DELHI UT,NEW DELHI,2007,4,7,1,7,0,7,12
DELHI UT,NORTH,2007,22,41,9,33,0,33,64
DELHI UT,NORTH-EAST,2007,66,74,9,89,0,89,241
DELHI UT,NORTH-WEST,2007,57,52,11,51,0,51,208
DELHI UT,OUTER,2007,102,96,17,121,0,121,360
DELHI UT,SOUTH,2007,68,84,11,83,0,83,256
DELHI UT,SOUTH-WEST,2007,51,43,8,51,0,51,148
DELHI UT,STF,2007,0,6,0,0,0,0,0
DELHI UT,WEST,2007,60,37,14,64,0,64,169
LAKSHADWEEP,LAKSHADWEEP,2007,0,2,0,1,0,1,0
LAKSHADWEEP,TOTAL,2007,0,2,0,1,0,1,0
PUDUCHERRY,KARAIKAL,2007,4,9,0,3,0,3,5
PUDUCHERRY,PONDICHERRY,2007,30,33,2,6,0,6,15
PUDUCHERRY,TOTAL,2007,34,42,2,9,0,9,20
ANDHRA PRADESH,ADILABAD,2008,73,82,14,50,0,50,41
ANDHRA PRADESH,ANANTAPUR,2008,154,80,4,37,0,37,90
ANDHRA PRADESH,CHITTOOR,2008,123,65,7,30,0,30,84
ANDHRA PRADESH,CUDDAPAH,2008,114,94,5,27,0,27,76
ANDHRA PRADESH,CYBERABAD,2008,197,66,3,80,0,80,141
ANDHRA PRADESH,EAST GODAVARI,2008,82,112,1,48,0,48,91
ANDHRA PRADESH,GUNTAKAL RLY.,2008,7,0,0,0,0,0,0
ANDHRA PRADESH,GUNTUR,2008,159,196,3,48,0,48,83
ANDHRA PRADESH,HYDERABAD CITY,2008,122,126,5,62,0,62,140
ANDHRA PRADESH,KARIMNAGAR,2008,134,114,12,84,0,84,159
ANDHRA PRADESH,KHAMMAM,2008,123,47,5,70,0,70,103
ANDHRA PRADESH,KRISHNA,2008,53,63,4,38,0,38,69
ANDHRA PRADESH,KURNOOL,2008,116,143,5,47,0,47,89
ANDHRA PRADESH,MAHABOOBNAGAR,2008,188,66,30,72,0,72,104
ANDHRA PRADESH,MEDAK,2008,140,57,10,50,0,50,62
ANDHRA PRADESH,NALGONDA,2008,121,76,3,90,0,90,91
ANDHRA PRADESH,NELLORE,2008,70,73,6,39,0,39,83
ANDHRA PRADESH,NIZAMABAD,2008,153,61,17,31,0,31,51
ANDHRA PRADESH,PRAKASHAM,2008,75,59,4,30,0,30,66
ANDHRA PRADESH,RANGA REDDY,2008,91,35,8,37,0,37,23
ANDHRA PRADESH,SECUNDERABAD RLY.,2008,10,0,0,2,0,2,0
ANDHRA PRADESH,SRIKAKULAM,2008,25,0,2,32,0,32,18
ANDHRA PRADESH,VIJAYAWADA CITY,2008,34,58,1,30,0,30,49
ANDHRA PRADESH,VIJAYAWADA RLY.,2008,1,1,0,0,0,0,1
ANDHRA PRADESH,VISAKHA RURAL,2008,65,40,4,12,0,12,12
ANDHRA PRADESH,VISAKHAPATNAM,2008,32,36,1,29,0,29,34
ANDHRA PRADESH,VIZIANAGARAM,2008,29,21,3,6,0,6,16
ANDHRA PRADESH,WARANGAL,2008,121,73,5,59,0,59,82
ANDHRA PRADESH,WEST GODAVARI,2008,78,98,3,117,0,117,112
ANDHRA PRADESH,TOTAL,2008,2690,1942,165,1257,0,1257,1970
ARUNACHAL PRADESH,CHANGLANG,2008,6,4,0,2,0,2,4
ARUNACHAL PRADESH,DIBANG VALLEY,2008,1,2,0,3,0,3,6
ARUNACHAL PRADESH,K/KUMEY,2008,3,4,0,2,0,2,3
ARUNACHAL PRADESH,KAMENG EAST,2008,4,0,0,5,0,5,6
ARUNACHAL PRADESH,KAMENG WEST,2008,1,0,0,0,0,0,3
ARUNACHAL PRADESH,LOHIT,2008,11,1,0,3,0,3,1
ARUNACHAL PRADESH,PAPUM PARE,2008,11,6,1,7,0,7,18
ARUNACHAL PRADESH,SIANG EAST,2008,9,2,1,5,0,5,8
ARUNACHAL PRADESH,SIANG UPPER,2008,1,3,0,0,0,0,1
ARUNACHAL PRADESH,SIANG WEST,2008,6,5,0,13,0,13,10
ARUNACHAL PRADESH,SUBANSIRI LOWER,2008,4,1,0,0,0,0,4
ARUNACHAL PRADESH,SUBANSIRI UPPER,2008,4,6,0,2,0,2,2
ARUNACHAL PRADESH,TAWANG,2008,2,0,0,0,0,0,0
ARUNACHAL PRADESH,TIRAP,2008,7,3,0,0,0,0,13
ARUNACHAL PRADESH,UPPER DIBANG VALLEY,2008,2,0,0,0,0,0,0
ARUNACHAL PRADESH,TOTAL,2008,72,37,2,42,0,42,79
ASSAM,BARPETA,2008,54,20,0,97,0,97,128
ASSAM,BASKA,2008,67,19,0,23,0,23,35
ASSAM,BONGAIGAON,2008,15,10,0,51,0,51,60
ASSAM,C.I.D.,2008,0,0,0,0,0,0,0
ASSAM,CACHAR,2008,56,6,0,72,0,72,128
ASSAM,CHIRANG,2008,24,0,0,25,0,25,33
ASSAM,DARRANG,2008,38,5,0,57,0,57,59
ASSAM,DHEMAJI,2008,21,30,5,88,0,88,66
ASSAM,DHUBRI,2008,44,20,3,116,0,116,139
ASSAM,DIBRUGARH,2008,99,21,0,46,0,46,89
ASSAM,G.R.P.,2008,6,0,0,5,0,5,8
ASSAM,GOALPARA,2008,36,5,0,66,0,66,76
ASSAM,GOLAGHAT,2008,65,15,1,42,0,42,61
ASSAM,GUWAHATI CITY,2008,50,18,16,59,0,59,167
ASSAM,HAILAKANDI,2008,27,0,0,39,0,39,61
ASSAM,JORHAT,2008,51,24,17,44,0,44,54
ASSAM,KAMRUP,2008,46,23,19,36,0,36,113
ASSAM,KARBI ANGLONG,2008,55,16,0,16,0,16,25
ASSAM,KARIMGANJ,2008,27,13,0,19,0,19,49
ASSAM,KOKRAJHAR,2008,53,32,0,55,0,55,51
ASSAM,LAKHIMPUR,2008,41,6,3,52,0,52,91
ASSAM,MORIGAON,2008,20,9,3,75,0,75,68
ASSAM,N.C.HILLS,2008,42,14,0,4,0,4,14
ASSAM,NAGAON,2008,83,41,2,112,0,112,215
ASSAM,NALBARI,2008,31,29,1,30,0,30,55
ASSAM,R.P.O.,2008,3,0,0,5,0,5,3
ASSAM,SIBSAGAR,2008,108,7,0,46,0,46,111
ASSAM,SONITPUR,2008,94,31,1,56,0,56,136
ASSAM,TINSUKIA,2008,114,0,0,60,0,60,87
ASSAM,UDALGURI,2008,56,3,0,42,0,42,57
ASSAM,TOTAL,2008,1426,417,71,1438,0,1438,2239
BIHAR,ARARIA,2008,50,37,10,37,0,37,40
BIHAR,ARWAL,2008,28,0,0,2,0,2,12
BIHAR,AURANGABAD,2008,92,27,8,30,0,30,56
BIHAR,BAGAHA,2008,26,8,2,15,0,15,49
BIHAR,BANKA,2008,70,56,6,49,0,49,46
BIHAR,BEGUSARAI,2008,101,170,9,25,0,25,110
BIHAR,BETTIAH,2008,64,33,8,28,0,28,51
BIHAR,BHABHUA,2008,40,38,0,8,0,8,37
BIHAR,BHAGALPUR,2008,90,81,13,35,0,35,133
BIHAR,BHOJPUR,2008,138,167,2,18,0,18,72
BIHAR,BUXAR,2008,52,61,6,11,0,11,26
BIHAR,DARBHANGA,2008,76,154,6,67,0,67,123
BIHAR,GAYA,2008,136,60,12,52,0,52,90
BIHAR,GOPALGANJ,2008,74,93,6,23,0,23,80
BIHAR,JAMALPUR RLY.,2008,10,0,0,1,0,1,4
BIHAR,JAMUI,2008,56,127,3,17,0,17,38
BIHAR,JEHANABAD,2008,35,10,5,6,0,6,38
BIHAR,KATIHAR,2008,63,13,2,120,0,120,103
BIHAR,KATIHAR RLY.,2008,6,11,2,2,0,2,9
BIHAR,KHAGARIA,2008,55,63,0,16,0,16,48
BIHAR,KISHANGANJ,2008,32,42,0,30,0,30,33
BIHAR,LAKHISARAI,2008,41,67,0,35,0,35,34
BIHAR,MADHEPURA,2008,34,7,6,16,0,16,45
BIHAR,MADHUBANI,2008,62,72,6,24,0,24,51
BIHAR,MOTIHARI,2008,120,306,79,34,0,34,121
BIHAR,MUNGER,2008,85,92,0,20,0,20,61
BIHAR,MUZAFFARPUR,2008,138,11,18,28,0,28,136
BIHAR,MUZAFFARPUR RLY.,2008,16,0,0,2,0,2,4
BIHAR,NALANDA,2008,120,53,17,23,0,23,100
BIHAR,NAUGACHIA,2008,33,15,2,8,0,8,29
BIHAR,NAWADAH,2008,76,8,0,28,0,28,48
BIHAR,PATNA,2008,341,189,28,57,0,57,341
BIHAR,PATNA RLY.,2008,24,13,3,0,0,0,11
BIHAR,PURNEA,2008,81,20,39,185,0,185,139
BIHAR,ROHTAS,2008,112,19,0,21,0,21,63
BIHAR,SAHARSA,2008,30,139,4,22,0,22,41
BIHAR,SAMASTIPUR,2008,81,292,31,32,0,32,74
BIHAR,SARAN,2008,119,137,14,34,0,34,98
BIHAR,SHEIKHPURA,2008,22,27,5,9,0,9,25
BIHAR,SHEOHAR,2008,9,17,0,7,0,7,19
BIHAR,SITAMARHI,2008,72,37,6,12,0,12,70
BIHAR,SIWAN,2008,74,65,10,24,0,24,67
BIHAR,SUPAUL,2008,49,88,2,53,0,53,54
BIHAR,VAISHALI,2008,106,29,16,36,0,36,218
BIHAR,TOTAL,2008,3139,2954,386,1302,0,1302,3047
CHHATTISGARH,BALRAMPUR,2008,49,12,1,41,0,41,7
CHHATTISGARH,BILASPUR,2008,112,48,0,71,0,71,33
CHHATTISGARH,BIZAPUR,2008,95,82,1,5,0,5,8
CHHATTISGARH,DANTEWARA,2008,69,84,0,10,0,10,8
CHHATTISGARH,DHAMTARI,2008,23,16,0,26,0,26,4
CHHATTISGARH,DURG,2008,83,39,4,109,0,109,18
CHHATTISGARH,GRP RAIPUR,2008,5,1,0,2,0,2,0
CHHATTISGARH,JAGDALPUR,2008,73,46,1,68,0,68,13
CHHATTISGARH,JANJGIR,2008,36,31,1,47,0,47,8
CHHATTISGARH,JASHPUR,2008,65,16,0,71,0,71,46
CHHATTISGARH,KABIRDHAM,2008,11,18,0,29,0,29,5
CHHATTISGARH,KANKER,2008,54,53,1,15,0,15,10
CHHATTISGARH,KORBA,2008,38,12,0,31,0,31,12
CHHATTISGARH,KORIYA,2008,48,22,0,54,0,54,5
CHHATTISGARH,MAHASAMUND,2008,19,13,1,24,0,24,8
CHHATTISGARH,NARAYANPUR,2008,18,49,0,1,0,1,1
CHHATTISGARH,RAIGARH,2008,89,24,0,30,0,30,10
CHHATTISGARH,RAIPUR,2008,112,91,1,128,0,128,46
CHHATTISGARH,RAJNANDGAON,2008,47,33,4,60,0,60,12
CHHATTISGARH,SARGUJA,2008,65,27,1,78,0,78,9
CHHATTISGARH,SURAJPUR,2008,58,19,2,78,0,78,10
CHHATTISGARH,TOTAL,2008,1169,736,18,978,0,978,273
GOA,NORTH GOA,2008,26,14,8,15,0,15,19
GOA,SOUTH GOA,2008,23,11,3,15,0,15,17
GOA,TOTAL,2008,49,25,11,30,0,30,36
GUJARAT,AHMEDABAD COMMR.,2008,85,60,0,44,0,44,172
GUJARAT,AHMEDABAD RURAL,2008,36,20,0,3,0,3,36
GUJARAT,AHWA-DANG,2008,7,2,0,3,0,3,2
GUJARAT,AMRELI,2008,22,6,1,8,0,8,60
GUJARAT,ANAND,2008,40,10,2,11,0,11,51
GUJARAT,BHARUCH,2008,36,15,1,13,0,13,34
GUJARAT,BHAVNAGAR,2008,35,33,3,9,0,9,90
GUJARAT,DAHOD,2008,44,21,3,13,0,13,43
GUJARAT,GANDHINAGAR,2008,32,12,0,8,0,8,44
GUJARAT,HIMATNAGAR,2008,38,13,1,16,0,16,37
GUJARAT,JAMNAGAR,2008,34,12,3,17,0,17,30
GUJARAT,JUNAGADH,2008,33,20,0,5,0,5,48
GUJARAT,KHEDA NORTH,2008,36,11,0,8,0,8,41
GUJARAT,KUTCH,2008,40,8,1,16,0,16,44
GUJARAT,MEHSANA,2008,29,18,1,9,0,9,54
GUJARAT,NARMADA,2008,11,3,5,7,0,7,7
GUJARAT,NAVSARI,2008,25,3,1,2,0,2,9
GUJARAT,PALANPUR,2008,42,16,1,37,0,37,43
GUJARAT,PANCHMAHAL,2008,40,13,1,8,0,8,55
GUJARAT,PATAN,2008,14,15,0,19,0,19,29
GUJARAT,PORBANDAR,2008,7,6,0,3,0,3,12
GUJARAT,RAJKOT COMMR.,2008,37,33,1,12,0,12,54
GUJARAT,RAJKOT RURAL,2008,45,16,2,24,0,24,47
GUJARAT,SURAT COMMR.,2008,97,42,3,28,0,28,131
GUJARAT,SURAT RURAL,2008,43,4,1,3,0,3,11
GUJARAT,SURENDRANAGAR,2008,35,15,0,21,0,21,44
GUJARAT,TAPI,2008,21,5,0,3,0,3,3
GUJARAT,VADODARA COMMR.,2008,20,32,3,7,0,7,34
GUJARAT,VADODARA RURAL,2008,79,17,1,11,0,11,39
GUJARAT,VALSAD,2008,33,5,0,4,0,4,15
GUJARAT,W.RLY,2008,10,1,0,2,0,2,4
GUJARAT,TOTAL,2008,1106,487,35,374,0,374,1323
HARYANA,AMBALA,2008,31,31,0,35,0,35,55
HARYANA,BHIWANI,2008,56,27,11,33,0,33,47
HARYANA,FARIDABAD,2008,59,24,5,46,0,46,109
HARYANA,FATEHABAD,2008,20,13,4,12,0,12,25
HARYANA,GRP,2008,27,3,2,1,0,1,7
HARYANA,GURGAON,2008,80,59,5,35,0,35,89
HARYANA,HISSAR,2008,52,46,5,23,0,23,43
HARYANA,JHAJJAR,2008,62,30,4,22,0,22,26
HARYANA,JIND,2008,39,24,14,38,0,38,29
HARYANA,KAITHAL,2008,22,24,2,14,0,14,16
HARYANA,KARNAL,2008,39,46,7,50,0,50,35
HARYANA,KURUKSHETRA,2008,20,19,2,41,0,41,30
HARYANA,MAHENDRAGARH,2008,31,6,2,21,0,21,26
HARYANA,MEWAT,2008,19,21,0,29,0,29,21
HARYANA,PALWAL,2008,34,37,3,29,0,29,32
HARYANA,PANCHKULA,2008,17,7,1,15,0,15,26
HARYANA,PANIPAT,2008,46,16,12,30,0,30,52
HARYANA,REWARI,2008,27,24,4,23,0,23,27
HARYANA,ROHTAK,2008,67,53,3,39,0,39,32
HARYANA,SIRSA,2008,48,35,0,31,0,31,25
HARYANA,SONIPAT,2008,84,48,4,36,0,36,59
HARYANA,YAMUNANAGAR,2008,41,23,2,28,0,28,43
HARYANA,TOTAL,2008,921,616,92,631,0,631,854
HIMACHAL PRADESH,BILASPUR,2008,5,2,1,10,0,10,7
HIMACHAL PRADESH,CHAMBA,2008,10,3,1,10,0,10,16
HIMACHAL PRADESH,G.R.P.,2008,0,0,0,0,0,0,0
HIMACHAL PRADESH,HAMIRPUR,2008,6,0,0,8,0,8,12
HIMACHAL PRADESH,KANGRA,2008,19,20,1,19,0,19,20
HIMACHAL PRADESH,KINNAUR,2008,1,0,0,4,0,4,2
HIMACHAL PRADESH,KULLU,2008,15,3,0,16,0,16,19
HIMACHAL PRADESH,LAHAUL-SPITI,2008,1,0,0,1,0,1,0
HIMACHAL PRADESH,MANDI,2008,19,7,0,32,0,32,14
HIMACHAL PRADESH,SHIMLA,2008,15,10,0,22,0,22,20
HIMACHAL PRADESH,SIRMAUR,2008,7,2,0,10,0,10,14
HIMACHAL PRADESH,SOLAN,2008,16,3,2,14,0,14,15
HIMACHAL PRADESH,UNA,2008,15,9,0,11,0,11,12
HIMACHAL PRADESH,TOTAL,2008,129,59,5,157,0,157,151
JAMMU & KASHMIR,ANANTNAG,2008,10,6,0,13,0,13,74
JAMMU & KASHMIR,AWANTIPORA,2008,2,3,0,4,0,4,13
JAMMU & KASHMIR,BANDIPORA,2008,3,3,0,1,0,1,45
JAMMU & KASHMIR,BARAMULLA,2008,18,35,5,13,0,13,63
JAMMU & KASHMIR,BUDGAM,2008,3,27,4,8,0,8,66
JAMMU & KASHMIR,CRIME JAMMU,2008,2,0,0,0,0,0,0
JAMMU & KASHMIR,CRIME SRINAGAR,2008,2,0,0,0,0,0,0
JAMMU & KASHMIR,DODA,2008,20,41,0,20,0,20,24
JAMMU & KASHMIR,GANDERBAL,2008,5,2,0,2,0,2,23
JAMMU & KASHMIR,HANDWARA,2008,6,22,0,6,0,6,17
JAMMU & KASHMIR,JAMMU,2008,31,87,7,26,0,26,51
JAMMU & KASHMIR,KARGIL,2008,0,0,2,1,0,1,1
JAMMU & KASHMIR,KATHUA,2008,14,18,1,15,0,15,19
JAMMU & KASHMIR,KISHTWAR,2008,10,22,0,4,0,4,12
JAMMU & KASHMIR,KULGAM,2008,6,9,0,5,0,5,45
JAMMU & KASHMIR,KUPWARA,2008,12,41,2,5,0,5,22
JAMMU & KASHMIR,LEH,2008,2,1,0,6,0,6,3
JAMMU & KASHMIR,POONCH,2008,13,27,1,16,0,16,25
JAMMU & KASHMIR,PULWAMA,2008,7,14,2,2,0,2,30
JAMMU & KASHMIR,RAILWAYS,2008,0,1,0,0,0,0,1
JAMMU & KASHMIR,RAJOURI,2008,8,26,5,21,0,21,28
JAMMU & KASHMIR,RAMBAN,2008,11,12,0,9,0,9,14
JAMMU & KASHMIR,REASI,2008,16,34,1,5,0,5,10
JAMMU & KASHMIR,SAMBA,2008,6,26,0,2,0,2,9
JAMMU & KASHMIR,SHOPIAN,2008,7,23,0,6,0,6,16
JAMMU & KASHMIR,SRINAGAR,2008,13,80,1,16,0,16,79
JAMMU & KASHMIR,UDHAMPUR,2008,10,10,0,13,0,13,14
JAMMU & KASHMIR,TOTAL,2008,237,570,31,219,0,219,704
JHARKHAND,BOKARO,2008,76,8,0,40,0,40,41
JHARKHAND,CHAIBASA,2008,127,46,35,42,0,42,7
JHARKHAND,CHATRA,2008,42,46,0,11,0,11,17
JHARKHAND,DEOGHAR,2008,46,4,1,33,0,33,11
JHARKHAND,DHANBAD,2008,72,41,12,47,0,47,88
JHARKHAND,DHANBAD RLY.,2008,13,0,0,0,0,0,1
JHARKHAND,DUMKA,2008,77,17,0,60,0,60,26
JHARKHAND,GARHWA,2008,48,78,2,21,0,21,27
JHARKHAND,GIRIDIH,2008,63,30,0,48,0,48,52
JHARKHAND,GODDA,2008,61,44,0,26,0,26,41
JHARKHAND,GUMLA,2008,158,79,4,38,0,38,37
JHARKHAND,HAZARIBAGH,2008,80,52,2,57,0,57,65
JHARKHAND,JAMSHEDPUR,2008,102,88,10,41,0,41,36
JHARKHAND,JAMSHEDPUR RLY.,2008,6,2,0,0,0,0,0
JHARKHAND,JAMTARA,2008,25,1,3,20,0,20,9
JHARKHAND,KHUNTI,2008,63,11,5,8,0,8,13
JHARKHAND,KODERMA,2008,23,31,0,16,0,16,16
JHARKHAND,LATEHAR,2008,31,16,2,11,0,11,14
JHARKHAND,LOHARDAGGA,2008,22,3,2,16,0,16,18
JHARKHAND,PAKUR,2008,31,90,6,53,0,53,18
JHARKHAND,PALAMU,2008,102,174,6,30,0,30,57
JHARKHAND,RAMGARH,2008,44,14,1,11,0,11,20
JHARKHAND,RANCHI,2008,209,72,10,62,0,62,117
JHARKHAND,SAHEBGANJ,2008,42,47,4,61,0,61,35
JHARKHAND,SARAIKELA,2008,59,56,3,13,0,13,14
JHARKHAND,SIMDEGA,2008,75,11,4,26,0,26,12
JHARKHAND,TOTAL,2008,1697,1061,112,791,0,791,792
KARNATAKA,BAGALKOT,2008,43,26,0,2,0,2,22
KARNATAKA,BANGALORE COMMR.,2008,253,297,8,54,0,54,159
KARNATAKA,BANGALORE RURAL,2008,102,54,0,14,0,14,22
KARNATAKA,BELGAUM,2008,124,94,1,30,0,30,59
KARNATAKA,BELLARY,2008,46,47,1,11,0,11,19
KARNATAKA,BIDAR,2008,28,36,1,7,0,7,23
KARNATAKA,BIJAPUR,2008,83,73,0,19,0,19,23
KARNATAKA,CBPURA,2008,39,44,1,7,0,7,17
KARNATAKA,CHAMARAJNAGAR,2008,36,20,1,4,0,4,7
KARNATAKA,CHICKMAGALUR,2008,39,31,3,17,0,17,23
KARNATAKA,CHITRADURGA,2008,42,15,1,18,0,18,20
KARNATAKA,DAKSHIN KANNADA,2008,29,45,2,10,0,10,10
KARNATAKA,DAVANAGERE,2008,26,18,1,10,0,10,35
KARNATAKA,DHARWAD COMMR.,2008,21,26,0,3,0,3,15
KARNATAKA,DHARWAD RURAL,2008,22,25,0,1,0,1,6
KARNATAKA,GADAG,2008,23,22,1,10,0,10,10
KARNATAKA,GULBARGA,2008,104,104,3,25,0,25,47
KARNATAKA,HASSAN,2008,72,59,1,17,0,17,28
KARNATAKA,HAVERI,2008,31,23,2,5,0,5,12
KARNATAKA,K.G.F.,2008,13,10,1,5,0,5,5
KARNATAKA,KODAGU,2008,22,33,2,20,0,20,6
KARNATAKA,KOLAR,2008,37,22,23,14,0,14,15
KARNATAKA,KOPPAL,2008,22,4,6,6,0,6,12
KARNATAKA,MANDYA,2008,50,41,1,18,0,18,14
KARNATAKA,MYSORE COMMR.,2008,26,30,2,23,0,23,30
KARNATAKA,MYSORE RURAL,2008,54,51,1,13,0,13,14
KARNATAKA,RAICHUR,2008,53,34,2,19,0,19,21
KARNATAKA,RAILWAYS,2008,13,6,0,0,0,0,2
KARNATAKA,RAMANAGAR,2008,92,60,7,17,0,17,19
KARNATAKA,SHIMOGA,2008,45,45,3,14,0,14,27
KARNATAKA,TUMKUR,2008,69,55,1,12,0,12,18
KARNATAKA,UDUPI,2008,21,10,2,11,0,11,7
KARNATAKA,UTTAR KANNADA,2008,18,15,3,10,0,10,11
KARNATAKA,TOTAL,2008,1698,1475,81,446,0,446,758
KERALA,ALAPUZHA,2008,8,37,8,16,0,16,20
KERALA,ERNAKULAM COMMR.,2008,9,11,3,12,0,12,12
KERALA,ERNAKULAM RURAL,2008,36,31,19,35,0,35,13
KERALA,IDUKKI,2008,15,28,1,28,0,28,15
KERALA,KANNUR,2008,26,38,5,33,0,33,13
KERALA,KASARGOD,2008,19,23,2,28,0,28,15
KERALA,KOLLAM,2008,26,21,8,61,0,61,23
KERALA,KOTTAYAM,2008,26,16,5,31,0,31,16
KERALA,KOZHIKODE COMMR.,2008,6,16,1,15,0,15,12
KERALA,KOZHIKODE RURAL,2008,15,17,2,39,0,39,7
KERALA,MALAPPURAM,2008,29,27,9,51,0,51,13
KERALA,PALAKKAD,2008,34,19,0,42,0,42,15
KERALA,PATHANAMTHITTA,2008,17,18,4,32,0,32,10
KERALA,RAILWAYS,2008,1,0,0,1,0,1,0
KERALA,THRISSUR,2008,38,64,12,46,0,46,17
KERALA,TRIVANDRUM COMMR.,2008,10,22,2,20,0,20,18
KERALA,TRIVANDRUM RURAL,2008,35,38,9,43,0,43,25
KERALA,WAYANADU,2008,12,8,5,35,0,35,9
KERALA,TOTAL,2008,362,434,95,568,0,568,253
MADHYA PRADESH,ALIRAJPUR,2008,59,40,2,41,0,41,14
MADHYA PRADESH,ANUPPUR,2008,32,11,2,42,0,42,4
MADHYA PRADESH,ASHOK NAGAR,2008,18,20,9,47,0,47,3
MADHYA PRADESH,BALAGHAT,2008,56,21,4,61,0,61,8
MADHYA PRADESH,BARWANI,2008,32,21,1,39,0,39,6
MADHYA PRADESH,BETUL,2008,57,33,2,121,0,121,26
MADHYA PRADESH,BHIND,2008,54,74,6,27,0,27,13
MADHYA PRADESH,BHOPAL,2008,60,86,15,113,0,113,42
MADHYA PRADESH,BHOPAL RLY.,2008,2,4,1,2,0,2,3
MADHYA PRADESH,BURHANPUR,2008,19,15,0,14,0,14,2
MADHYA PRADESH,CHHATARPUR,2008,52,62,4,57,0,57,26
MADHYA PRADESH,CHHINDWARA,2008,76,23,5,120,0,120,13
MADHYA PRADESH,DAMOH,2008,58,47,0,46,0,46,13
MADHYA PRADESH,DATIYA,2008,44,51,0,25,0,25,17
MADHYA PRADESH,DEWAS,2008,45,73,1,73,0,73,18
MADHYA PRADESH,DHAR,2008,80,94,6,100,0,100,29
MADHYA PRADESH,DINDORI,2008,19,3,5,20,0,20,1
MADHYA PRADESH,GUNA,2008,53,29,13,72,0,72,14
MADHYA PRADESH,GWALIOR,2008,98,120,23,42,0,42,62
MADHYA PRADESH,HARDA,2008,20,24,0,18,0,18,9
MADHYA PRADESH,HOSHANGABAD,2008,52,41,0,64,0,64,19
MADHYA PRADESH,INDORE,2008,125,197,2,122,0,122,61
MADHYA PRADESH,INDORE RLY.,2008,3,2,0,3,0,3,0
MADHYA PRADESH,JABALPUR,2008,69,111,6,127,0,127,52
MADHYA PRADESH,JABALPUR RLY.,2008,4,2,3,1,0,1,1
MADHYA PRADESH,JHABUA,2008,19,20,4,31,0,31,18
MADHYA PRADESH,KATNI,2008,33,26,4,48,0,48,7
MADHYA PRADESH,KHANDWA,2008,36,35,0,52,0,52,12
MADHYA PRADESH,KHARGON,2008,49,45,2,65,0,65,8
MADHYA PRADESH,MANDLA,2008,34,16,0,47,0,47,3
MADHYA PRADESH,MANDSAUR,2008,45,32,0,40,0,40,19
MADHYA PRADESH,MORENA,2008,59,75,2,26,0,26,35
MADHYA PRADESH,NARSINGHPUR,2008,48,41,5,61,0,61,5
MADHYA PRADESH,NEEMUCH,2008,24,14,2,19,0,19,12
MADHYA PRADESH,PANNA,2008,34,17,0,28,0,28,7
MADHYA PRADESH,RAISEN,2008,42,42,0,67,0,67,24
MADHYA PRADESH,RAJGARH,2008,38,63,1,83,0,83,28
MADHYA PRADESH,RATLAM,2008,43,44,0,63,0,63,16
MADHYA PRADESH,REWA,2008,52,42,0,82,0,82,27
MADHYA PRADESH,SAGAR,2008,83,90,0,119,0,119,31
MADHYA PRADESH,SATNA,2008,62,50,2,102,0,102,20
MADHYA PRADESH,SEONI,2008,41,23,1,61,0,61,16
MADHYA PRADESH,SHAHDOL,2008,31,12,4,47,0,47,13
MADHYA PRADESH,SHAJAPUR,2008,27,44,4,57,0,57,16
MADHYA PRADESH,SHEOPUR,2008,9,19,0,13,0,13,10
MADHYA PRADESH,SHIVPURI,2008,74,47,2,64,0,64,31
MADHYA PRADESH,SIDHI,2008,30,12,0,37,0,37,17
MADHYA PRADESH,SIHORE,2008,28,47,1,57,0,57,20
MADHYA PRADESH,SINGRAULI,2008,26,17,2,40,0,40,13
MADHYA PRADESH,TIKAMGARH,2008,46,28,3,35,0,35,13
MADHYA PRADESH,UJJAIN,2008,60,122,3,78,0,78,32
MADHYA PRADESH,UMARIYA,2008,22,10,50,25,0,25,6
MADHYA PRADESH,VIDISHA,2008,40,45,2,93,0,93,14
MADHYA PRADESH,TOTAL,2008,2322,2282,204,2937,0,2937,929
MAHARASHTRA,AHMEDNAGAR,2008,134,107,1,49,0,49,51
MAHARASHTRA,AKOLA,2008,54,72,2,26,0,26,35
MAHARASHTRA,AMRAVATI COMMR.,2008,18,30,1,22,0,22,10
MAHARASHTRA,AMRAVATI RURAL,2008,75,27,3,47,0,47,18
MAHARASHTRA,AURANGABAD COMMR.,2008,39,38,0,21,0,21,38
MAHARASHTRA,AURANGABAD RURAL,2008,56,36,2,21,0,21,11
MAHARASHTRA,BEED,2008,61,34,4,26,0,26,39
MAHARASHTRA,BHANDARA,2008,28,14,3,26,0,26,14
MAHARASHTRA,BULDHANA,2008,54,47,1,36,0,36,28
MAHARASHTRA,CHANDRAPUR,2008,51,47,6,37,0,37,34
MAHARASHTRA,DHULE,2008,54,38,1,10,0,10,8
MAHARASHTRA,GADCHIROLI,2008,56,33,1,22,0,22,13
MAHARASHTRA,GONDIA,2008,35,14,0,38,0,38,14
MAHARASHTRA,HINGOLI,2008,43,29,3,17,0,17,10
MAHARASHTRA,JALGAON,2008,83,57,0,42,0,42,29
MAHARASHTRA,JALNA,2008,58,33,0,16,0,16,13
MAHARASHTRA,KOLHAPUR,2008,59,26,2,34,0,34,30
MAHARASHTRA,LATUR,2008,74,28,0,22,0,22,29
MAHARASHTRA,MUMBAI COMMR.,2008,210,132,0,218,0,218,189
MAHARASHTRA,MUMBAI RLY.,2008,8,1,0,4,0,4,8
MAHARASHTRA,NAGPUR COMMR.,2008,100,57,4,53,0,53,43
MAHARASHTRA,NAGPUR RLY.,2008,5,7,0,1,0,1,3
MAHARASHTRA,NAGPUR RURAL,2008,77,45,5,37,0,37,24
MAHARASHTRA,NANDED,2008,88,57,5,23,0,23,29
MAHARASHTRA,NANDURBAR,2008,30,14,1,11,0,11,10
MAHARASHTRA,NASIK COMMR.,2008,43,31,0,14,0,14,34
MAHARASHTRA,NASIK RURAL,2008,90,55,1,36,0,36,33
MAHARASHTRA,NAVI MUMBAI,2008,61,39,0,12,0,12,26
MAHARASHTRA,OSMANABAD,2008,53,25,1,22,0,22,22
MAHARASHTRA,PARBHANI,2008,49,37,4,12,0,12,17
MAHARASHTRA,PUNE COMMR.,2008,137,141,5,92,0,92,110
MAHARASHTRA,PUNE RLY.,2008,2,2,0,1,0,1,1
MAHARASHTRA,PUNE RURAL,2008,146,77,26,66,0,66,46
MAHARASHTRA,RAIGAD,2008,43,31,3,17,0,17,6
MAHARASHTRA,RATNAGIRI,2008,18,15,1,26,0,26,15
MAHARASHTRA,SANGLI,2008,46,27,6,42,0,42,21
MAHARASHTRA,SATARA,2008,60,27,6,30,0,30,21
MAHARASHTRA,SINDHUDURG,2008,6,7,1,8,0,8,2
MAHARASHTRA,SOLAPUR COMMR.,2008,17,15,1,24,0,24,12
MAHARASHTRA,SOLAPUR RURAL,2008,88,59,0,63,0,63,48
MAHARASHTRA,THANE COMMR.,2008,99,76,2,74,0,74,103
MAHARASHTRA,THANE RURAL,2008,147,39,1,71,0,71,50
MAHARASHTRA,WARDHA,2008,36,27,3,26,0,26,26
MAHARASHTRA,WASHIM,2008,30,29,0,20,0,20,22
MAHARASHTRA,YAVATMAL,2008,74,55,5,43,0,43,34
MAHARASHTRA,TOTAL,2008,2795,1837,111,1558,0,1558,1379
MANIPUR,BISHNUPUR,2008,16,43,0,3,0,3,14
MANIPUR,CHANDEL,2008,13,10,0,0,0,0,2
MANIPUR,CHURACHANDPUR,2008,18,5,1,2,0,2,5
MANIPUR,CID,2008,0,0,0,0,0,0,0
MANIPUR,IMPHAL EAST,2008,30,103,1,9,0,9,43
MANIPUR,IMPHAL WEST,2008,42,192,2,12,0,12,60
MANIPUR,SENAPATI,2008,14,6,0,2,0,2,6
MANIPUR,TAMENGLONG,2008,3,3,0,0,0,0,2
MANIPUR,THOUBAL,2008,46,126,0,9,0,9,44
MANIPUR,UKHRUL,2008,5,10,0,1,0,1,0
MANIPUR,TOTAL,2008,187,498,4,38,0,38,176
MEGHALAYA,GARO HILLS EAST,2008,10,5,3,1,0,1,10
MEGHALAYA,GARO HILLS SOUTH,2008,4,1,0,2,0,2,2
MEGHALAYA,GARO HILLS WEST,2008,16,20,1,10,0,10,9
MEGHALAYA,JAINTIA HILLS,2008,38,5,0,18,0,18,7
MEGHALAYA,KHASI HILLS EAST,2008,30,16,2,34,0,34,19
MEGHALAYA,KHASI HILLS WEST,2008,13,7,0,16,0,16,5
MEGHALAYA,RI-BHOI,2008,15,1,0,7,0,7,4
MEGHALAYA,TOTAL,2008,126,55,6,88,0,88,56
MIZORAM,AIZAWL,2008,12,7,4,39,0,39,1
MIZORAM,CHAMPHAI,2008,4,1,0,7,0,7,1
MIZORAM,KOLASIB,2008,2,1,1,9,0,9,4
MIZORAM,LAWNGTLAI,2008,3,1,0,8,0,8,0
MIZORAM,LUNGLEI,2008,8,0,0,8,0,8,2
MIZORAM,MAMIT,2008,1,0,1,2,0,2,1
MIZORAM,SAIHA,2008,2,0,0,0,0,0,0
MIZORAM,SERCHHIP,2008,3,0,0,4,0,4,0
MIZORAM,TOTAL,2008,35,10,6,77,0,77,9
NAGALAND,DIMAPUR,2008,64,13,1,6,0,6,31
NAGALAND,KIPHIRE,2008,4,0,0,0,0,0,0
NAGALAND,KOHIMA,2008,27,7,1,6,0,6,5
NAGALAND,LONGLENG,2008,0,2,0,0,0,0,0
NAGALAND,MOKOKCHUNG,2008,15,3,8,1,0,1,3
NAGALAND,MON,2008,12,5,2,1,0,1,0
NAGALAND,PEREN,2008,4,2,0,1,0,1,0
NAGALAND,PHEK,2008,9,8,1,2,0,2,1
NAGALAND,TUENSANG,2008,3,0,0,1,0,1,0
NAGALAND,WOKHA,2008,5,5,0,0,0,0,4
NAGALAND,ZUNHEBOTO,2008,0,2,0,1,0,1,0
NAGALAND,TOTAL,2008,143,47,13,19,0,19,44
ODISHA,ANGUL,2008,53,64,0,47,0,47,49
ODISHA,BALASORE,2008,31,44,1,50,0,50,47
ODISHA,BARAGARH,2008,35,77,0,29,0,29,8
ODISHA,BERHAMPUR,2008,12,51,0,23,0,23,22
ODISHA,BHADRAK,2008,34,20,13,58,0,58,46
ODISHA,BOLANGIR,2008,30,41,0,34,0,34,24
ODISHA,BOUDH,2008,10,8,0,5,0,5,2
ODISHA,CUTTACK,2008,26,38,0,35,0,35,35
ODISHA,DCP BBSR,2008,51,58,2,36,0,36,45
ODISHA,DCP CTC,2008,14,21,51,18,0,18,21
ODISHA,DEOGARH,2008,16,47,0,13,0,13,8
ODISHA,DHENKANAL,2008,50,54,1,26,0,26,24
ODISHA,GAJAPATI,2008,14,15,0,8,0,8,4
ODISHA,GANJAM,2008,68,142,2,48,0,48,45
ODISHA,JAGATSINGHPUR,2008,24,9,0,25,0,25,29
ODISHA,JAJPUR,2008,74,66,0,36,0,36,64
ODISHA,JHARSUGUDA,2008,27,29,7,12,0,12,12
ODISHA,KALAHANDI,2008,24,15,0,38,0,38,29
ODISHA,KANDHAMAL,2008,27,30,0,46,0,46,15
ODISHA,KENDRAPARA,2008,53,8,0,30,0,30,31
ODISHA,KEONJHAR,2008,91,152,0,66,0,66,58
ODISHA,KHURDA,2008,19,11,0,25,0,25,33
ODISHA,KORAPUT,2008,51,52,3,47,0,47,28
ODISHA,MALKANGIR,2008,46,34,1,12,0,12,8
ODISHA,MAYURBHANJ,2008,83,65,0,90,0,90,51
ODISHA,NAYAGARH,2008,33,8,0,34,0,34,25
ODISHA,NOWRANGPUR,2008,26,29,0,26,0,26,21
ODISHA,NUAPADA,2008,11,8,0,14,0,14,17
ODISHA,PURI,2008,25,33,0,37,0,37,31
ODISHA,RAYAGADA,2008,24,10,3,19,0,19,14
ODISHA,ROURKELA,2008,54,39,0,38,0,38,23
ODISHA,SAMBALPUR,2008,49,55,0,33,0,33,13
ODISHA,SONEPUR,2008,7,28,0,15,0,15,3
ODISHA,SRP(CUTTACK),2008,2,3,0,1,0,1,4
ODISHA,SRP(ROURKELA),2008,8,2,0,1,0,1,2
ODISHA,SUNDARGARH,2008,48,49,0,38,0,38,17
ODISHA,TOTAL,2008,1250,1415,84,1113,0,1113,908
PUNJAB,AMRITSAR,2008,46,71,9,15,0,15,54
PUNJAB,AMRITSAR RURAL,2008,29,39,2,10,0,10,23
PUNJAB,BARNALA,2008,24,33,2,12,0,12,7
PUNJAB,BATALA,2008,13,12,5,20,0,20,19
PUNJAB,BHATINDA,2008,44,63,6,20,0,20,44
PUNJAB,FARIDKOT,2008,17,20,2,15,0,15,13
PUNJAB,FATEHGARH SAHIB,2008,17,11,3,13,0,13,16
PUNJAB,FEROZPUR,2008,56,68,3,30,0,30,30
PUNJAB,G.R.P,2008,11,2,2,1,0,1,0
PUNJAB,GURDASPUR,2008,20,21,37,24,0,24,25
PUNJAB,HOSHIARPUR,2008,33,49,4,35,0,35,22
PUNJAB,JALANDHAR,2008,72,105,7,51,0,51,110
PUNJAB,KAPURTHALA,2008,23,70,5,24,0,24,23
PUNJAB,KHANNA,2008,21,16,4,12,0,12,19
PUNJAB,LUDHIANA,2008,73,69,10,46,0,46,115
PUNJAB,LUDHIANA RURAL,2008,16,20,4,14,0,14,21
PUNJAB,MANSA,2008,31,42,6,13,0,13,11
PUNJAB,MOGA,2008,27,29,9,19,0,19,24
PUNJAB,MUKTSAR,2008,25,42,1,12,0,12,12
PUNJAB,PATIALA,2008,42,49,5,35,0,35,44
PUNJAB,ROPAR,2008,9,14,1,10,0,10,11
PUNJAB,SANGRUR,2008,42,53,6,34,0,34,23
PUNJAB,SAS NGR,2008,26,10,4,20,0,20,28
PUNJAB,SBS NAGAR,2008,20,12,4,14,0,14,7
PUNJAB,TARN TARAN,2008,32,36,5,18,0,18,17
PUNJAB,TOTAL,2008,769,956,146,517,0,517,718
RAJASTHAN,AJMER,2008,47,36,0,45,0,45,102
RAJASTHAN,ALWAR,2008,101,59,8,88,0,88,142
RAJASTHAN,BANSWARA,2008,33,18,2,42,0,42,50
RAJASTHAN,BARAN,2008,37,109,2,52,0,52,45
RAJASTHAN,BARMER,2008,18,23,0,20,0,20,24
RAJASTHAN,BHARATPUR,2008,63,53,0,74,0,74,100
RAJASTHAN,BHILWARA,2008,37,35,0,42,0,42,68
RAJASTHAN,BIKANER,2008,38,70,0,48,0,48,29
RAJASTHAN,BUNDI,2008,17,67,4,33,0,33,70
RAJASTHAN,CHITTORGARH,2008,36,20,0,40,0,40,104
RAJASTHAN,CHURU,2008,16,39,0,37,0,37,43
RAJASTHAN,DAUSA,2008,33,32,2,21,0,21,61
RAJASTHAN,DHOLPUR,2008,51,77,3,21,0,21,64
RAJASTHAN,DUNGARPUR,2008,23,15,0,26,0,26,50
RAJASTHAN,G.R.P.,2008,4,4,0,2,0,2,4
RAJASTHAN,GANGANAGAR,2008,39,71,2,70,0,70,66
RAJASTHAN,HANUMANGARH,2008,55,82,1,33,0,33,35
RAJASTHAN,JAIPUR EAST,2008,15,27,2,20,0,20,64
RAJASTHAN,JAIPUR NORTH,2008,14,37,1,25,0,25,69
RAJASTHAN,JAIPUR RURAL,2008,66,32,1,35,0,35,110
RAJASTHAN,JAIPUR SOUTH,2008,17,25,0,15,0,15,52
RAJASTHAN,JAISALMER,2008,6,1,0,4,0,4,11
RAJASTHAN,JALORE,2008,24,19,1,13,0,13,27
RAJASTHAN,JHALAWAR,2008,58,99,0,44,0,44,66
RAJASTHAN,JHUNJHUNU,2008,34,20,0,40,0,40,44
RAJASTHAN,JODHPUR CITY,2008,13,56,3,19,0,19,43
RAJASTHAN,JODHPUR RURAL,2008,14,34,0,32,0,32,31
RAJASTHAN,KARAULI,2008,39,34,0,33,0,33,64
RAJASTHAN,KOTA CITY,2008,36,132,6,24,0,24,66
RAJASTHAN,KOTA RURAL,2008,33,41,4,34,0,34,30
RAJASTHAN,NAGAUR,2008,36,42,1,33,0,33,64
RAJASTHAN,PALI,2008,33,24,1,43,0,43,96
RAJASTHAN,PRATAPGARH,2008,20,24,1,49,0,49,54
RAJASTHAN,RAJSAMAND,2008,17,7,0,12,0,12,48
RAJASTHAN,SAWAI MADHOPUR,2008,25,31,0,16,0,16,50
RAJASTHAN,SIKAR,2008,43,28,2,40,0,40,48
RAJASTHAN,SIROHI,2008,26,21,3,17,0,17,40
RAJASTHAN,TONK,2008,15,28,1,22,0,22,50
RAJASTHAN,UDAIPUR,2008,65,77,3,91,0,91,174
RAJASTHAN,TOTAL,2008,1297,1649,54,1355,0,1355,2358
SIKKIM,EAST,2008,5,5,1,5,0,5,2
SIKKIM,NORTH,2008,1,2,0,1,0,1,0
SIKKIM,SOUTH,2008,1,0,2,9,0,9,1
SIKKIM,WEST,2008,2,0,0,5,0,5,1
SIKKIM,TOTAL,2008,9,7,3,20,0,20,4
TAMIL NADU,CHENNAI,2008,100,130,0,35,0,35,43
TAMIL NADU,CHENNAI RLY.,2008,0,5,0,0,0,0,1
TAMIL NADU,CHENNAISUBURBAN,2008,74,76,0,21,0,21,29
TAMIL NADU,COIMBATORE RURAL,2008,88,77,0,14,0,14,63
TAMIL NADU,COIMBATORE URBAN,2008,20,28,0,9,0,9,17
TAMIL NADU,CUDDALORE,2008,63,71,0,16,0,16,56
TAMIL NADU,DHARMAPURI,2008,49,57,8,12,0,12,49
TAMIL NADU,DINDIGUL,2008,56,71,0,13,0,13,53
TAMIL NADU,ERODE,2008,60,43,0,21,0,21,57
TAMIL NADU,KANCHIPURAM,2008,75,76,0,24,0,24,18
TAMIL NADU,KANYAKUMARI,2008,29,58,1,8,0,8,42
TAMIL NADU,KARUR,2008,21,16,0,4,0,4,13
TAMIL NADU,KRISHNAGIRI,2008,54,65,0,20,0,20,44
TAMIL NADU,MADURAI RURAL,2008,55,79,0,18,0,18,32
TAMIL NADU,MADURAI URBAN,2008,39,38,0,4,0,4,24
TAMIL NADU,NAGAPATTINAM,2008,47,64,1,10,0,10,28
TAMIL NADU,NAMAKKAL,2008,46,34,0,19,0,19,49
TAMIL NADU,NILGIRIS,2008,6,10,0,4,0,4,4
TAMIL NADU,PERAMBALUR,2008,29,50,0,26,0,26,31
TAMIL NADU,PUDUKOTTAI,2008,37,42,2,4,0,4,34
TAMIL NADU,RAMNATHAPURAM,2008,45,95,0,6,0,6,28
TAMIL NADU,SALEM RURAL,2008,69,103,2,35,0,35,112
TAMIL NADU,SALEM URBAN,2008,29,40,0,22,0,22,32
TAMIL NADU,SIVAGANGAI,2008,34,47,2,1,0,1,43
TAMIL NADU,THANJAVUR,2008,66,93,0,7,0,7,29
TAMIL NADU,THENI,2008,28,55,1,7,0,7,35
TAMIL NADU,THIRUNELVELI RURAL,2008,89,248,1,42,0,42,68
TAMIL NADU,THIRUNELVELI URBAN,2008,20,45,0,8,0,8,16
TAMIL NADU,THIRUVALLUR,2008,35,41,2,17,0,17,22
TAMIL NADU,THIRUVANNAMALAI,2008,32,65,0,20,0,20,34
TAMIL NADU,THIRUVARUR,2008,26,36,0,6,0,6,14
TAMIL NADU,THOOTHUGUDI,2008,72,127,0,11,0,11,48
TAMIL NADU,TRICHY RLY.,2008,1,1,0,0,0,0,0
TAMIL NADU,TRICHY RURAL,2008,55,27,0,11,0,11,28
TAMIL NADU,TRICHY URBAN,2008,13,30,2,2,0,2,10
TAMIL NADU,VELLORE,2008,74,33,4,21,0,21,53
TAMIL NADU,VILLUPURAM,2008,82,78,2,58,0,58,64
TAMIL NADU,VIRUDHUNAGAR,2008,41,73,0,17,0,17,52
TAMIL NADU,TOTAL,2008,1759,2327,28,573,0,573,1375
TRIPURA,DHALAI,2008,20,3,0,32,0,32,18
TRIPURA,NORTH,2008,28,16,0,46,0,46,27
TRIPURA,SOUTH,2008,35,20,1,45,0,45,34
TRIPURA,WEST,2008,72,14,1,81,0,81,67
TRIPURA,TOTAL,2008,155,53,2,204,0,204,146
UTTAR PRADESH,AGRA,2008,109,133,40,42,0,42,229
UTTAR PRADESH,ALIGARH,2008,139,143,30,62,0,62,162
UTTAR PRADESH,ALLAHABAD,2008,143,89,33,49,0,49,144
UTTAR PRADESH,AMBEDKAR NAGAR,2008,33,19,12,18,0,18,51
UTTAR PRADESH,AURAIYA,2008,26,20,11,11,0,11,29
UTTAR PRADESH,AZAMGARH,2008,74,37,21,24,0,24,60
UTTAR PRADESH,BADAUN,2008,68,109,40,11,0,11,53
UTTAR PRADESH,BAGHPAT,2008,66,70,9,19,0,19,51
UTTAR PRADESH,BAHRAICH,2008,46,39,18,24,0,24,64
UTTAR PRADESH,BALLIA,2008,32,39,19,12,0,12,33
UTTAR PRADESH,BALRAMPUR,2008,15,11,6,12,0,12,21
UTTAR PRADESH,BANDA,2008,37,21,24,35,0,35,40
UTTAR PRADESH,BARABANKI,2008,54,70,15,23,0,23,83
UTTAR PRADESH,BAREILLY,2008,130,162,45,46,0,46,155
UTTAR PRADESH,BASTI,2008,26,22,13,7,0,7,18
UTTAR PRADESH,BIJNOR,2008,93,68,19,30,0,30,92
UTTAR PRADESH,BULANDSHAHAR,2008,104,98,19,28,0,28,77
UTTAR PRADESH,CHANDOLI,2008,24,27,5,4,0,4,11
UTTAR PRADESH,CHITRAKOOT DHAM,2008,28,14,9,22,0,22,20
UTTAR PRADESH,DEORIA,2008,33,16,16,15,0,15,20
UTTAR PRADESH,ETAH,2008,64,82,20,20,0,20,80
UTTAR PRADESH,ETAWAH,2008,70,72,12,19,0,19,89
UTTAR PRADESH,FAIZABAD,2008,43,14,12,23,0,23,58
UTTAR PRADESH,FATEHGARH,2008,65,60,19,23,0,23,61
UTTAR PRADESH,FATEHPUR,2008,74,35,39,16,0,16,53
UTTAR PRADESH,FIROZABAD,2008,121,139,20,27,0,27,114
UTTAR PRADESH,G.R.P.,2008,14,16,8,2,0,2,11
UTTAR PRADESH,GAUTAMBUDH NAGAR,2008,65,63,16,22,0,22,70
UTTAR PRADESH,GHAZIABAD,2008,143,138,44,30,0,30,199
UTTAR PRADESH,GHAZIPUR,2008,41,36,28,6,0,6,25
UTTAR PRADESH,GONDA,2008,49,53,20,27,0,27,54
UTTAR PRADESH,GORAKHPUR,2008,76,38,39,46,0,46,150
UTTAR PRADESH,HAMIRPUR,2008,23,8,21,9,0,9,21
UTTAR PRADESH,HARDOI,2008,71,53,18,42,0,42,64
UTTAR PRADESH,HATHRAS,2008,58,40,24,17,0,17,62
UTTAR PRADESH,J.P.NAGAR,2008,42,30,10,20,0,20,38
UTTAR PRADESH,JALAUN,2008,43,12,14,6,0,6,34
UTTAR PRADESH,JAUNPUR,2008,40,51,28,19,0,19,47
UTTAR PRADESH,JHANSI,2008,33,21,23,7,0,7,25
UTTAR PRADESH,KANNAUJ,2008,37,37,21,11,0,11,42
UTTAR PRADESH,KANPUR DEHAT,2008,50,35,15,26,0,26,67
UTTAR PRADESH,KANPUR NAGAR,2008,168,114,39,72,0,72,296
UTTAR PRADESH,KANSHIRAM NAGAR,2008,60,54,8,19,0,19,40
UTTAR PRADESH,KAUSHAMBI,2008,56,31,12,26,0,26,46
UTTAR PRADESH,KHIRI,2008,79,77,35,58,0,58,95
UTTAR PRADESH,KUSHI NAGAR,2008,22,10,13,6,0,6,15
UTTAR PRADESH,LALITPUR,2008,22,4,10,16,0,16,12
UTTAR PRADESH,LUCKNOW,2008,130,160,32,82,0,82,389
UTTAR PRADESH,MAHARAJGANJ,2008,24,4,9,17,0,17,26
UTTAR PRADESH,MAHOBA,2008,23,11,6,12,0,12,26
UTTAR PRADESH,MAINPURI,2008,100,98,16,9,0,9,88
UTTAR PRADESH,MATHURA,2008,95,123,25,24,0,24,76
UTTAR PRADESH,MAU,2008,27,38,12,19,0,19,50
UTTAR PRADESH,MEERUT,2008,166,160,25,50,0,50,178
UTTAR PRADESH,MIRZAPUR,2008,51,15,16,19,0,19,23
UTTAR PRADESH,MORADABAD,2008,126,118,42,75,0,75,179
UTTAR PRADESH,MUZAFFARNAGAR,2008,168,175,50,40,0,40,135
UTTAR PRADESH,PILIBHIT,2008,47,60,14,41,0,41,108
UTTAR PRADESH,PRATAPGARH,2008,48,64,27,33,0,33,92
UTTAR PRADESH,RAIBAREILLY,2008,63,47,15,38,0,38,60
UTTAR PRADESH,RAMPUR,2008,56,94,17,46,0,46,107
UTTAR PRADESH,SAHARANPUR,2008,56,73,20,8,0,8,31
UTTAR PRADESH,SANT KABIRNAGAR,2008,12,17,6,9,0,9,40
UTTAR PRADESH,SHAHJAHANPUR,2008,114,143,31,68,0,68,121
UTTAR PRADESH,SHRAWASTI,2008,20,13,9,6,0,6,16
UTTAR PRADESH,SIDHARTHNAGAR,2008,19,11,19,12,0,12,32
UTTAR PRADESH,SITAPUR,2008,82,69,39,53,0,53,138
UTTAR PRADESH,SONBHADRA,2008,39,10,17,26,0,26,30
UTTAR PRADESH,ST.RAVIDASNAGAR,2008,19,20,7,2,0,2,11
UTTAR PRADESH,SULTANPUR,2008,54,82,15,25,0,25,54
UTTAR PRADESH,UNNAO,2008,58,61,34,36,0,36,78
UTTAR PRADESH,VARANASI,2008,58,37,18,12,0,12,59
UTTAR PRADESH,TOTAL,2008,4564,4233,1493,1871,0,1871,5428
UTTARAKHAND,ALMORA,2008,12,7,1,2,0,2,7
UTTARAKHAND,BAGESHWAR,2008,6,0,1,2,0,2,3
UTTARAKHAND,CHAMOLI,2008,1,2,1,2,0,2,6
UTTARAKHAND,CHAMPAWAT,2008,2,2,1,2,0,2,4
UTTARAKHAND,DEHRADUN,2008,42,51,5,20,0,20,65
UTTARAKHAND,HARIDWAR,2008,74,62,13,24,0,24,61
UTTARAKHAND,NAINITAL,2008,24,24,5,9,0,9,22
UTTARAKHAND,PAURI GARHWAL,2008,4,5,2,0,0,0,4
UTTARAKHAND,PITHORAGARH,2008,3,6,3,0,0,0,0
UTTARAKHAND,RUDRA PRAYAG,2008,0,0,0,0,0,0,0
UTTARAKHAND,TEHRI GARHWAL,2008,7,4,3,3,0,3,3
UTTARAKHAND,UDHAMSINGH NAGAR,2008,45,50,5,22,0,22,67
UTTARAKHAND,UTTARKASHI,2008,3,4,0,1,0,1,5
UTTARAKHAND,TOTAL,2008,223,217,40,87,0,87,247
WEST BENGAL,24 PARGANAS NORTH,2008,192,168,47,192,0,192,317
WEST BENGAL,24 PARGANAS SOUTH,2008,239,35,43,308,0,308,280
WEST BENGAL,ASANSOL,2008,40,13,10,20,0,20,18
WEST BENGAL,BANKURA,2008,54,37,6,46,0,46,21
WEST BENGAL,BIRBHUM,2008,96,24,31,58,0,58,46
WEST BENGAL,BURDWAN,2008,91,69,26,61,0,61,87
WEST BENGAL,COOCHBEHAR,2008,57,51,4,141,0,141,108
WEST BENGAL,DAKSHIN DINAJPUR,2008,33,109,15,47,0,47,50
WEST BENGAL,DARJEELING,2008,48,1,16,47,0,47,46
WEST BENGAL,HOOGHLY,2008,92,84,32,54,0,54,50
WEST BENGAL,HOWRAH,2008,82,11,29,46,0,46,105
WEST BENGAL,HOWRAH G.R.P.,2008,5,42,0,0,0,0,3
WEST BENGAL,JALPAIGURI,2008,126,134,44,334,0,334,299
WEST BENGAL,KHARAGPUR G.R.P.,2008,7,0,1,0,0,0,0
WEST BENGAL,KOLKATA,2008,51,77,23,35,0,35,116
WEST BENGAL,MALDA,2008,78,129,24,130,0,130,92
WEST BENGAL,MURSHIDABAD,2008,134,237,34,308,0,308,194
WEST BENGAL,NADIA,2008,102,345,28,178,0,178,216
WEST BENGAL,PASCHIM MIDNAPUR,2008,98,40,41,56,0,56,57
WEST BENGAL,PURAB MIDNAPUR,2008,63,26,10,60,0,60,118
WEST BENGAL,PURULIA,2008,44,0,7,61,0,61,23
WEST BENGAL,SEALDAH G.R.P.,2008,10,2,1,2,0,2,6
WEST BENGAL,SILIGURI G.R.P.,2008,2,0,2,1,0,1,6
WEST BENGAL,UTTAR DINAJPUR,2008,67,98,14,78,0,78,74
WEST BENGAL,TOTAL,2008,1811,1732,488,2263,0,2263,2332
A & N ISLANDS,ANDAMAN,2008,8,10,2,12,0,12,16
A & N ISLANDS,NICOBAR,2008,0,1,0,0,0,0,1
A & N ISLANDS,TOTAL,2008,8,11,2,12,0,12,17
CHANDIGARH,CHANDIGARH,2008,17,28,6,20,0,20,50
CHANDIGARH,TOTAL,2008,17,28,6,20,0,20,50
D & N HAVELI,D and N HAVELI,2008,9,2,0,6,0,6,17
D & N HAVELI,TOTAL,2008,9,2,0,6,0,6,17
DAMAN & DIU,DAMAN,2008,2,1,0,0,0,0,2
DAMAN & DIU,DIU,2008,0,1,0,0,0,0,2
DAMAN & DIU,TOTAL,2008,2,2,0,0,0,0,4
DELHI UT,CAW,2008,0,0,0,0,0,0,0
DELHI UT,CENTRAL,2008,34,33,4,30,0,30,84
DELHI UT,CRIME BRANCH,2008,1,1,0,0,0,0,0
DELHI UT,DELHI UT TOTAL,2008,554,389,66,466,0,466,1567
DELHI UT,EAST,2008,49,51,1,73,0,73,191
DELHI UT,EOW,2008,0,0,0,0,0,0,0
DELHI UT,GRP(RLY),2008,6,0,0,0,0,0,6
DELHI UT,IGI AIRPORT,2008,1,1,0,0,0,0,1
DELHI UT,NEW DELHI,2008,9,3,1,3,0,3,19
DELHI UT,NORTH,2008,25,18,7,20,0,20,80
DELHI UT,NORTH-EAST,2008,92,50,12,32,0,32,210
DELHI UT,NORTH-WEST,2008,54,48,2,59,0,59,137
DELHI UT,OUTER,2008,77,53,14,59,0,59,355
DELHI UT,SOUTH,2008,37,18,5,37,0,37,70
DELHI UT,SOUTH-EAST,2008,66,37,6,61,0,61,182
DELHI UT,SOUTH-WEST,2008,57,36,6,38,0,38,87
DELHI UT,STF,2008,0,10,0,0,0,0,0
DELHI UT,WEST,2008,46,30,8,54,0,54,145
LAKSHADWEEP,LAKSHADWEEP,2008,1,0,0,2,0,2,1
LAKSHADWEEP,TOTAL,2008,1,0,0,2,0,2,1
PUDUCHERRY,KARAIKAL,2008,5,6,0,1,0,1,2
PUDUCHERRY,PUDUCHERRY,2008,30,29,3,7,0,7,15
PUDUCHERRY,TOTAL,2008,35,35,3,8,0,8,17
ANDHRA PRADESH,ADILABAD,2009,85,39,11,67,0,67,73
ANDHRA PRADESH,ANANTAPUR,2009,140,78,4,22,0,22,68
ANDHRA PRADESH,CHITTOOR,2009,85,68,2,33,0,33,74
ANDHRA PRADESH,CUDDAPAH,2009,93,44,0,27,0,27,57
ANDHRA PRADESH,CYBERABAD,2009,186,84,15,82,0,82,168
ANDHRA PRADESH,EAST GODAVARI,2009,93,96,5,47,0,47,80
ANDHRA PRADESH,GUNTAKAL RLY.,2009,7,0,0,0,0,0,0
ANDHRA PRADESH,GUNTUR,2009,150,140,0,40,0,40,79
ANDHRA PRADESH,HYDERABAD CITY,2009,153,110,5,47,0,47,108
ANDHRA PRADESH,KARIMNAGAR,2009,91,98,15,48,0,48,128
ANDHRA PRADESH,KHAMMAM,2009,118,69,3,98,0,98,108
ANDHRA PRADESH,KRISHNA,2009,72,104,3,43,0,43,49
ANDHRA PRADESH,KURNOOL,2009,103,170,2,31,0,31,83
ANDHRA PRADESH,MAHABOOBNAGAR,2009,158,68,18,74,0,74,103
ANDHRA PRADESH,MEDAK,2009,120,61,8,46,0,46,61
ANDHRA PRADESH,NALGONDA,2009,124,63,7,77,0,77,109
ANDHRA PRADESH,NELLORE,2009,66,82,3,32,0,32,50
ANDHRA PRADESH,NIZAMABAD,2009,106,55,3,27,0,27,46
ANDHRA PRADESH,PRAKASHAM,2009,78,91,6,27,0,27,66
ANDHRA PRADESH,RANGA REDDY,2009,63,27,4,26,0,26,29
ANDHRA PRADESH,SECUNDERABAD RLY.,2009,9,1,0,0,0,0,0
ANDHRA PRADESH,SRIKAKULAM,2009,31,2,1,21,0,21,20
ANDHRA PRADESH,VIJAYAWADA CITY,2009,34,54,1,23,0,23,63
ANDHRA PRADESH,VIJAYAWADA RLY.,2009,3,4,0,0,0,0,0
ANDHRA PRADESH,VISAKHA RURAL,2009,47,36,2,14,0,14,18
ANDHRA PRADESH,VISAKHAPATNAM,2009,28,25,4,39,0,39,48
ANDHRA PRADESH,VIZIANAGARAM,2009,30,24,2,13,0,13,15
ANDHRA PRADESH,WARANGAL,2009,103,42,5,70,0,70,140
ANDHRA PRADESH,WEST GODAVARI,2009,73,124,5,114,0,114,115
ANDHRA PRADESH,TOTAL,2009,2449,1859,134,1188,0,1188,1958
ARUNACHAL PRADESH,ANJAW,2009,0,0,0,0,0,0,0
ARUNACHAL PRADESH,CHANGLANG,2009,3,2,0,8,0,8,7
ARUNACHAL PRADESH,DIBANG VALLEY,2009,1,1,1,3,0,3,6
ARUNACHAL PRADESH,K/KUMEY,2009,6,4,0,5,0,5,0
ARUNACHAL PRADESH,KAMENG EAST,2009,5,0,0,3,0,3,5
ARUNACHAL PRADESH,KAMENG WEST,2009,3,5,2,1,0,1,0
ARUNACHAL PRADESH,LOHIT,2009,9,1,0,8,0,8,6
ARUNACHAL PRADESH,PAPUM PARE,2009,7,4,0,11,0,11,13
ARUNACHAL PRADESH,SIANG EAST,2009,3,2,1,9,0,9,10
ARUNACHAL PRADESH,SIANG UPPER,2009,0,0,0,2,0,2,1
ARUNACHAL PRADESH,SIANG WEST,2009,11,3,0,5,0,5,5
ARUNACHAL PRADESH,SUBANSIRI LOWER,2009,1,3,1,2,0,2,4
ARUNACHAL PRADESH,SUBANSIRI UPPER,2009,4,3,0,1,0,1,1
ARUNACHAL PRADESH,TAWANG,2009,1,0,0,0,0,0,0
ARUNACHAL PRADESH,TIRAP,2009,5,3,0,1,0,1,4
ARUNACHAL PRADESH,UPPER DIBANG VALLEY,2009,0,2,0,0,0,0,0
ARUNACHAL PRADESH,TOTAL,2009,59,33,5,59,0,59,62
ASSAM,BARPETA,2009,46,20,0,123,0,123,113
ASSAM,BASKA,2009,29,14,1,18,0,18,38
ASSAM,BONGAIGAON,2009,13,9,0,54,0,54,58
ASSAM,C.I.D.,2009,1,0,0,0,0,0,0
ASSAM,CACHAR,2009,56,10,0,70,0,70,152
ASSAM,CHIRANG,2009,34,1,0,35,0,35,58
ASSAM,DARRANG,2009,29,8,0,80,0,80,99
ASSAM,DHEMAJI,2009,20,27,0,62,0,62,71
ASSAM,DHUBRI,2009,53,16,2,150,0,150,185
ASSAM,DIBRUGARH,2009,77,4,0,46,0,46,110
ASSAM,G.R.P.,2009,8,0,0,0,0,0,2
ASSAM,GOALPARA,2009,51,4,0,90,0,90,89
ASSAM,GOLAGHAT,2009,55,22,1,35,0,35,101
ASSAM,GUWAHATI CITY,2009,86,34,4,54,0,54,293
ASSAM,HAILAKANDI,2009,12,1,0,45,0,45,59
ASSAM,JORHAT,2009,26,4,2,36,0,36,54
ASSAM,KAMRUP,2009,43,20,1,57,0,57,121
ASSAM,KARBI ANGLONG,2009,40,13,0,17,0,17,21
ASSAM,KARIMGANJ,2009,34,10,0,26,0,26,39
ASSAM,KOKRAJHAR,2009,69,25,0,44,0,44,71
ASSAM,LAKHIMPUR,2009,31,20,8,54,0,54,123
ASSAM,MORIGAON,2009,26,10,2,88,0,88,77
ASSAM,N.C.HILLS,2009,73,12,10,3,0,3,16
ASSAM,NAGAON,2009,75,67,2,162,0,162,233
ASSAM,NALBARI,2009,23,22,0,31,0,31,58
ASSAM,R.P.O.,2009,4,0,0,7,0,7,1
ASSAM,SIBSAGAR,2009,68,24,1,71,0,71,120
ASSAM,SONITPUR,2009,109,20,1,89,0,89,174
ASSAM,TINSUKIA,2009,85,0,0,58,0,58,106
ASSAM,UDALGURI,2009,47,0,0,26,0,26,76
ASSAM,TOTAL,2009,1323,417,35,1631,0,1631,2718
BIHAR,ARARIA,2009,50,21,5,28,0,28,56
BIHAR,ARWAL,2009,23,15,3,2,0,2,16
BIHAR,AURANGABAD,2009,67,6,8,19,0,19,54
BIHAR,BAGAHA,2009,38,41,3,8,0,8,46
BIHAR,BANKA,2009,78,53,13,31,0,31,54
BIHAR,BEGUSARAI,2009,109,237,1,12,0,12,79
BIHAR,BETTIAH,2009,65,16,2,22,0,22,82
BIHAR,BHABHUA,2009,56,27,0,4,0,4,38
BIHAR,BHAGALPUR,2009,73,8,6,28,0,28,57
BIHAR,BHOJPUR,2009,94,34,0,11,0,11,50
BIHAR,BUXAR,2009,53,37,0,14,0,14,64
BIHAR,DARBHANGA,2009,49,121,6,27,0,27,83
BIHAR,GAYA,2009,155,33,17,20,0,20,108
BIHAR,GOPALGANJ,2009,81,127,15,37,0,37,112
BIHAR,JAMALPUR RLY.,2009,6,2,0,1,0,1,3
BIHAR,JAMUI,2009,65,156,2,15,0,15,35
BIHAR,JEHANABAD,2009,48,10,2,8,0,8,40
BIHAR,KATIHAR,2009,89,19,1,120,0,120,130
BIHAR,KATIHAR RLY.,2009,9,0,0,1,0,1,2
BIHAR,KHAGARIA,2009,46,114,8,8,0,8,49
BIHAR,KISHANGANJ,2009,32,0,1,33,0,33,41
BIHAR,LAKHISARAI,2009,45,73,3,15,0,15,39
BIHAR,MADHEPURA,2009,45,10,5,11,0,11,50
BIHAR,MADHUBANI,2009,66,7,0,19,0,19,81
BIHAR,MOTIHARI,2009,127,253,3,31,0,31,156
BIHAR,MUNGER,2009,79,133,1,12,0,12,68
BIHAR,MUZAFFARPUR,2009,150,19,17,55,0,55,151
BIHAR,MUZAFFARPUR RLY.,2009,19,21,0,3,0,3,5
BIHAR,NALANDA,2009,114,301,8,33,0,33,99
BIHAR,NAUGACHIA,2009,32,63,3,6,0,6,36
BIHAR,NAWADAH,2009,60,27,2,14,0,14,64
BIHAR,PATNA,2009,314,104,12,46,0,46,351
BIHAR,PATNA RLY.,2009,21,6,7,0,0,0,17
BIHAR,PURNEA,2009,86,119,13,49,0,49,69
BIHAR,ROHTAS,2009,110,63,0,18,0,18,83
BIHAR,SAHARSA,2009,49,123,8,28,0,28,55
BIHAR,SAMASTIPUR,2009,109,211,17,26,0,26,130
BIHAR,SARAN,2009,112,175,9,11,0,11,91
BIHAR,SHEIKHPURA,2009,16,0,0,6,0,6,10
BIHAR,SHEOHAR,2009,20,17,0,4,0,4,25
BIHAR,SITAMARHI,2009,67,22,4,8,0,8,104
BIHAR,SIWAN,2009,82,50,6,14,0,14,89
BIHAR,SUPAUL,2009,36,138,24,26,0,26,42
BIHAR,VAISHALI,2009,107,56,8,45,0,45,208
BIHAR,TOTAL,2009,3152,3068,243,929,0,929,3222
CHHATTISGARH,BALRAMPUR,2009,41,18,1,43,0,43,10
CHHATTISGARH,BILASPUR,2009,96,52,1,59,0,59,45
CHHATTISGARH,BIZAPUR,2009,61,102,1,10,0,10,4
CHHATTISGARH,DANTEWARA,2009,60,76,0,14,0,14,10
CHHATTISGARH,DHAMTARI,2009,15,16,0,24,0,24,7
CHHATTISGARH,DURG,2009,87,45,0,109,0,109,19
CHHATTISGARH,GRP RAIPUR,2009,8,1,0,0,0,0,1
CHHATTISGARH,JAGDALPUR,2009,71,45,1,60,0,60,19
CHHATTISGARH,JANJGIR,2009,58,23,0,25,0,25,13
CHHATTISGARH,JASHPUR,2009,53,23,1,64,0,64,26
CHHATTISGARH,KABIRDHAM,2009,20,14,5,20,0,20,2
CHHATTISGARH,KANKER,2009,46,26,0,22,0,22,11
CHHATTISGARH,KORBA,2009,58,12,1,35,0,35,6
CHHATTISGARH,KORIYA,2009,29,15,0,70,0,70,8
CHHATTISGARH,MAHASAMUND,2009,15,13,0,28,0,28,6
CHHATTISGARH,NARAYANPUR,2009,17,51,0,1,0,1,0
CHHATTISGARH,RAIGARH,2009,82,24,0,43,0,43,18
CHHATTISGARH,RAIPUR,2009,101,94,1,145,0,145,42
CHHATTISGARH,RAJNANDGAON,2009,55,31,6,47,0,47,13
CHHATTISGARH,SARGUJA,2009,58,28,1,81,0,81,15
CHHATTISGARH,SURAJPUR,2009,52,23,0,76,0,76,11
CHHATTISGARH,TOTAL,2009,1083,732,19,976,0,976,286
GOA,NORTH GOA,2009,33,9,8,31,0,31,17
GOA,SOUTH GOA,2009,20,15,3,16,0,16,16
GOA,TOTAL,2009,53,24,11,47,0,47,33
GUJARAT,AHMEDABAD COMMR.,2009,83,50,7,63,0,63,181
GUJARAT,AHMEDABAD RURAL,2009,19,19,1,9,0,9,50
GUJARAT,AHWA-DANG,2009,5,1,0,3,0,3,0
GUJARAT,AMRELI,2009,27,8,2,8,0,8,52
GUJARAT,ANAND,2009,36,4,1,13,0,13,43
GUJARAT,BHARUCH,2009,26,19,0,18,0,18,28
GUJARAT,BHAVNAGAR,2009,41,24,2,9,0,9,71
GUJARAT,DAHOD,2009,33,36,2,10,0,10,40
GUJARAT,GANDHINAGAR,2009,28,8,0,7,0,7,30
GUJARAT,HIMATNAGAR,2009,34,15,1,15,0,15,36
GUJARAT,JAMNAGAR,2009,32,19,0,17,0,17,24
GUJARAT,JUNAGADH,2009,48,28,0,14,0,14,69
GUJARAT,KHEDA NORTH,2009,23,12,0,15,0,15,34
GUJARAT,KUTCH,2009,35,20,0,10,0,10,39
GUJARAT,MEHSANA,2009,29,21,0,10,0,10,55
GUJARAT,NARMADA,2009,13,3,1,6,0,6,3
GUJARAT,NAVSARI,2009,18,5,0,4,0,4,1
GUJARAT,PALANPUR,2009,38,16,0,26,0,26,89
GUJARAT,PANCHMAHAL,2009,35,16,0,15,0,15,52
GUJARAT,PATAN,2009,21,11,1,19,0,19,21
GUJARAT,PORBANDAR,2009,11,7,0,3,0,3,18
GUJARAT,RAJKOT COMMR.,2009,35,26,1,8,0,8,47
GUJARAT,RAJKOT RURAL,2009,41,28,4,28,0,28,57
GUJARAT,SURAT COMMR.,2009,101,15,2,28,0,28,119
GUJARAT,SURAT RURAL,2009,39,5,0,10,0,10,12
GUJARAT,SURENDRANAGAR,2009,40,10,1,18,0,18,58
GUJARAT,TAPI,2009,15,0,0,7,0,7,4
GUJARAT,VADODARA COMMR.,2009,24,25,0,6,0,6,33
GUJARAT,VADODARA RURAL,2009,52,14,4,23,0,23,69
GUJARAT,VALSAD,2009,22,2,0,10,0,10,12
GUJARAT,W.RLY,2009,16,1,0,1,0,1,1
GUJARAT,TOTAL,2009,1020,468,30,433,0,433,1348
HARYANA,AMBALA,2009,35,18,1,28,0,28,20
HARYANA,BHIWANI,2009,48,40,6,37,0,37,74
HARYANA,FARIDABAD,2009,60,47,8,35,0,35,86
HARYANA,FATEHABAD,2009,33,14,3,9,0,9,47
HARYANA,GRP,2009,25,7,1,3,0,3,3
HARYANA,GURGAON,2009,84,38,3,29,0,29,59
HARYANA,HISSAR,2009,56,60,4,33,0,33,42
HARYANA,JHAJJAR,2009,66,36,8,20,0,20,27
HARYANA,JIND,2009,47,39,1,35,0,35,46
HARYANA,KAITHAL,2009,21,19,3,24,0,24,19
HARYANA,KARNAL,2009,27,46,2,48,0,48,51
HARYANA,KURUKSHETRA,2009,29,20,1,43,0,43,57
HARYANA,MAHENDRAGARH,2009,28,7,3,10,0,10,21
HARYANA,MEWAT,2009,18,23,2,16,0,16,24
HARYANA,PALWAL,2009,39,38,6,33,0,33,35
HARYANA,PANCHKULA,2009,14,6,1,18,0,18,17
HARYANA,PANIPAT,2009,64,30,9,45,0,45,51
HARYANA,REWARI,2009,34,23,3,19,0,19,36
HARYANA,ROHTAK,2009,65,61,6,36,0,36,43
HARYANA,SIRSA,2009,36,18,2,24,0,24,43
HARYANA,SONIPAT,2009,83,70,3,32,0,32,57
HARYANA,YAMUNANAGAR,2009,36,30,2,26,0,26,58
HARYANA,TOTAL,2009,948,690,78,603,0,603,916
HIMACHAL PRADESH,BADDIPOLICEDIST,2009,10,1,0,2,0,2,3
HIMACHAL PRADESH,BILASPUR,2009,8,6,2,14,0,14,6
HIMACHAL PRADESH,CHAMBA,2009,8,3,3,20,0,20,16
HIMACHAL PRADESH,CID,2009,0,0,0,0,0,0,0
HIMACHAL PRADESH,G.R.P.,2009,2,0,0,0,0,0,0
HIMACHAL PRADESH,HAMIRPUR,2009,6,4,1,9,0,9,16
HIMACHAL PRADESH,KANGRA,2009,29,17,2,23,0,23,24
HIMACHAL PRADESH,KINNAUR,2009,2,1,0,6,0,6,2
HIMACHAL PRADESH,KULLU,2009,7,6,1,24,0,24,12
HIMACHAL PRADESH,LAHAUL-SPITI,2009,1,0,0,1,0,1,0
HIMACHAL PRADESH,MANDI,2009,9,7,1,22,0,22,14
HIMACHAL PRADESH,SHIMLA,2009,18,12,2,28,0,28,28
HIMACHAL PRADESH,SIRMAUR,2009,7,5,0,15,0,15,10
HIMACHAL PRADESH,SOLAN,2009,7,4,0,8,0,8,9
HIMACHAL PRADESH,UNA,2009,11,7,1,11,0,11,10
HIMACHAL PRADESH,TOTAL,2009,125,73,13,183,0,183,150
JAMMU & KASHMIR,ANANTNAG,2009,6,19,0,8,0,8,81
JAMMU & KASHMIR,AWANTIPORA,2009,5,3,0,5,0,5,11
JAMMU & KASHMIR,BANDIPORA,2009,5,3,1,4,0,4,54
JAMMU & KASHMIR,BARAMULLA,2009,20,54,0,14,0,14,86
JAMMU & KASHMIR,BUDGAM,2009,3,28,2,10,0,10,76
JAMMU & KASHMIR,CRIME JAMMU,2009,1,0,0,0,0,0,0
JAMMU & KASHMIR,CRIME SRINAGAR,2009,0,0,0,0,0,0,0
JAMMU & KASHMIR,DODA,2009,18,43,1,18,0,18,39
JAMMU & KASHMIR,GANDERBAL,2009,4,1,0,7,0,7,26
JAMMU & KASHMIR,HANDWARA,2009,6,22,0,5,0,5,17
JAMMU & KASHMIR,JAMMU,2009,18,77,3,29,0,29,69
JAMMU & KASHMIR,KARGIL,2009,0,0,0,1,0,1,1
JAMMU & KASHMIR,KATHUA,2009,10,19,0,9,0,9,25
JAMMU & KASHMIR,KISHTWAR,2009,10,26,1,3,0,3,23
JAMMU & KASHMIR,KULGAM,2009,10,8,0,9,0,9,52
JAMMU & KASHMIR,KUPWARA,2009,10,37,0,6,0,6,24
JAMMU & KASHMIR,LEH,2009,4,1,0,2,0,2,1
JAMMU & KASHMIR,POONCH,2009,17,33,1,12,0,12,21
JAMMU & KASHMIR,PULWAMA,2009,4,6,2,5,0,5,32
JAMMU & KASHMIR,RAILWAYS,2009,1,1,0,0,0,0,0
JAMMU & KASHMIR,RAILWAYS KMR,2009,0,0,0,0,0,0,0
JAMMU & KASHMIR,RAJOURI,2009,11,19,7,22,0,22,35
JAMMU & KASHMIR,RAMBAN,2009,5,12,0,12,0,12,15
JAMMU & KASHMIR,REASI,2009,15,25,0,9,0,9,14
JAMMU & KASHMIR,SAMBA,2009,9,6,0,6,0,6,8
JAMMU & KASHMIR,SHOPIAN,2009,12,18,0,5,0,5,41
JAMMU & KASHMIR,SRINAGAR,2009,23,70,2,21,0,21,113
JAMMU & KASHMIR,UDHAMPUR,2009,10,16,3,15,0,15,9
JAMMU & KASHMIR,TOTAL,2009,237,547,23,237,0,237,873
JHARKHAND,BOKARO,2009,58,17,2,18,0,18,37
JHARKHAND,CHAIBASA,2009,118,42,2,34,0,34,13
JHARKHAND,CHATRA,2009,38,40,4,16,0,16,21
JHARKHAND,DEOGHAR,2009,51,57,1,45,0,45,29
JHARKHAND,DHANBAD,2009,69,33,11,36,0,36,81
JHARKHAND,DHANBAD RLY.,2009,7,0,0,0,0,0,3
JHARKHAND,DUMKA,2009,68,8,11,61,0,61,34
JHARKHAND,GARHWA,2009,48,31,1,27,0,27,37
JHARKHAND,GIRIDIH,2009,86,32,1,28,0,28,36
JHARKHAND,GODDA,2009,66,41,0,24,0,24,36
JHARKHAND,GUMLA,2009,168,37,10,39,0,39,36
JHARKHAND,HAZARIBAGH,2009,61,93,4,33,0,33,53
JHARKHAND,JAMSHEDPUR,2009,106,216,18,46,0,46,64
JHARKHAND,JAMSHEDPUR RLY.,2009,6,1,0,1,0,1,3
JHARKHAND,JAMTARA,2009,13,35,0,21,0,21,12
JHARKHAND,KHUNTI,2009,72,6,1,4,0,4,15
JHARKHAND,KODERMA,2009,28,4,2,6,0,6,14
JHARKHAND,LATEHAR,2009,43,19,4,13,0,13,22
JHARKHAND,LOHARDAGGA,2009,32,8,5,20,0,20,10
JHARKHAND,PAKUR,2009,33,45,5,46,0,46,18
JHARKHAND,PALAMU,2009,79,149,1,37,0,37,61
JHARKHAND,RAMGARH,2009,26,6,2,16,0,16,19
JHARKHAND,RANCHI,2009,202,211,16,63,0,63,113
JHARKHAND,SAHEBGANJ,2009,48,77,0,45,0,45,35
JHARKHAND,SARAIKELA,2009,47,50,1,23,0,23,15
JHARKHAND,SIMDEGA,2009,63,16,2,17,0,17,10
JHARKHAND,TOTAL,2009,1636,1274,104,719,0,719,827
KARNATAKA,BAGALKOT,2009,41,35,2,8,0,8,18
KARNATAKA,BANGALORE COMMR.,2009,256,338,1,65,0,65,270
KARNATAKA,BANGALORE RURAL,2009,87,80,0,14,0,14,23
KARNATAKA,BELGAUM,2009,106,92,2,39,0,39,60
KARNATAKA,BELLARY,2009,44,46,0,11,0,11,25
KARNATAKA,BIDAR,2009,22,41,2,12,0,12,14
KARNATAKA,BIJAPUR,2009,64,64,2,19,0,19,28
KARNATAKA,CBPURA,2009,47,40,7,11,0,11,24
KARNATAKA,CHAMARAJNAGAR,2009,23,19,0,8,0,8,8
KARNATAKA,CHICKMAGALUR,2009,32,36,2,13,0,13,16
KARNATAKA,CHITRADURGA,2009,43,27,3,26,0,26,24
KARNATAKA,DAKSHIN KANNADA,2009,61,64,0,14,0,14,15
KARNATAKA,DAVANAGERE,2009,27,24,3,16,0,16,17
KARNATAKA,DHARWAD COMMR.,2009,17,25,0,6,0,6,14
KARNATAKA,DHARWAD RURAL,2009,20,23,1,4,0,4,12
KARNATAKA,GADAG,2009,21,12,0,4,0,4,9
KARNATAKA,GULBARGA,2009,145,104,1,32,0,32,49
KARNATAKA,HASSAN,2009,59,48,2,22,0,22,22
KARNATAKA,HAVERI,2009,21,27,2,5,0,5,14
KARNATAKA,K.G.F.,2009,12,10,1,9,0,9,14
KARNATAKA,KODAGU,2009,31,23,3,14,0,14,13
KARNATAKA,KOLAR,2009,30,28,0,10,0,10,15
KARNATAKA,KOPPAL,2009,22,20,10,14,0,14,13
KARNATAKA,MANDYA,2009,74,72,3,16,0,16,27
KARNATAKA,MYSORE COMMR.,2009,34,42,1,14,0,14,21
KARNATAKA,MYSORE RURAL,2009,54,33,0,21,0,21,14
KARNATAKA,RAICHUR,2009,49,27,5,21,0,21,18
KARNATAKA,RAILWAYS,2009,12,5,0,1,0,1,0
KARNATAKA,RAMANAGAR,2009,66,62,3,12,0,12,21
KARNATAKA,SHIMOGA,2009,53,54,6,15,0,15,38
KARNATAKA,TUMKUR,2009,83,54,9,19,0,19,23
KARNATAKA,UDUPI,2009,28,12,1,5,0,5,3
KARNATAKA,UTTAR KANNADA,2009,18,20,7,9,0,9,10
KARNATAKA,TOTAL,2009,1702,1607,79,509,0,509,892
KERALA,ALAPUZHA,2009,20,33,8,26,0,26,14
KERALA,ERNAKULAM COMMR.,2009,12,12,1,20,0,20,11
KERALA,ERNAKULAM RURAL,2009,34,17,5,26,0,26,11
KERALA,IDUKKI,2009,19,16,1,23,0,23,3
KERALA,KANNUR,2009,14,35,3,37,0,37,10
KERALA,KASARGOD,2009,20,31,8,47,0,47,8
KERALA,KOLLAM,2009,34,29,15,51,0,51,21
KERALA,KOTTAYAM,2009,19,18,2,28,0,28,14
KERALA,KOZHIKODE COMMR.,2009,5,10,1,18,0,18,8
KERALA,KOZHIKODE RURAL,2009,19,25,5,33,0,33,28
KERALA,MALAPPURAM,2009,24,31,6,35,0,35,17
KERALA,PALAKKAD,2009,36,21,10,49,0,49,13
KERALA,PATHANAMTHITTA,2009,15,18,0,24,0,24,11
KERALA,RAILWAYS,2009,1,1,0,0,0,0,0
KERALA,THRISSUR,2009,23,38,24,32,0,32,19
KERALA,TRIVANDRUM COMMR.,2009,12,32,1,40,0,40,18
KERALA,TRIVANDRUM RURAL,2009,27,34,9,57,0,57,43
KERALA,WAYANADU,2009,9,7,1,22,0,22,7
KERALA,TOTAL,2009,343,408,100,568,0,568,256
MADHYA PRADESH,ALIRAJPUR,2009,70,40,0,31,0,31,10
MADHYA PRADESH,ANUPPUR,2009,26,9,0,35,0,35,7
MADHYA PRADESH,ASHOK NAGAR,2009,32,19,5,38,0,38,6
MADHYA PRADESH,BALAGHAT,2009,56,23,4,62,0,62,8
MADHYA PRADESH,BARWANI,2009,33,12,3,31,0,31,5
MADHYA PRADESH,BETUL,2009,65,32,2,130,1,129,30
MADHYA PRADESH,BHIND,2009,76,79,5,23,0,23,32
MADHYA PRADESH,BHOPAL,2009,65,93,2,152,0,152,77
MADHYA PRADESH,BHOPAL RLY.,2009,4,4,0,3,0,3,3
MADHYA PRADESH,BURHANPUR,2009,14,13,0,14,0,14,3
MADHYA PRADESH,CHHATARPUR,2009,67,76,2,64,0,64,20
MADHYA PRADESH,CHHINDWARA,2009,73,22,2,138,0,138,32
MADHYA PRADESH,DAMOH,2009,47,59,0,39,0,39,18
MADHYA PRADESH,DATIYA,2009,36,51,0,20,0,20,24
MADHYA PRADESH,DEWAS,2009,40,45,1,59,0,59,11
MADHYA PRADESH,DHAR,2009,80,73,3,99,0,99,34
MADHYA PRADESH,DINDORI,2009,23,1,2,35,0,35,2
MADHYA PRADESH,GUNA,2009,43,20,3,54,0,54,9
MADHYA PRADESH,GWALIOR,2009,104,128,23,73,0,73,85
MADHYA PRADESH,HARDA,2009,12,11,0,19,0,19,7
MADHYA PRADESH,HOSHANGABAD,2009,46,47,0,59,0,59,23
MADHYA PRADESH,INDORE,2009,132,208,3,82,0,82,36
MADHYA PRADESH,INDORE RLY.,2009,2,2,1,0,0,0,1
MADHYA PRADESH,JABALPUR,2009,92,92,0,129,0,129,44
MADHYA PRADESH,JABALPUR RLY.,2009,1,1,0,1,0,1,1
MADHYA PRADESH,JHABUA,2009,20,17,0,30,0,30,18
MADHYA PRADESH,KATNI,2009,37,19,3,48,0,48,13
MADHYA PRADESH,KHANDWA,2009,34,33,2,70,0,70,13
MADHYA PRADESH,KHARGON,2009,45,51,3,45,0,45,5
MADHYA PRADESH,MANDLA,2009,23,14,0,43,0,43,9
MADHYA PRADESH,MANDSAUR,2009,34,33,0,46,0,46,30
MADHYA PRADESH,MORENA,2009,63,80,1,31,0,31,40
MADHYA PRADESH,NARSINGHPUR,2009,39,36,4,52,0,52,5
MADHYA PRADESH,NEEMUCH,2009,13,12,5,34,0,34,16
MADHYA PRADESH,PANNA,2009,39,13,1,31,0,31,6
MADHYA PRADESH,RAISEN,2009,55,44,4,93,0,93,10
MADHYA PRADESH,RAJGARH,2009,32,47,1,68,0,68,33
MADHYA PRADESH,RATLAM,2009,45,31,0,67,0,67,19
MADHYA PRADESH,REWA,2009,64,43,0,73,0,73,30
MADHYA PRADESH,SAGAR,2009,76,115,7,127,0,127,44
MADHYA PRADESH,SATNA,2009,60,48,3,145,0,145,23
MADHYA PRADESH,SEONI,2009,38,26,3,61,0,61,12
MADHYA PRADESH,SHAHDOL,2009,28,12,0,42,0,42,11
MADHYA PRADESH,SHAJAPUR,2009,34,40,1,79,0,79,18
MADHYA PRADESH,SHEOPUR,2009,17,17,0,14,0,14,7
MADHYA PRADESH,SHIVPURI,2009,62,40,4,55,0,55,32
MADHYA PRADESH,SIDHI,2009,23,7,1,24,0,24,14
MADHYA PRADESH,SIHORE,2009,34,54,1,63,0,63,25
MADHYA PRADESH,SINGRAULI,2009,37,14,4,45,0,45,16
MADHYA PRADESH,TIKAMGARH,2009,51,34,3,67,0,67,13
MADHYA PRADESH,UJJAIN,2009,76,121,4,46,0,46,27
MADHYA PRADESH,UMARIYA,2009,20,4,0,29,0,29,4
MADHYA PRADESH,VIDISHA,2009,48,47,1,80,0,80,15
MADHYA PRADESH,TOTAL,2009,2386,2212,117,2998,1,2997,1036
MAHARASHTRA,AHMEDNAGAR,2009,81,75,3,55,0,55,42
MAHARASHTRA,AKOLA,2009,43,68,7,21,0,21,33
MAHARASHTRA,AMRAVATI COMMR.,2009,16,26,0,17,0,17,23
MAHARASHTRA,AMRAVATI RURAL,2009,75,37,4,49,0,49,29
MAHARASHTRA,AURANGABAD COMMR.,2009,37,46,2,22,0,22,28
MAHARASHTRA,AURANGABAD RURAL,2009,44,37,5,14,0,14,5
MAHARASHTRA,BEED,2009,80,53,1,26,0,26,36
MAHARASHTRA,BHANDARA,2009,26,8,0,17,0,17,12
MAHARASHTRA,BULDHANA,2009,53,59,0,27,0,27,29
MAHARASHTRA,CHANDRAPUR,2009,49,33,3,44,0,44,19
MAHARASHTRA,DHULE,2009,45,36,1,12,0,12,13
MAHARASHTRA,GADCHIROLI,2009,66,45,4,12,0,12,14
MAHARASHTRA,GONDIA,2009,43,23,1,33,0,33,20
MAHARASHTRA,HINGOLI,2009,50,34,1,10,0,10,16
MAHARASHTRA,JALGAON,2009,75,52,1,30,0,30,25
MAHARASHTRA,JALNA,2009,55,38,1,22,0,22,20
MAHARASHTRA,KOLHAPUR,2009,46,36,1,35,0,35,22
MAHARASHTRA,LATUR,2009,70,36,1,33,0,33,28
MAHARASHTRA,MUMBAI COMMR.,2009,217,160,6,182,0,182,149
MAHARASHTRA,MUMBAI RLY.,2009,7,3,0,4,0,4,3
MAHARASHTRA,NAGPUR COMMR.,2009,95,72,2,45,0,45,73
MAHARASHTRA,NAGPUR RLY.,2009,4,3,0,1,0,1,1
MAHARASHTRA,NAGPUR RURAL,2009,74,36,1,33,0,33,23
MAHARASHTRA,NANDED,2009,102,71,6,34,0,34,40
MAHARASHTRA,NANDURBAR,2009,43,13,1,23,0,23,13
MAHARASHTRA,NASIK COMMR.,2009,41,28,2,24,0,24,24
MAHARASHTRA,NASIK RURAL,2009,73,48,1,46,0,46,25
MAHARASHTRA,NAVI MUMBAI,2009,45,41,4,19,0,19,20
MAHARASHTRA,OSMANABAD,2009,33,23,0,20,0,20,19
MAHARASHTRA,PARBHANI,2009,52,31,0,30,0,30,24
MAHARASHTRA,PUNE COMMR.,2009,119,120,9,67,0,67,105
MAHARASHTRA,PUNE RLY.,2009,3,3,0,1,0,1,2
MAHARASHTRA,PUNE RURAL,2009,125,61,6,72,0,72,57
MAHARASHTRA,RAIGAD,2009,31,31,0,21,0,21,4
MAHARASHTRA,RATNAGIRI,2009,24,4,0,14,0,14,12
MAHARASHTRA,SANGLI,2009,67,32,0,37,0,37,22
MAHARASHTRA,SATARA,2009,47,38,7,26,0,26,22
MAHARASHTRA,SINDHUDURG,2009,11,5,1,8,0,8,4
MAHARASHTRA,SOLAPUR COMMR.,2009,18,19,0,22,0,22,7
MAHARASHTRA,SOLAPUR RURAL,2009,80,68,5,50,0,50,43
MAHARASHTRA,THANE COMMR.,2009,122,74,2,66,0,66,87
MAHARASHTRA,THANE RURAL,2009,138,47,4,53,0,53,34
MAHARASHTRA,WARDHA,2009,29,28,4,41,0,41,18
MAHARASHTRA,WASHIM,2009,22,22,0,25,0,25,13
MAHARASHTRA,YAVATMAL,2009,77,57,1,40,0,40,28
MAHARASHTRA,TOTAL,2009,2653,1880,98,1483,0,1483,1286
MANIPUR,BISHNUPUR,2009,16,35,0,2,0,2,7
MANIPUR,CHANDEL,2009,6,31,0,0,0,0,0
MANIPUR,CHURACHANDPUR,2009,15,10,0,3,0,3,4
MANIPUR,CID,2009,0,0,0,0,0,0,0
MANIPUR,IMPHAL EAST,2009,29,106,1,7,0,7,56
MANIPUR,IMPHAL WEST,2009,32,156,0,8,0,8,52
MANIPUR,SENAPATI,2009,7,27,0,1,0,1,6
MANIPUR,TAMENGLONG,2009,5,5,0,0,0,0,0
MANIPUR,THOUBAL,2009,15,89,1,9,0,9,32
MANIPUR,UKHRUL,2009,6,19,0,1,0,1,2
MANIPUR,TOTAL,2009,131,478,2,31,0,31,159
MEGHALAYA,GARO HILLS EAST,2009,9,6,1,3,0,3,3
MEGHALAYA,GARO HILLS SOUTH,2009,4,1,0,0,0,0,3
MEGHALAYA,GARO HILLS WEST,2009,13,10,7,8,0,8,16
MEGHALAYA,JAINTIA HILLS,2009,40,5,1,24,0,24,8
MEGHALAYA,KHASI HILLS EAST,2009,28,10,1,34,0,34,17
MEGHALAYA,KHASI HILLS WEST,2009,18,6,0,20,0,20,2
MEGHALAYA,RI-BHOI,2009,16,1,2,23,0,23,7
MEGHALAYA,TOTAL,2009,128,39,12,112,0,112,56
MIZORAM,AIZAWL,2009,14,8,5,27,0,27,7
MIZORAM,CHAMPHAI,2009,6,2,0,15,0,15,0
MIZORAM,KOLASIB,2009,3,1,0,7,0,7,0
MIZORAM,LAWNGTLAI,2009,3,2,1,5,0,5,0
MIZORAM,LUNGLEI,2009,1,0,0,12,0,12,1
MIZORAM,MAMIT,2009,1,0,0,9,1,8,1
MIZORAM,SAIHA,2009,2,0,2,3,0,3,0
MIZORAM,SERCHHIP,2009,1,1,0,5,0,5,0
MIZORAM,TOTAL,2009,31,14,8,83,1,82,9
NAGALAND,DIMAPUR,2009,15,8,3,7,0,7,33
NAGALAND,KIPHIRE,2009,0,0,0,0,0,0,2
NAGALAND,KOHIMA,2009,8,3,2,6,0,6,12
NAGALAND,LONGLENG,2009,1,0,0,0,0,0,0
NAGALAND,MOKOKCHUNG,2009,3,5,1,0,0,0,1
NAGALAND,MON,2009,4,2,1,0,0,0,0
NAGALAND,PEREN,2009,6,4,0,2,0,2,1
NAGALAND,PHEK,2009,2,8,0,0,0,0,0
NAGALAND,TUENSANG,2009,0,1,0,1,0,1,1
NAGALAND,WOKHA,2009,6,3,0,3,0,3,0
NAGALAND,ZUNHEBOTO,2009,1,1,0,3,0,3,2
NAGALAND,TOTAL,2009,46,35,7,22,0,22,52
ODISHA,ANGUL,2009,42,86,0,59,0,59,36
ODISHA,BALASORE,2009,26,50,2,46,0,46,62
ODISHA,BARAGARH,2009,29,69,3,25,0,25,10
ODISHA,BERHAMPUR,2009,18,46,0,18,0,18,20
ODISHA,BHADRAK,2009,44,25,0,46,0,46,42
ODISHA,BOLANGIR,2009,44,53,0,46,0,46,33
ODISHA,BOUDH,2009,16,9,0,7,0,7,1
ODISHA,CUTTACK,2009,25,9,0,25,0,25,48
ODISHA,DCP BBSR,2009,30,40,1,32,0,32,27
ODISHA,DCP CTC,2009,21,20,5,14,0,14,22
ODISHA,DEOGARH,2009,12,9,0,12,0,12,8
ODISHA,DHENKANAL,2009,49,30,0,23,0,23,24
ODISHA,GAJAPATI,2009,19,16,0,9,0,9,8
ODISHA,GANJAM,2009,73,134,0,34,0,34,28
ODISHA,JAGATSINGHPUR,2009,29,12,0,31,0,31,26
ODISHA,JAJPUR,2009,59,27,0,32,0,32,54
ODISHA,JHARSUGUDA,2009,25,26,1,7,0,7,6
ODISHA,KALAHANDI,2009,28,16,1,30,0,30,24
ODISHA,KANDHAMAL,2009,24,20,0,24,0,24,17
ODISHA,KENDRAPARA,2009,27,3,0,28,0,28,36
ODISHA,KEONJHAR,2009,109,101,18,53,0,53,49
ODISHA,KHURDA,2009,34,16,11,27,0,27,38
ODISHA,KORAPUT,2009,36,39,0,41,0,41,31
ODISHA,MALKANGIR,2009,36,17,0,15,0,15,12
ODISHA,MAYURBHANJ,2009,96,66,0,80,0,80,64
ODISHA,NAYAGARH,2009,29,12,0,29,0,29,28
ODISHA,NOWRANGPUR,2009,27,28,1,35,0,35,22
ODISHA,NUAPADA,2009,17,5,1,17,0,17,12
ODISHA,PURI,2009,40,72,0,29,0,29,48
ODISHA,RAYAGADA,2009,22,16,2,36,0,36,16
ODISHA,ROURKELA,2009,65,46,1,38,0,38,23
ODISHA,SAMBALPUR,2009,43,48,0,35,0,35,16
ODISHA,SONEPUR,2009,17,15,0,17,0,17,17
ODISHA,SRP(CUTTACK),2009,1,2,0,2,0,2,3
ODISHA,SRP(ROURKELA),2009,8,1,0,1,0,1,4
ODISHA,SUNDARGARH,2009,30,47,1,20,0,20,15
ODISHA,TOTAL,2009,1250,1231,48,1023,0,1023,930
PUNJAB,AMRITSAR,2009,54,64,3,15,0,15,46
PUNJAB,AMRITSAR RURAL,2009,31,27,0,14,0,14,18
PUNJAB,BARNALA,2009,23,24,3,13,0,13,7
PUNJAB,BATALA,2009,25,20,6,21,0,21,12
PUNJAB,BHATINDA,2009,52,74,9,32,0,32,36
PUNJAB,FARIDKOT,2009,24,25,3,17,0,17,7
PUNJAB,FATEHGARH SAHIB,2009,18,13,3,7,0,7,11
PUNJAB,FEROZPUR,2009,67,55,5,43,0,43,39
PUNJAB,G.R.P,2009,9,4,1,1,0,1,0
PUNJAB,GURDASPUR,2009,31,32,30,14,0,14,32
PUNJAB,HOSHIARPUR,2009,39,59,7,37,0,37,31
PUNJAB,JALANDHAR,2009,58,133,9,35,0,35,96
PUNJAB,KAPURTHALA,2009,25,47,6,21,0,21,20
PUNJAB,KHANNA,2009,24,22,3,10,0,10,13
PUNJAB,LUDHIANA,2009,68,101,13,39,0,39,95
PUNJAB,LUDHIANA RURAL,2009,24,21,1,13,0,13,26
PUNJAB,MANSA,2009,37,27,4,13,0,13,14
PUNJAB,MOGA,2009,30,38,5,18,0,18,19
PUNJAB,MUKTSAR,2009,29,32,1,20,0,20,11
PUNJAB,PATIALA,2009,45,61,5,28,0,28,56
PUNJAB,ROPAR,2009,22,16,2,13,0,13,16
PUNJAB,SANGRUR,2009,34,46,3,25,0,25,26
PUNJAB,SAS NGR,2009,25,26,2,23,0,23,37
PUNJAB,SBS NAGAR,2009,23,14,1,12,0,12,6
PUNJAB,TARN TARAN,2009,36,33,4,27,0,27,18
PUNJAB,TOTAL,2009,853,1014,129,511,0,511,692
RAJASTHAN,AJMER,2009,42,44,12,47,0,47,93
RAJASTHAN,ALWAR,2009,103,77,0,101,0,101,184
RAJASTHAN,BANSWARA,2009,33,12,0,40,0,40,53
RAJASTHAN,BARAN,2009,36,86,1,55,0,55,85
RAJASTHAN,BARMER,2009,21,29,0,31,0,31,29
RAJASTHAN,BHARATPUR,2009,71,78,2,82,0,82,188
RAJASTHAN,BHILWARA,2009,36,42,6,52,0,52,109
RAJASTHAN,BIKANER,2009,41,77,1,37,0,37,38
RAJASTHAN,BUNDI,2009,24,86,7,37,0,37,115
RAJASTHAN,CHITTORGARH,2009,43,26,4,44,0,44,96
RAJASTHAN,CHURU,2009,32,26,1,33,0,33,45
RAJASTHAN,DAUSA,2009,29,30,0,13,0,13,92
RAJASTHAN,DHOLPUR,2009,48,87,1,30,0,30,67
RAJASTHAN,DUNGARPUR,2009,29,15,1,29,0,29,43
RAJASTHAN,G.R.P.,2009,9,5,0,1,0,1,2
RAJASTHAN,GANGANAGAR,2009,67,66,3,89,0,89,63
RAJASTHAN,HANUMANGARH,2009,48,72,1,54,0,54,49
RAJASTHAN,JAIPUR EAST,2009,21,30,3,29,0,29,66
RAJASTHAN,JAIPUR NORTH,2009,17,35,0,23,0,23,76
RAJASTHAN,JAIPUR RURAL,2009,76,25,0,49,0,49,99
RAJASTHAN,JAIPUR SOUTH,2009,14,27,1,17,0,17,73
RAJASTHAN,JAISALMER,2009,8,3,1,5,0,5,13
RAJASTHAN,JALORE,2009,21,14,1,19,0,19,34
RAJASTHAN,JHALAWAR,2009,47,50,7,55,0,55,58
RAJASTHAN,JHUNJHUNU,2009,40,21,0,41,0,41,60
RAJASTHAN,JODHPUR CITY,2009,17,56,2,15,0,15,68
RAJASTHAN,JODHPUR RURAL,2009,23,32,0,27,0,27,40
RAJASTHAN,KARAULI,2009,33,38,0,46,0,46,84
RAJASTHAN,KOTA CITY,2009,26,126,4,23,0,23,87
RAJASTHAN,KOTA RURAL,2009,24,57,2,29,0,29,39
RAJASTHAN,NAGAUR,2009,42,44,4,53,0,53,89
RAJASTHAN,PALI,2009,48,37,3,48,0,48,101
RAJASTHAN,PRATAPGARH,2009,27,24,0,54,0,54,63
RAJASTHAN,RAJSAMAND,2009,15,10,1,11,0,11,47
RAJASTHAN,SAWAI MADHOPUR,2009,14,29,0,17,0,17,83
RAJASTHAN,SIKAR,2009,55,28,3,36,0,36,84
RAJASTHAN,SIROHI,2009,27,29,2,18,0,18,28
RAJASTHAN,TONK,2009,16,29,0,20,0,20,47
RAJASTHAN,UDAIPUR,2009,72,71,6,109,0,109,180
RAJASTHAN,TOTAL,2009,1395,1673,80,1519,0,1519,2870
SIKKIM,EAST,2009,7,4,2,5,0,5,2
SIKKIM,NORTH,2009,2,0,0,0,0,0,0
SIKKIM,SOUTH,2009,5,3,1,8,0,8,2
SIKKIM,WEST,2009,5,0,0,5,0,5,2
SIKKIM,TOTAL,2009,19,7,3,18,0,18,6
TAMIL NADU,ARIYALUR,2009,40,22,0,21,0,21,19
TAMIL NADU,CHENNAI,2009,96,175,0,39,0,39,42
TAMIL NADU,CHENNAI RLY.,2009,1,2,0,0,0,0,0
TAMIL NADU,CHENNAISUBURBAN,2009,72,118,0,46,0,46,28
TAMIL NADU,COIMBATORE RURAL,2009,48,39,0,7,0,7,31
TAMIL NADU,COIMBATORE URBAN,2009,24,26,0,9,0,9,23
TAMIL NADU,CUDDALORE,2009,46,92,0,20,0,20,34
TAMIL NADU,DHARMAPURI,2009,39,30,8,7,0,7,36
TAMIL NADU,DINDIGUL,2009,69,77,0,10,0,10,61
TAMIL NADU,ERODE,2009,52,30,0,16,0,16,44
TAMIL NADU,KANCHIPURAM,2009,72,54,0,28,0,28,11
TAMIL NADU,KANYAKUMARI,2009,40,75,0,11,0,11,31
TAMIL NADU,KARUR,2009,26,15,1,7,0,7,13
TAMIL NADU,KRISHNAGIRI,2009,67,27,1,15,0,15,36
TAMIL NADU,MADURAI RURAL,2009,68,82,1,18,0,18,49
TAMIL NADU,MADURAI URBAN,2009,38,40,0,3,0,3,25
TAMIL NADU,NAGAPATTINAM,2009,55,54,1,7,0,7,39
TAMIL NADU,NAMAKKAL,2009,32,32,1,14,0,14,44
TAMIL NADU,NILGIRIS,2009,15,8,0,3,0,3,7
TAMIL NADU,PERAMBALUR,2009,12,15,0,11,0,11,13
TAMIL NADU,PUDUKOTTAI,2009,40,38,0,5,0,5,27
TAMIL NADU,RAMNATHAPURAM,2009,31,97,2,10,0,10,56
TAMIL NADU,SALEM RURAL,2009,48,68,1,32,0,32,91
TAMIL NADU,SALEM URBAN,2009,21,26,0,20,0,20,39
TAMIL NADU,SIVAGANGAI,2009,34,32,0,5,0,5,30
TAMIL NADU,THANJAVUR,2009,69,80,1,5,0,5,36
TAMIL NADU,THENI,2009,34,69,0,9,0,9,49
TAMIL NADU,THIRUNELVELI RURAL,2009,95,207,2,44,0,44,66
TAMIL NADU,THIRUNELVELI URBAN,2009,12,67,1,5,0,5,26
TAMIL NADU,THIRUVALLUR,2009,34,48,1,12,0,12,20
TAMIL NADU,THIRUVANNAMALAI,2009,45,83,0,12,0,12,21
TAMIL NADU,THIRUVARUR,2009,25,43,0,1,0,1,16
TAMIL NADU,THOOTHUGUDI,2009,57,163,0,20,0,20,35
TAMIL NADU,TIRUPPUR,2009,58,29,0,12,0,12,61
TAMIL NADU,TRICHY RLY.,2009,0,0,0,0,0,0,0
TAMIL NADU,TRICHY RURAL,2009,41,45,0,10,0,10,17
TAMIL NADU,TRICHY URBAN,2009,16,23,1,6,0,6,20
TAMIL NADU,VELLORE,2009,81,44,2,18,0,18,46
TAMIL NADU,VILLUPURAM,2009,70,98,2,62,0,62,80
TAMIL NADU,VIRUDHUNAGAR,2009,53,52,0,16,0,16,50
TAMIL NADU,TOTAL,2009,1776,2325,26,596,0,596,1372
TRIPURA,DHALAI,2009,20,4,0,18,0,18,9
TRIPURA,NORTH,2009,33,16,1,48,0,48,32
TRIPURA,SOUTH,2009,19,20,0,48,0,48,27
TRIPURA,WEST,2009,61,19,1,76,0,76,53
TRIPURA,TOTAL,2009,133,59,2,190,0,190,121
UTTAR PRADESH,AGRA,2009,127,156,47,40,0,40,243
UTTAR PRADESH,ALIGARH,2009,143,222,28,58,0,58,244
UTTAR PRADESH,ALLAHABAD,2009,110,105,28,38,0,38,148
UTTAR PRADESH,AMBEDKAR NAGAR,2009,36,28,15,19,0,19,56
UTTAR PRADESH,AURAIYA,2009,41,31,12,11,0,11,44
UTTAR PRADESH,AZAMGARH,2009,65,33,37,17,0,17,71
UTTAR PRADESH,BADAUN,2009,110,140,28,29,0,29,96
UTTAR PRADESH,BAGHPAT,2009,76,56,14,15,0,15,53
UTTAR PRADESH,BAHRAICH,2009,38,28,28,38,0,38,89
UTTAR PRADESH,BALLIA,2009,23,36,18,9,0,9,28
UTTAR PRADESH,BALRAMPUR,2009,15,13,6,8,0,8,23
UTTAR PRADESH,BANDA,2009,23,22,16,23,0,23,41
UTTAR PRADESH,BARABANKI,2009,48,49,16,19,0,19,107
UTTAR PRADESH,BAREILLY,2009,136,175,23,77,0,77,168
UTTAR PRADESH,BASTI,2009,24,6,5,12,0,12,22
UTTAR PRADESH,BIJNOR,2009,79,40,11,30,0,30,87
UTTAR PRADESH,BULANDSHAHAR,2009,118,130,29,38,0,38,102
UTTAR PRADESH,CHANDOLI,2009,25,18,9,3,0,3,23
UTTAR PRADESH,CHITRAKOOT DHAM,2009,21,6,4,20,0,20,14
UTTAR PRADESH,DEORIA,2009,19,20,17,9,0,9,44
UTTAR PRADESH,ETAH,2009,64,96,18,18,0,18,54
UTTAR PRADESH,ETAWAH,2009,45,53,11,5,0,5,75
UTTAR PRADESH,FAIZABAD,2009,30,18,12,22,0,22,74
UTTAR PRADESH,FATEHGARH,2009,62,59,26,17,0,17,69
UTTAR PRADESH,FATEHPUR,2009,70,28,23,28,0,28,53
UTTAR PRADESH,FIROZABAD,2009,117,106,14,26,0,26,142
UTTAR PRADESH,G.R.P.,2009,18,13,4,1,0,1,3
UTTAR PRADESH,GAUTAMBUDH NAGAR,2009,78,95,19,24,0,24,83
UTTAR PRADESH,GHAZIABAD,2009,254,277,31,53,0,53,491
UTTAR PRADESH,GHAZIPUR,2009,37,35,22,3,0,3,21
UTTAR PRADESH,GONDA,2009,59,37,30,29,0,29,88
UTTAR PRADESH,GORAKHPUR,2009,79,56,37,43,0,43,107
UTTAR PRADESH,HAMIRPUR,2009,30,6,17,16,0,16,18
UTTAR PRADESH,HARDOI,2009,76,55,36,29,0,29,91
UTTAR PRADESH,HATHRAS,2009,53,48,11,22,0,22,73
UTTAR PRADESH,J.P.NAGAR,2009,47,44,9,26,0,26,43
UTTAR PRADESH,JALAUN,2009,37,13,12,11,0,11,33
UTTAR PRADESH,JAUNPUR,2009,46,59,34,18,0,18,90
UTTAR PRADESH,JHANSI,2009,40,14,22,14,0,14,43
UTTAR PRADESH,KANNAUJ,2009,41,26,12,8,0,8,56
UTTAR PRADESH,KANPUR DEHAT,2009,33,34,20,17,0,17,88
UTTAR PRADESH,KANPUR NAGAR,2009,143,84,45,40,0,40,282
UTTAR PRADESH,KANSHIRAM NAGAR,2009,44,41,17,15,0,15,42
UTTAR PRADESH,KAUSHAMBI,2009,50,17,17,15,0,15,41
UTTAR PRADESH,KHIRI,2009,67,52,36,37,0,37,88
UTTAR PRADESH,KUSHI NAGAR,2009,24,10,18,9,0,9,20
UTTAR PRADESH,LALITPUR,2009,21,6,11,13,0,13,12
UTTAR PRADESH,LUCKNOW,2009,114,86,26,56,0,56,323
UTTAR PRADESH,MAHARAJGANJ,2009,28,6,9,17,0,17,28
UTTAR PRADESH,MAHOBA,2009,16,6,8,11,0,11,24
UTTAR PRADESH,MAINPURI,2009,75,75,13,16,0,16,83
UTTAR PRADESH,MATHURA,2009,87,93,19,20,0,20,76
UTTAR PRADESH,MAU,2009,29,46,17,15,0,15,50
UTTAR PRADESH,MEERUT,2009,175,165,25,46,0,46,193
UTTAR PRADESH,MIRZAPUR,2009,32,6,14,11,0,11,14
UTTAR PRADESH,MORADABAD,2009,133,111,28,69,0,69,197
UTTAR PRADESH,MUZAFFARNAGAR,2009,195,186,49,58,0,58,162
UTTAR PRADESH,PILIBHIT,2009,30,24,7,15,0,15,61
UTTAR PRADESH,PRATAPGARH,2009,42,59,20,22,0,22,84
UTTAR PRADESH,RAIBAREILLY,2009,62,41,22,30,0,30,67
UTTAR PRADESH,RAMPUR,2009,82,93,14,51,0,51,105
UTTAR PRADESH,SAHARANPUR,2009,77,48,33,14,0,14,41
UTTAR PRADESH,SANT KABIRNAGAR,2009,11,7,7,13,0,13,29
UTTAR PRADESH,SHAHJAHANPUR,2009,107,123,35,43,0,43,107
UTTAR PRADESH,SHRAWASTI,2009,12,6,4,8,0,8,23
UTTAR PRADESH,SIDHARTHNAGAR,2009,14,8,7,9,0,9,30
UTTAR PRADESH,SITAPUR,2009,100,65,34,61,0,61,156
UTTAR PRADESH,SONBHADRA,2009,37,10,25,25,0,25,30
UTTAR PRADESH,ST.RAVIDASNAGAR,2009,9,15,2,3,0,3,9
UTTAR PRADESH,SULTANPUR,2009,38,71,27,16,0,16,71
UTTAR PRADESH,UNNAO,2009,55,52,28,48,0,48,96
UTTAR PRADESH,VARANASI,2009,32,43,11,10,0,10,41
UTTAR PRADESH,TOTAL,2009,4534,4141,1439,1759,0,1759,6083
UTTARAKHAND,ALMORA,2009,9,3,3,4,0,4,5
UTTARAKHAND,BAGESHWAR,2009,3,0,1,3,0,3,1
UTTARAKHAND,CHAMOLI,2009,3,1,1,1,0,1,0
UTTARAKHAND,CHAMPAWAT,2009,4,5,2,1,0,1,2
UTTARAKHAND,DEHRADUN,2009,24,41,11,30,0,30,76
UTTARAKHAND,HARIDWAR,2009,67,58,11,26,0,26,68
UTTARAKHAND,NAINITAL,2009,24,20,3,14,0,14,37
UTTARAKHAND,PAURI GARHWAL,2009,8,3,2,4,0,4,13
UTTARAKHAND,PITHORAGARH,2009,2,3,2,0,0,0,1
UTTARAKHAND,RUDRA PRAYAG,2009,0,0,0,2,0,2,2
UTTARAKHAND,TEHRI GARHWAL,2009,0,2,2,1,0,1,3
UTTARAKHAND,UDHAMSINGH NAGAR,2009,50,49,12,21,0,21,60
UTTARAKHAND,UTTARKASHI,2009,1,0,1,4,0,4,7
UTTARAKHAND,TOTAL,2009,195,185,51,111,0,111,275
WEST BENGAL,24 PARGANAS NORTH,2009,229,238,241,166,0,166,368
WEST BENGAL,24 PARGANAS SOUTH,2009,212,3,35,280,0,280,128
WEST BENGAL,ASANSOL,2009,32,7,10,13,0,13,27
WEST BENGAL,BANKURA,2009,69,28,10,33,0,33,36
WEST BENGAL,BIRBHUM,2009,92,22,20,52,0,52,52
WEST BENGAL,BURDWAN,2009,129,52,66,55,0,55,135
WEST BENGAL,COOCHBEHAR,2009,52,140,7,139,0,139,151
WEST BENGAL,DAKSHIN DINAJPUR,2009,28,97,9,49,0,49,56
WEST BENGAL,DARJEELING,2009,50,2,11,54,0,54,50
WEST BENGAL,HOOGHLY,2009,98,37,71,48,0,48,94
WEST BENGAL,HOWRAH,2009,93,13,27,39,0,39,130
WEST BENGAL,HOWRAH G.R.P.,2009,13,15,3,1,0,1,2
WEST BENGAL,JALPAIGURI,2009,112,100,31,193,0,193,206
WEST BENGAL,KHARAGPUR G.R.P.,2009,6,1,0,0,0,0,0
WEST BENGAL,KOLKATA,2009,41,71,42,42,0,42,129
WEST BENGAL,MALDA,2009,74,152,42,197,0,197,178
WEST BENGAL,MURSHIDABAD,2009,184,607,53,568,0,568,408
WEST BENGAL,NADIA,2009,135,372,81,175,0,175,297
WEST BENGAL,PASCHIM MIDNAPUR,2009,198,68,123,57,0,57,79
WEST BENGAL,PURAB MIDNAPUR,2009,81,6,28,41,0,41,90
WEST BENGAL,PURULIA,2009,71,0,5,53,0,53,27
WEST BENGAL,SEALDAH G.R.P.,2009,15,2,1,1,0,1,6
WEST BENGAL,SILIGURI G.R.P.,2009,2,0,1,0,0,0,1
WEST BENGAL,UTTAR DINAJPUR,2009,52,86,14,80,0,80,100
WEST BENGAL,TOTAL,2009,2068,2119,931,2336,0,2336,2750
A & N ISLANDS,ANDAMAN,2009,15,4,3,18,0,18,16
A & N ISLANDS,NICOBAR,2009,0,0,1,0,0,0,0
A & N ISLANDS,TOTAL,2009,15,4,4,18,0,18,16
CHANDIGARH,CHANDIGARH,2009,22,18,8,29,0,29,40
CHANDIGARH,TOTAL,2009,22,18,8,29,0,29,40
D & N HAVELI,D and N HAVELI,2009,10,5,1,4,0,4,12
D & N HAVELI,TOTAL,2009,10,5,1,4,0,4,12
DAMAN & DIU,DAMAN,2009,5,4,1,1,0,1,0
DAMAN & DIU,DIU,2009,0,0,0,0,0,0,0
DAMAN & DIU,TOTAL,2009,5,4,1,1,0,1,0
DELHI UT,CAW,2009,0,0,0,0,0,0,0
DELHI UT,CENTRAL,2009,28,25,8,28,0,28,93
DELHI UT,CRIME BRANCH,2009,1,8,0,2,0,2,0
DELHI UT,DELHI UT TOTAL,2009,552,369,84,469,0,469,2536
DELHI UT,EAST,2009,56,50,5,52,0,52,299
DELHI UT,EOW,2009,0,0,0,0,0,0,0
DELHI UT,GRP(RLY),2009,9,5,0,4,0,4,11
DELHI UT,IGI AIRPORT,2009,1,0,1,0,0,0,2
DELHI UT,NEW DELHI,2009,5,3,2,6,0,6,46
DELHI UT,NORTH,2009,44,19,6,19,0,19,140
DELHI UT,NORTH-EAST,2009,74,56,5,47,0,47,375
DELHI UT,NORTH-WEST,2009,56,48,4,54,0,54,218
DELHI UT,OUTER,2009,74,44,10,41,0,41,332
DELHI UT,SOUTH,2009,42,16,4,42,0,42,133
DELHI UT,SOUTH-EAST,2009,48,29,5,59,0,59,318
DELHI UT,SOUTH-WEST,2009,65,27,15,52,0,52,241
DELHI UT,STF,2009,0,4,0,0,0,0,0
DELHI UT,WEST,2009,49,35,19,63,0,63,328
LAKSHADWEEP,LAKSHADWEEP,2009,0,1,0,1,0,1,0
LAKSHADWEEP,TOTAL,2009,0,1,0,1,0,1,0
PUDUCHERRY,KARAIKAL,2009,6,2,0,0,0,0,1
PUDUCHERRY,PUDUCHERRY,2009,31,23,5,1,0,1,17
PUDUCHERRY,TOTAL,2009,37,25,5,1,0,1,18
ANDHRA PRADESH,ADILABAD,2010,98,90,9,48,0,48,55
ANDHRA PRADESH,ANANTAPUR,2010,137,101,7,20,0,20,81
ANDHRA PRADESH,CHITTOOR,2010,100,50,1,44,0,44,85
ANDHRA PRADESH,CUDDAPAH,2010,99,40,5,39,0,39,63
ANDHRA PRADESH,CYBERABAD,2010,187,84,10,95,0,95,150
ANDHRA PRADESH,EAST GODAVARI,2010,71,91,23,66,0,66,51
ANDHRA PRADESH,GUNTAKAL RLY.,2010,8,1,0,0,0,0,4
ANDHRA PRADESH,GUNTUR,2010,107,107,1,38,0,38,55
ANDHRA PRADESH,GUNTUR URBAN,2010,43,26,1,12,0,12,27
ANDHRA PRADESH,HYDERABAD CITY,2010,134,143,8,45,0,45,121
ANDHRA PRADESH,KARIMNAGAR,2010,139,86,8,65,0,65,158
ANDHRA PRADESH,KHAMMAM,2010,93,70,4,62,0,62,71
ANDHRA PRADESH,KRISHNA,2010,80,79,1,54,0,54,75
ANDHRA PRADESH,KURNOOL,2010,156,145,6,49,0,49,85
ANDHRA PRADESH,MAHABOOBNAGAR,2010,177,58,14,89,0,89,87
ANDHRA PRADESH,MEDAK,2010,96,59,11,49,0,49,83
ANDHRA PRADESH,NALGONDA,2010,118,68,5,68,0,68,81
ANDHRA PRADESH,NELLORE,2010,72,86,2,28,0,28,77
ANDHRA PRADESH,NIZAMABAD,2010,98,45,8,62,0,62,65
ANDHRA PRADESH,PRAKASHAM,2010,98,99,2,29,0,29,84
ANDHRA PRADESH,RAJAHMUNDRY,2010,21,20,1,10,0,10,30
ANDHRA PRADESH,RANGA REDDY,2010,33,26,5,19,0,19,21
ANDHRA PRADESH,SECUNDERABAD RLY.,2010,2,0,0,1,0,1,1
ANDHRA PRADESH,SRIKAKULAM,2010,31,43,0,35,0,35,31
ANDHRA PRADESH,TIRUPATHI URBAN,2010,31,35,0,10,0,10,26
ANDHRA PRADESH,VIJAYAWADA CITY,2010,33,49,1,25,0,25,87
ANDHRA PRADESH,VIJAYAWADA RLY.,2010,3,1,0,1,0,1,0
ANDHRA PRADESH,VISAKHA RURAL,2010,79,26,2,42,0,42,27
ANDHRA PRADESH,VISAKHAPATNAM,2010,24,25,4,53,0,53,34
ANDHRA PRADESH,VIZIANAGARAM,2010,26,40,2,32,0,32,19
ANDHRA PRADESH,WARANGAL,2010,49,19,5,28,0,28,49
ANDHRA PRADESH,WARANGAL URBAN,2010,21,16,1,17,0,17,28
ANDHRA PRADESH,WEST GODAVARI,2010,74,125,8,127,0,127,142
ANDHRA PRADESH,TOTAL,2010,2538,1953,155,1362,0,1362,2053
ARUNACHAL PRADESH,ANJAW,2010,1,0,0,1,0,1,0
ARUNACHAL PRADESH,CHANGLANG,2010,5,1,0,4,0,4,7
ARUNACHAL PRADESH,DIBANG VALLEY,2010,3,1,0,3,0,3,3
ARUNACHAL PRADESH,K/KUMEY,2010,8,1,0,0,0,0,1
ARUNACHAL PRADESH,KAMENG EAST,2010,5,1,0,1,0,1,5
ARUNACHAL PRADESH,KAMENG WEST,2010,6,4,1,0,0,0,4
ARUNACHAL PRADESH,LOHIT,2010,7,4,0,9,0,9,5
ARUNACHAL PRADESH,PAPUM PARE,2010,7,5,0,4,0,4,15
ARUNACHAL PRADESH,RURAL,2010,3,2,0,3,0,3,2
ARUNACHAL PRADESH,SIANG EAST,2010,5,3,1,8,0,8,7
ARUNACHAL PRADESH,SIANG UPPER,2010,3,0,0,1,0,1,1
ARUNACHAL PRADESH,SIANG WEST,2010,9,1,0,6,0,6,6
ARUNACHAL PRADESH,SUBANSIRI LOWER,2010,3,3,0,0,0,0,3
ARUNACHAL PRADESH,SUBANSIRI UPPER,2010,5,3,0,5,0,5,4
ARUNACHAL PRADESH,TAWANG,2010,1,0,0,1,0,1,0
ARUNACHAL PRADESH,TIRAP,2010,4,4,1,1,0,1,4
ARUNACHAL PRADESH,UPPER DIBANG VALLEY,2010,0,1,0,0,0,0,0
ARUNACHAL PRADESH,TOTAL,2010,75,34,3,47,0,47,67
ASSAM,BARPETA,2010,52,15,0,109,0,109,177
ASSAM,BASKA,2010,58,15,0,23,0,23,48
ASSAM,BONGAIGAON,2010,27,15,5,51,0,51,74
ASSAM,C.I.D.,2010,0,0,0,0,0,0,1
ASSAM,CACHAR,2010,54,6,0,73,0,73,173
ASSAM,CHIRANG,2010,21,2,0,28,0,28,45
ASSAM,DARRANG,2010,27,7,2,97,0,97,139
ASSAM,DHEMAJI,2010,20,14,0,75,0,75,78
ASSAM,DHUBRI,2010,45,18,3,181,2,179,241
ASSAM,DIBRUGARH,2010,85,0,5,54,0,54,136
ASSAM,G.R.P.,2010,3,0,0,0,0,0,7
ASSAM,GOALPARA,2010,31,0,0,119,0,119,121
ASSAM,GOLAGHAT,2010,52,21,0,40,0,40,86
ASSAM,GUWAHATI CITY,2010,52,38,4,70,0,70,386
ASSAM,HAILAKANDI,2010,22,3,0,72,0,72,74
ASSAM,JORHAT,2010,50,6,1,51,0,51,68
ASSAM,KAMRUP,2010,38,21,0,51,0,51,120
ASSAM,KARBI ANGLONG,2010,33,15,2,19,0,19,45
ASSAM,KARIMGANJ,2010,38,6,0,36,0,36,54
ASSAM,KOKRAJHAR,2010,43,28,0,30,0,30,78
ASSAM,LAKHIMPUR,2010,45,17,3,39,0,39,128
ASSAM,MORIGAON,2010,15,10,6,74,0,74,93
ASSAM,N.C.HILLS,2010,17,8,5,3,0,3,19
ASSAM,NAGAON,2010,83,67,5,148,3,145,302
ASSAM,NALBARI,2010,24,17,0,24,0,24,56
ASSAM,R.P.O.,2010,6,0,0,7,0,7,2
ASSAM,SIBSAGAR,2010,60,24,4,75,0,75,142
ASSAM,SONITPUR,2010,81,10,0,80,0,80,191
ASSAM,TINSUKIA,2010,96,17,1,55,0,55,112
ASSAM,UDALGURI,2010,45,31,0,37,0,37,54
ASSAM,TOTAL,2010,1223,431,46,1721,5,1716,3250
BIHAR,ARARIA,2010,53,42,15,42,0,42,84
BIHAR,ARWAL,2010,23,42,3,3,0,3,13
BIHAR,AURANGABAD,2010,97,10,2,12,0,12,58
BIHAR,BAGAHA,2010,41,61,4,10,0,10,66
BIHAR,BANKA,2010,71,44,6,13,0,13,53
BIHAR,BEGUSARAI,2010,126,156,2,20,0,20,92
BIHAR,BETTIAH,2010,63,3,4,18,0,18,111
BIHAR,BHABHUA,2010,65,54,0,6,0,6,39
BIHAR,BHAGALPUR,2010,73,135,4,22,0,22,86
BIHAR,BHOJPUR,2010,111,36,0,15,0,15,72
BIHAR,BUXAR,2010,57,98,1,12,0,12,55
BIHAR,DARBHANGA,2010,59,167,23,18,0,18,97
BIHAR,GAYA,2010,139,35,12,22,0,22,109
BIHAR,GOPALGANJ,2010,76,53,3,18,0,18,109
BIHAR,JAMALPUR RLY.,2010,3,1,1,0,0,0,7
BIHAR,JAMUI,2010,81,143,19,20,0,20,57
BIHAR,JEHANABAD,2010,43,13,3,8,0,8,42
BIHAR,KATIHAR,2010,90,47,2,55,0,55,119
BIHAR,KATIHAR RLY.,2010,14,1,0,1,0,1,8
BIHAR,KHAGARIA,2010,63,104,7,5,0,5,36
BIHAR,KISHANGANJ,2010,36,41,7,24,0,24,50
BIHAR,LAKHISARAI,2010,43,45,0,10,0,10,40
BIHAR,MADHEPURA,2010,54,81,1,11,0,11,61
BIHAR,MADHUBANI,2010,73,10,0,30,0,30,141
BIHAR,MOTIHARI,2010,169,417,66,25,0,25,173
BIHAR,MUNGER,2010,82,98,1,11,0,11,80
BIHAR,MUZAFFARPUR,2010,148,11,12,52,0,52,229
BIHAR,MUZAFFARPUR RLY.,2010,15,19,0,1,0,1,7
BIHAR,NALANDA,2010,117,75,19,26,0,26,93
BIHAR,NAUGACHIA,2010,39,31,5,8,0,8,36
BIHAR,NAWADAH,2010,73,17,2,11,0,11,65
BIHAR,PATNA,2010,304,20,5,50,0,50,283
BIHAR,PATNA RLY.,2010,10,8,2,1,0,1,10
BIHAR,PURNEA,2010,80,130,11,40,0,40,106
BIHAR,ROHTAS,2010,132,82,45,27,0,27,115
BIHAR,SAHARSA,2010,39,102,0,7,0,7,51
BIHAR,SAMASTIPUR,2010,119,215,12,36,0,36,189
BIHAR,SARAN,2010,112,90,16,23,0,23,136
BIHAR,SHEIKHPURA,2010,22,2,0,2,0,2,22
BIHAR,SHEOHAR,2010,21,3,0,3,0,3,17
BIHAR,SITAMARHI,2010,68,30,3,9,0,9,60
BIHAR,SIWAN,2010,78,69,0,19,0,19,133
BIHAR,SUPAUL,2010,52,29,12,19,0,19,67
BIHAR,VAISHALI,2010,128,45,14,30,0,30,197
BIHAR,TOTAL,2010,3362,2915,344,795,0,795,3674
CHHATTISGARH,BALRAMPUR,2010,30,20,1,61,0,61,12
CHHATTISGARH,BILASPUR,2010,106,49,1,69,0,69,38
CHHATTISGARH,BIZAPUR,2010,73,102,1,3,0,3,10
CHHATTISGARH,DANTEWARA,2010,63,83,0,9,0,9,8
CHHATTISGARH,DHAMTARI,2010,18,5,0,40,0,40,10
CHHATTISGARH,DURG,2010,85,58,3,106,0,106,39
CHHATTISGARH,GRP RAIPUR,2010,1,3,0,1,0,1,2
CHHATTISGARH,JAGDALPUR,2010,66,48,0,48,0,48,17
CHHATTISGARH,JANJGIR,2010,47,21,3,39,0,39,9
CHHATTISGARH,JASHPUR,2010,62,15,1,69,0,69,24
CHHATTISGARH,KABIRDHAM,2010,22,8,3,19,0,19,8
CHHATTISGARH,KANKER,2010,42,51,0,18,0,18,11
CHHATTISGARH,KORBA,2010,41,12,2,32,0,32,7
CHHATTISGARH,KORIYA,2010,32,13,1,58,0,58,21
CHHATTISGARH,MAHASAMUND,2010,34,15,0,26,0,26,7
CHHATTISGARH,NARAYANPUR,2010,18,41,0,3,0,3,9
CHHATTISGARH,RAIGARH,2010,67,37,4,52,0,52,19
CHHATTISGARH,RAIPUR,2010,102,86,4,136,0,136,49
CHHATTISGARH,RAJNANDGAON,2010,47,39,1,43,0,43,18
CHHATTISGARH,SARGUJA,2010,51,38,3,103,0,103,25
CHHATTISGARH,SURAJPUR,2010,58,12,2,77,0,77,16
CHHATTISGARH,TOTAL,2010,1065,756,30,1012,0,1012,359
GOA,NORTH GOA,2010,25,12,2,12,0,12,10
GOA,SOUTH GOA,2010,10,15,1,24,0,24,15
GOA,TOTAL,2010,35,27,3,36,0,36,25
GUJARAT,AHMEDABAD COMMR.,2010,82,66,4,49,0,49,207
GUJARAT,AHMEDABAD RURAL,2010,31,17,3,8,0,8,44
GUJARAT,AHWA-DANG,2010,11,1,0,1,0,1,0
GUJARAT,AMRELI,2010,19,5,3,10,0,10,65
GUJARAT,ANAND,2010,24,8,3,15,0,15,45
GUJARAT,BHARUCH,2010,37,15,0,9,0,9,27
GUJARAT,BHAVNAGAR,2010,50,29,2,8,0,8,62
GUJARAT,CID CRIME,2010,3,0,0,1,0,1,0
GUJARAT,DAHOD,2010,39,16,8,3,0,3,54
GUJARAT,GANDHINAGAR,2010,16,9,1,13,0,13,29
GUJARAT,HIMATNAGAR,2010,28,17,2,18,0,18,52
GUJARAT,JAMNAGAR,2010,44,26,0,14,0,14,32
GUJARAT,JUNAGADH,2010,48,19,0,19,0,19,68
GUJARAT,KHEDA NORTH,2010,35,10,0,16,0,16,63
GUJARAT,KUTCH,2010,37,17,0,8,0,8,36
GUJARAT,MEHSANA,2010,22,15,3,8,0,8,66
GUJARAT,NARMADA,2010,17,2,1,7,0,7,4
GUJARAT,NAVSARI,2010,22,2,0,6,0,6,19
GUJARAT,PALANPUR,2010,40,23,1,38,0,38,110
GUJARAT,PANCHMAHAL,2010,47,10,2,13,0,13,58
GUJARAT,PATAN,2010,11,9,0,11,0,11,38
GUJARAT,PORBANDAR,2010,9,7,0,2,0,2,12
GUJARAT,RAJKOT COMMR.,2010,38,22,1,12,0,12,39
GUJARAT,RAJKOT RURAL,2010,41,23,1,24,0,24,69
GUJARAT,SURAT COMMR.,2010,87,19,1,23,0,23,82
GUJARAT,SURAT RURAL,2010,41,8,0,6,0,6,25
GUJARAT,SURENDRANAGAR,2010,24,12,2,29,0,29,29
GUJARAT,TAPI,2010,19,2,1,3,0,3,1
GUJARAT,VADODARA COMMR.,2010,23,25,1,7,0,7,36
GUJARAT,VADODARA RURAL,2010,66,16,4,16,0,16,55
GUJARAT,VALSAD,2010,29,10,0,11,0,11,14
GUJARAT,W.RLY,2010,8,2,0,0,0,0,6
GUJARAT,TOTAL,2010,1048,462,44,408,0,408,1447
HARYANA,AMBALA,2010,35,30,1,30,0,30,33
HARYANA,BHIWANI,2010,61,38,1,30,0,30,52
HARYANA,FARIDABAD,2010,70,49,5,51,0,51,102
HARYANA,FATEHABAD,2010,27,33,2,21,0,21,33
HARYANA,GRP,2010,22,4,0,1,0,1,3
HARYANA,GURGAON,2010,84,59,3,45,0,45,58
HARYANA,HISSAR,2010,91,74,1,25,0,25,84
HARYANA,JHAJJAR,2010,51,50,5,36,0,36,42
HARYANA,JIND,2010,53,40,4,29,0,29,35
HARYANA,KAITHAL,2010,30,24,2,28,0,28,27
HARYANA,KARNAL,2010,49,50,2,52,0,52,33
HARYANA,KURUKSHETRA,2010,34,21,2,36,0,36,34
HARYANA,MAHENDRAGARH,2010,31,19,3,28,0,28,40
HARYANA,MEWAT,2010,26,36,3,28,0,28,36
HARYANA,PALWAL,2010,34,44,6,41,0,41,41
HARYANA,PANCHKULA,2010,20,6,1,10,0,10,16
HARYANA,PANIPAT,2010,32,31,10,55,0,55,65
HARYANA,REWARI,2010,29,29,0,25,0,25,33
HARYANA,ROHTAK,2010,72,53,6,51,0,51,32
HARYANA,SIRSA,2010,45,33,1,39,0,39,47
HARYANA,SONIPAT,2010,81,66,3,27,0,27,75
HARYANA,YAMUNANAGAR,2010,28,47,2,32,0,32,42
HARYANA,TOTAL,2010,1005,836,63,720,0,720,963
HIMACHAL PRADESH,BADDIPOLICEDIST,2010,9,6,0,5,0,5,9
HIMACHAL PRADESH,BILASPUR,2010,9,10,2,15,0,15,8
HIMACHAL PRADESH,CHAMBA,2010,5,4,1,13,0,13,22
HIMACHAL PRADESH,CID,2010,0,0,0,0,0,0,0
HIMACHAL PRADESH,G.R.P.,2010,1,0,0,0,0,0,0
HIMACHAL PRADESH,HAMIRPUR,2010,11,4,3,11,0,11,19
HIMACHAL PRADESH,KANGRA,2010,27,12,2,22,0,22,38
HIMACHAL PRADESH,KINNAUR,2010,4,0,0,2,0,2,2
HIMACHAL PRADESH,KULLU,2010,11,5,0,17,0,17,9
HIMACHAL PRADESH,LAHAUL-SPITI,2010,0,1,0,0,0,0,0
HIMACHAL PRADESH,MANDI,2010,11,11,0,19,0,19,19
HIMACHAL PRADESH,SHIMLA,2010,20,6,1,21,0,21,23
HIMACHAL PRADESH,SIRMAUR,2010,10,5,1,15,0,15,14
HIMACHAL PRADESH,SOLAN,2010,5,6,1,11,0,11,13
HIMACHAL PRADESH,UNA,2010,9,4,1,9,0,9,18
HIMACHAL PRADESH,TOTAL,2010,132,74,12,160,0,160,194
JAMMU & KASHMIR,ANANTNAG,2010,7,15,0,7,0,7,75
JAMMU & KASHMIR,AWANTIPORA,2010,2,2,0,2,0,2,17
JAMMU & KASHMIR,BANDIPORA,2010,14,13,0,4,0,4,45
JAMMU & KASHMIR,BARAMULLA,2010,10,10,2,7,0,7,57
JAMMU & KASHMIR,BUDGAM,2010,2,25,4,7,0,7,67
JAMMU & KASHMIR,CRIME JAMMU,2010,0,0,0,0,0,0,0
JAMMU & KASHMIR,CRIME KASHMIR,2010,0,0,0,0,0,0,0
JAMMU & KASHMIR,DODA,2010,5,32,0,21,0,21,59
JAMMU & KASHMIR,GANDERBAL,2010,4,3,0,1,0,1,15
JAMMU & KASHMIR,HANDWARA,2010,10,36,0,1,0,1,36
JAMMU & KASHMIR,JAMMU,2010,23,86,5,36,0,36,81
JAMMU & KASHMIR,KARGIL,2010,1,0,0,0,0,0,1
JAMMU & KASHMIR,KATHUA,2010,11,20,2,17,0,17,19
JAMMU & KASHMIR,KISHTWAR,2010,9,24,0,3,0,3,26
JAMMU & KASHMIR,KULGAM,2010,6,15,0,4,0,4,45
JAMMU & KASHMIR,KUPWARA,2010,7,25,1,3,0,3,33
JAMMU & KASHMIR,LEH,2010,1,1,0,2,0,2,4
JAMMU & KASHMIR,POONCH,2010,12,37,1,20,0,20,39
JAMMU & KASHMIR,PULWAMA,2010,4,10,2,8,0,8,33
JAMMU & KASHMIR,RAILWAYS,2010,0,0,0,0,0,0,1
JAMMU & KASHMIR,RAILWAYS,2010,1,0,1,1,0,1,0
JAMMU & KASHMIR,RAJOURI,2010,15,36,6,36,0,36,47
JAMMU & KASHMIR,RAMBAN,2010,3,9,0,6,0,6,17
JAMMU & KASHMIR,REASI,2010,5,15,1,8,0,8,12
JAMMU & KASHMIR,SAMBA,2010,9,13,1,5,0,5,4
JAMMU & KASHMIR,SHOPIAN,2010,4,22,0,9,0,9,47
JAMMU & KASHMIR,SOPORE,2010,30,67,0,9,0,9,38
JAMMU & KASHMIR,SRINAGAR,2010,15,186,0,13,0,13,68
JAMMU & KASHMIR,UDHAMPUR,2010,7,9,0,15,0,15,10
JAMMU & KASHMIR,TOTAL,2010,217,711,26,245,0,245,896
JHARKHAND,BOKARO,2010,70,7,0,28,0,28,64
JHARKHAND,CHAIBASA,2010,119,47,0,48,0,48,24
JHARKHAND,CHATRA,2010,31,36,1,11,0,11,26
JHARKHAND,DEOGHAR,2010,58,17,3,33,0,33,28
JHARKHAND,DHANBAD,2010,58,31,10,32,0,32,95
JHARKHAND,DHANBAD RLY.,2010,5,0,0,1,0,1,4
JHARKHAND,DUMKA,2010,57,16,4,52,0,52,38
JHARKHAND,GARHWA,2010,61,91,0,21,0,21,27
JHARKHAND,GIRIDIH,2010,59,55,0,37,0,37,58
JHARKHAND,GODDA,2010,57,104,3,26,0,26,42
JHARKHAND,GUMLA,2010,153,66,11,57,0,57,44
JHARKHAND,HAZARIBAGH,2010,69,50,5,30,0,30,53
JHARKHAND,JAMSHEDPUR,2010,113,36,15,38,0,38,89
JHARKHAND,JAMSHEDPUR RLY.,2010,8,0,1,0,0,0,4
JHARKHAND,JAMTARA,2010,25,54,1,9,0,9,9
JHARKHAND,KHUNTI,2010,71,7,2,2,0,2,7
JHARKHAND,KODERMA,2010,29,44,1,15,0,15,23
JHARKHAND,LATEHAR,2010,43,32,0,16,0,16,25
JHARKHAND,LOHARDAGGA,2010,35,0,1,39,0,39,24
JHARKHAND,PAKUR,2010,32,4,6,45,0,45,17
JHARKHAND,PALAMU,2010,89,151,0,27,0,27,63
JHARKHAND,RAMGARH,2010,40,10,3,13,0,13,23
JHARKHAND,RANCHI,2010,183,55,8,92,0,92,128
JHARKHAND,SAHEBGANJ,2010,71,51,3,51,0,51,33
JHARKHAND,SARAIKELA,2010,65,49,4,32,0,32,16
JHARKHAND,SIMDEGA,2010,88,15,0,18,0,18,14
JHARKHAND,TOTAL,2010,1689,1028,82,773,0,773,978
KARNATAKA,BAGALKOT,2010,51,28,0,9,0,9,11
KARNATAKA,BANGALORE COMMR.,2010,266,445,5,65,0,65,513
KARNATAKA,BANGALORE RURAL,2010,100,50,1,16,0,16,30
KARNATAKA,BELGAUM,2010,124,106,2,42,0,42,62
KARNATAKA,BELLARY,2010,58,40,0,12,0,12,20
KARNATAKA,BIDAR,2010,41,39,1,8,0,8,26
KARNATAKA,BIJAPUR,2010,59,49,1,13,0,13,43
KARNATAKA,CBPURA,2010,39,41,11,9,0,9,30
KARNATAKA,CHAMARAJNAGAR,2010,31,18,0,12,0,12,6
KARNATAKA,CHICKMAGALUR,2010,26,32,2,19,0,19,28
KARNATAKA,CHITRADURGA,2010,40,34,3,26,0,26,39
KARNATAKA,DAKSHIN KANNADA,2010,43,47,1,16,0,16,16
KARNATAKA,DAVANAGERE,2010,29,25,6,16,0,16,20
KARNATAKA,DHARWAD COMMR.,2010,17,16,0,1,0,1,20
KARNATAKA,DHARWAD RURAL,2010,28,33,1,8,0,8,14
KARNATAKA,GADAG,2010,27,11,0,6,0,6,8
KARNATAKA,GULBARGA,2010,89,103,3,34,0,34,75
KARNATAKA,HASSAN,2010,61,83,4,23,0,23,34
KARNATAKA,HAVERI,2010,28,23,4,6,0,6,23
KARNATAKA,K.G.F.,2010,16,12,0,7,0,7,16
KARNATAKA,KODAGU,2010,37,30,0,20,0,20,15
KARNATAKA,KOLAR,2010,40,54,2,12,0,12,18
KARNATAKA,KOPPAL,2010,28,27,14,10,0,10,21
KARNATAKA,MANDYA,2010,83,62,1,30,0,30,47
KARNATAKA,MYSORE COMMR.,2010,30,51,0,7,0,7,24
KARNATAKA,MYSORE RURAL,2010,80,72,0,43,0,43,37
KARNATAKA,RAICHUR,2010,49,47,3,31,0,31,38
KARNATAKA,RAILWAYS,2010,14,0,0,1,0,1,2
KARNATAKA,RAMANAGAR,2010,89,72,0,14,0,14,38
KARNATAKA,SHIMOGA,2010,34,58,2,17,0,17,31
KARNATAKA,TUMKUR,2010,88,57,4,25,0,25,29
KARNATAKA,UDUPI,2010,15,17,1,12,0,12,7
KARNATAKA,UTTAR KANNADA,2010,22,17,22,11,0,11,13
KARNATAKA,YADGIRI,2010,23,51,0,5,0,5,20
KARNATAKA,TOTAL,2010,1805,1850,94,586,0,586,1374
KERALA,ALAPUZHA,2010,27,27,10,40,0,40,21
KERALA,ERNAKULAM COMMR.,2010,4,11,3,20,0,20,8
KERALA,ERNAKULAM RURAL,2010,25,17,11,42,0,42,14
KERALA,IDUKKI,2010,15,37,2,33,0,33,7
KERALA,KANNUR,2010,26,19,6,23,0,23,11
KERALA,KASARGOD,2010,8,9,1,23,0,23,9
KERALA,KOLLAM,2010,40,30,8,55,0,55,36
KERALA,KOTTAYAM,2010,17,23,8,46,0,46,11
KERALA,KOZHIKODE COMMR.,2010,7,3,0,16,0,16,11
KERALA,KOZHIKODE RURAL,2010,16,31,1,35,0,35,17
KERALA,MALAPPURAM,2010,14,34,5,49,0,49,21
KERALA,PALAKKAD,2010,42,24,4,49,0,49,11
KERALA,PATHANAMTHITTA,2010,19,13,0,29,0,29,11
KERALA,RAILWAYS,2010,1,0,0,0,0,0,1
KERALA,THRISSUR,2010,30,37,13,49,0,49,16
KERALA,TRIVANDRUM COMMR.,2010,15,16,3,27,0,27,22
KERALA,TRIVANDRUM RURAL,2010,42,26,11,68,0,68,31
KERALA,WAYANADU,2010,15,4,0,30,0,30,3
KERALA,TOTAL,2010,363,361,86,634,0,634,261
MADHYA PRADESH,ALIRAJPUR,2010,54,56,0,27,0,27,7
MADHYA PRADESH,ANUPPUR,2010,36,7,0,35,0,35,6
MADHYA PRADESH,ASHOK NAGAR,2010,29,29,4,45,0,45,9
MADHYA PRADESH,BALAGHAT,2010,39,17,3,52,0,52,7
MADHYA PRADESH,BARWANI,2010,51,21,3,32,0,32,4
MADHYA PRADESH,BETUL,2010,58,27,0,144,0,144,25
MADHYA PRADESH,BHIND,2010,78,78,4,30,0,30,11
MADHYA PRADESH,BHOPAL,2010,71,73,5,106,0,106,66
MADHYA PRADESH,BHOPAL RLY.,2010,1,2,0,2,0,2,1
MADHYA PRADESH,BURHANPUR,2010,16,5,0,22,0,22,2
MADHYA PRADESH,CHHATARPUR,2010,69,71,4,55,0,55,26
MADHYA PRADESH,CHHINDWARA,2010,86,27,3,102,0,102,17
MADHYA PRADESH,DAMOH,2010,49,65,0,41,0,41,22
MADHYA PRADESH,DATIYA,2010,61,59,0,27,0,27,11
MADHYA PRADESH,DEWAS,2010,47,67,0,89,0,89,28
MADHYA PRADESH,DHAR,2010,71,66,2,89,0,89,42
MADHYA PRADESH,DINDORI,2010,20,2,3,31,0,31,2
MADHYA PRADESH,GUNA,2010,37,34,0,56,0,56,12
MADHYA PRADESH,GWALIOR,2010,99,176,26,71,0,71,102
MADHYA PRADESH,HARDA,2010,25,17,0,40,0,40,9
MADHYA PRADESH,HOSHANGABAD,2010,52,39,3,73,0,73,38
MADHYA PRADESH,INDORE,2010,108,149,4,104,0,104,56
MADHYA PRADESH,INDORE RLY.,2010,1,1,1,0,0,0,1
MADHYA PRADESH,JABALPUR,2010,81,95,0,130,0,130,34
MADHYA PRADESH,JABALPUR RLY.,2010,0,2,0,5,0,5,1
MADHYA PRADESH,JHABUA,2010,26,26,0,35,0,35,14
MADHYA PRADESH,KATNI,2010,37,34,4,69,0,69,16
MADHYA PRADESH,KHANDWA,2010,38,33,1,46,0,46,15
MADHYA PRADESH,KHARGON,2010,49,40,5,71,0,71,14
MADHYA PRADESH,MANDLA,2010,33,13,5,56,0,56,7
MADHYA PRADESH,MANDSAUR,2010,25,31,0,58,0,58,24
MADHYA PRADESH,MORENA,2010,57,94,2,40,0,40,20
MADHYA PRADESH,NARSINGHPUR,2010,45,36,6,65,0,65,6
MADHYA PRADESH,NEEMUCH,2010,20,18,0,12,0,12,14
MADHYA PRADESH,PANNA,2010,25,21,3,47,0,47,11
MADHYA PRADESH,RAISEN,2010,54,44,0,86,0,86,34
MADHYA PRADESH,RAJGARH,2010,36,28,2,73,0,73,34
MADHYA PRADESH,RATLAM,2010,53,49,1,88,0,88,24
MADHYA PRADESH,REWA,2010,51,44,0,81,0,81,45
MADHYA PRADESH,SAGAR,2010,90,123,1,120,0,120,67
MADHYA PRADESH,SATNA,2010,73,49,4,89,0,89,27
MADHYA PRADESH,SEONI,2010,39,20,4,71,0,71,21
MADHYA PRADESH,SHAHDOL,2010,34,17,0,61,0,61,16
MADHYA PRADESH,SHAJAPUR,2010,38,34,1,56,0,56,19
MADHYA PRADESH,SHEOPUR,2010,17,13,0,11,0,11,10
MADHYA PRADESH,SHIVPURI,2010,56,30,8,73,0,73,28
MADHYA PRADESH,SIDHI,2010,32,20,0,44,0,44,29
MADHYA PRADESH,SIHORE,2010,45,48,1,70,0,70,32
MADHYA PRADESH,SINGRAULI,2010,32,20,4,46,0,46,24
MADHYA PRADESH,TIKAMGARH,2010,34,25,2,78,0,78,19
MADHYA PRADESH,UJJAIN,2010,77,120,1,77,0,77,54
MADHYA PRADESH,UMARIYA,2010,14,4,0,23,0,23,2
MADHYA PRADESH,VIDISHA,2010,54,58,3,81,0,81,22
MADHYA PRADESH,TOTAL,2010,2423,2277,123,3135,0,3135,1187
MAHARASHTRA,AHMEDNAGAR,2010,122,75,1,57,0,57,58
MAHARASHTRA,AKOLA,2010,46,66,3,25,0,25,25
MAHARASHTRA,AMRAVATI COMMR.,2010,11,30,4,20,0,20,31
MAHARASHTRA,AMRAVATI RURAL,2010,64,37,1,40,0,40,31
MAHARASHTRA,AURANGABAD COMMR.,2010,38,86,1,23,0,23,40
MAHARASHTRA,AURANGABAD RURAL,2010,49,33,4,16,0,16,16
MAHARASHTRA,BEED,2010,86,74,6,28,0,28,44
MAHARASHTRA,BHANDARA,2010,24,7,4,24,0,24,15
MAHARASHTRA,BULDHANA,2010,59,48,4,29,0,29,21
MAHARASHTRA,CHANDRAPUR,2010,56,29,3,43,0,43,21
MAHARASHTRA,DHULE,2010,48,54,1,18,0,18,12
MAHARASHTRA,GADCHIROLI,2010,58,30,1,16,0,16,11
MAHARASHTRA,GONDIA,2010,29,15,4,28,0,28,18
MAHARASHTRA,HINGOLI,2010,38,36,0,14,0,14,6
MAHARASHTRA,JALGAON,2010,94,71,4,49,0,49,41
MAHARASHTRA,JALNA,2010,51,43,3,11,0,11,13
MAHARASHTRA,KOLHAPUR,2010,52,30,1,27,0,27,22
MAHARASHTRA,LATUR,2010,65,41,0,28,0,28,31
MAHARASHTRA,MUMBAI COMMR.,2010,228,170,7,194,0,194,194
MAHARASHTRA,MUMBAI RLY.,2010,6,7,2,2,0,2,4
MAHARASHTRA,NAGPUR COMMR.,2010,88,69,5,58,0,58,57
MAHARASHTRA,NAGPUR RLY.,2010,10,3,0,1,0,1,3
MAHARASHTRA,NAGPUR RURAL,2010,86,29,3,39,0,39,30
MAHARASHTRA,NANDED,2010,82,67,3,36,0,36,52
MAHARASHTRA,NANDURBAR,2010,43,14,3,20,0,20,14
MAHARASHTRA,NASIK COMMR.,2010,37,32,1,30,0,30,27
MAHARASHTRA,NASIK RURAL,2010,91,49,3,53,0,53,28
MAHARASHTRA,NAVI MUMBAI,2010,57,27,3,27,0,27,23
MAHARASHTRA,OSMANABAD,2010,44,31,1,28,0,28,29
MAHARASHTRA,PARBHANI,2010,41,49,4,20,0,20,36
MAHARASHTRA,PUNE COMMR.,2010,129,94,6,91,0,91,129
MAHARASHTRA,PUNE RLY.,2010,0,1,0,0,0,0,2
MAHARASHTRA,PUNE RURAL,2010,141,81,15,72,0,72,48
MAHARASHTRA,RAIGAD,2010,44,22,5,15,0,15,11
MAHARASHTRA,RATNAGIRI,2010,23,10,1,28,0,28,9
MAHARASHTRA,SANGLI,2010,61,33,5,49,0,49,26
MAHARASHTRA,SATARA,2010,43,59,2,27,0,27,42
MAHARASHTRA,SINDHUDURG,2010,14,7,1,9,0,9,5
MAHARASHTRA,SOLAPUR COMMR.,2010,20,16,4,12,0,12,14
MAHARASHTRA,SOLAPUR RURAL,2010,75,40,6,63,0,63,37
MAHARASHTRA,THANE COMMR.,2010,107,72,3,93,0,93,93
MAHARASHTRA,THANE RURAL,2010,135,46,12,47,0,47,44
MAHARASHTRA,WARDHA,2010,41,29,5,44,0,44,26
MAHARASHTRA,WASHIM,2010,40,21,2,12,0,12,17
MAHARASHTRA,YAVATMAL,2010,68,43,5,33,0,33,52
MAHARASHTRA,TOTAL,2010,2744,1926,152,1599,0,1599,1508
MANIPUR,BISHNUPUR,2010,14,28,0,6,0,6,20
MANIPUR,CHANDEL,2010,3,5,0,0,0,0,1
MANIPUR,CHURACHANDPUR,2010,12,3,0,1,0,1,4
MANIPUR,CID,2010,0,0,0,0,0,0,0
MANIPUR,IMPHAL EAST,2010,19,51,0,6,0,6,43
MANIPUR,IMPHAL WEST,2010,18,114,0,10,0,10,71
MANIPUR,SENAPATI,2010,5,8,0,1,0,1,22
MANIPUR,TAMENGLONG,2010,0,1,0,0,0,0,1
MANIPUR,THOUBAL,2010,18,43,1,9,0,9,37
MANIPUR,UKHRUL,2010,3,5,0,1,0,1,0
MANIPUR,TOTAL,2010,92,258,1,34,0,34,199
MEGHALAYA,GARO HILLS EAST,2010,11,8,0,5,0,5,5
MEGHALAYA,GARO HILLS SOUTH,2010,8,3,0,4,0,4,5
MEGHALAYA,GARO HILLS WEST,2010,20,11,2,15,0,15,24
MEGHALAYA,JAINTIA HILLS,2010,48,5,0,33,0,33,8
MEGHALAYA,KHASI HILLS EAST,2010,24,17,2,41,0,41,16
MEGHALAYA,KHASI HILLS WEST,2010,11,13,4,28,0,28,6
MEGHALAYA,RI-BHOI,2010,12,3,0,23,0,23,7
MEGHALAYA,TOTAL,2010,134,60,8,149,0,149,71
MIZORAM,AIZAWL,2010,23,10,4,34,0,34,3
MIZORAM,CHAMPHAI,2010,5,4,1,20,0,20,0
MIZORAM,KOLASIB,2010,5,2,0,8,0,8,2
MIZORAM,LAWNGTLAI,2010,7,1,0,6,0,6,1
MIZORAM,LUNGLEI,2010,3,4,2,9,0,9,0
MIZORAM,MAMIT,2010,3,4,0,6,0,6,1
MIZORAM,SAIHA,2010,2,1,0,3,0,3,2
MIZORAM,SERCHHIP,2010,0,1,0,6,0,6,0
MIZORAM,TOTAL,2010,48,27,7,92,0,92,9
NAGALAND,DIMAPUR,2010,20,6,3,4,0,4,41
NAGALAND,KIPHIRE,2010,2,2,0,0,0,0,0
NAGALAND,KOHIMA,2010,7,6,6,3,0,3,6
NAGALAND,LONGLENG,2010,0,2,0,0,0,0,0
NAGALAND,MOKOKCHUNG,2010,2,4,1,2,0,2,1
NAGALAND,MON,2010,0,0,0,0,0,0,0
NAGALAND,PEREN,2010,1,1,0,0,0,0,0
NAGALAND,PHEK,2010,4,1,1,1,0,1,1
NAGALAND,TUENSANG,2010,1,2,1,1,0,1,0
NAGALAND,WOKHA,2010,4,6,0,2,0,2,1
NAGALAND,ZUNHEBOTO,2010,4,5,1,3,0,3,0
NAGALAND,TOTAL,2010,45,35,13,16,0,16,50
ODISHA,ANGUL,2010,61,59,0,39,0,39,42
ODISHA,BALASORE,2010,53,40,0,48,0,48,75
ODISHA,BARAGARH,2010,36,89,2,36,0,36,27
ODISHA,BERHAMPUR,2010,20,83,0,11,0,11,16
ODISHA,BHADRAK,2010,32,37,0,33,0,33,52
ODISHA,BOLANGIR,2010,34,119,0,48,0,48,19
ODISHA,BOUDH,2010,11,14,0,7,0,7,7
ODISHA,CUTTACK,2010,30,14,0,26,0,26,26
ODISHA,DCP BBSR,2010,44,56,2,43,0,43,41
ODISHA,DCP CTC,2010,19,12,6,17,0,17,31
ODISHA,DEOGARH,2010,18,12,0,11,0,11,4
ODISHA,DHENKANAL,2010,39,67,0,19,0,19,36
ODISHA,GAJAPATI,2010,12,12,0,6,0,6,17
ODISHA,GANJAM,2010,87,198,0,48,0,48,47
ODISHA,JAGATSINGHPUR,2010,31,12,0,24,0,24,39
ODISHA,JAJPUR,2010,45,32,0,30,0,30,38
ODISHA,JHARSUGUDA,2010,22,32,0,10,0,10,4
ODISHA,KALAHANDI,2010,33,21,0,60,0,60,35
ODISHA,KANDHAMAL,2010,29,13,0,27,0,27,30
ODISHA,KENDRAPARA,2010,50,38,3,38,0,38,36
ODISHA,KEONJHAR,2010,85,62,13,45,0,45,37
ODISHA,KHURDA,2010,16,18,0,41,0,41,39
ODISHA,KORAPUT,2010,26,44,4,41,0,41,23
ODISHA,MALKANGIR,2010,36,35,0,14,0,14,10
ODISHA,MAYURBHANJ,2010,88,62,0,76,0,76,73
ODISHA,NAYAGARH,2010,39,8,0,20,0,20,24
ODISHA,NOWRANGPUR,2010,28,12,0,48,0,48,33
ODISHA,NUAPADA,2010,12,9,0,13,0,13,11
ODISHA,PURI,2010,52,85,0,22,0,22,47
ODISHA,RAYAGADA,2010,33,15,0,28,0,28,33
ODISHA,ROURKELA,2010,72,37,0,26,0,26,19
ODISHA,SAMBALPUR,2010,45,40,0,27,0,27,17
ODISHA,SONEPUR,2010,8,21,0,17,0,17,5
ODISHA,SRP(CUTTACK),2010,3,1,0,0,0,0,2
ODISHA,SRP(ROURKELA),2010,5,3,0,2,0,2,2
ODISHA,SUNDARGARH,2010,54,24,1,24,0,24,19
ODISHA,TOTAL,2010,1308,1436,31,1025,0,1025,1016
PUNJAB,AMRITSAR RURAL,2010,43,37,5,16,0,16,29
PUNJAB,BARNALA,2010,19,35,4,12,0,12,9
PUNJAB,BATALA,2010,20,23,2,26,0,26,26
PUNJAB,BHATINDA,2010,58,65,3,29,0,29,40
PUNJAB,CP AMRITSAR,2010,53,71,7,24,0,24,51
PUNJAB,CP JALANDHAR,2010,29,51,8,22,0,22,57
PUNJAB,CP LUDHIANA,2010,90,92,14,55,0,55,152
PUNJAB,FARIDKOT,2010,21,26,1,10,0,10,7
PUNJAB,FATEHGARH SAHIB,2010,16,7,2,11,0,11,16
PUNJAB,FEROZPUR,2010,59,54,3,39,0,39,35
PUNJAB,G.R.P,2010,9,2,3,0,0,0,2
PUNJAB,GURDASPUR,2010,22,30,13,30,0,30,41
PUNJAB,HOSHIARPUR,2010,51,53,2,26,0,26,38
PUNJAB,JALANDHAR RURAL,2010,46,73,6,39,0,39,33
PUNJAB,KAPURTHALA,2010,27,54,3,12,0,12,25
PUNJAB,KHANNA,2010,21,14,3,7,0,7,15
PUNJAB,LUDHIANA RURAL,2010,20,26,6,11,0,11,11
PUNJAB,MANSA,2010,35,40,1,22,0,22,13
PUNJAB,MOGA,2010,34,47,5,18,0,18,22
PUNJAB,MUKTSAR,2010,27,26,3,12,0,12,15
PUNJAB,PATIALA,2010,52,42,6,26,0,26,37
PUNJAB,ROPAR,2010,27,17,2,14,0,14,18
PUNJAB,SANGRUR,2010,45,47,8,31,0,31,19
PUNJAB,SAS NGR,2010,19,22,3,17,0,17,35
PUNJAB,SBS NAGAR,2010,22,17,4,17,0,17,16
PUNJAB,TARN TARAN,2010,42,23,3,20,0,20,27
PUNJAB,TOTAL,2010,907,994,120,546,0,546,789
RAJASTHAN,AJMER,2010,46,43,15,47,0,47,105
RAJASTHAN,ALWAR,2010,62,51,6,105,0,105,164
RAJASTHAN,BANSWARA,2010,34,15,0,61,0,61,57
RAJASTHAN,BARAN,2010,31,51,8,48,0,48,72
RAJASTHAN,BARMER,2010,26,27,1,34,0,34,33
RAJASTHAN,BHARATPUR,2010,83,86,1,83,0,83,203
RAJASTHAN,BHILWARA,2010,32,29,2,48,0,48,143
RAJASTHAN,BIKANER,2010,39,65,7,41,0,41,43
RAJASTHAN,BUNDI,2010,23,50,6,31,0,31,93
RAJASTHAN,CHITTORGARH,2010,29,43,2,42,0,42,111
RAJASTHAN,CHURU,2010,39,35,0,49,0,49,39
RAJASTHAN,DAUSA,2010,41,31,3,24,0,24,97
RAJASTHAN,DHOLPUR,2010,51,69,0,22,0,22,77
RAJASTHAN,DUNGARPUR,2010,18,16,0,26,0,26,52
RAJASTHAN,G.R.P. AJMER,2010,6,3,0,0,0,0,1
RAJASTHAN,G.R.P. JODHPUR,2010,2,1,0,2,0,2,0
RAJASTHAN,GANGANAGAR,2010,60,59,2,72,0,72,102
RAJASTHAN,HANUMANGARH,2010,53,66,1,56,0,56,50
RAJASTHAN,JAIPUR EAST,2010,25,19,6,28,0,28,79
RAJASTHAN,JAIPUR NORTH,2010,22,25,0,25,0,25,67
RAJASTHAN,JAIPUR RURAL,2010,61,34,4,27,0,27,109
RAJASTHAN,JAIPUR SOUTH,2010,18,24,1,18,0,18,61
RAJASTHAN,JAISALMER,2010,7,2,0,3,0,3,11
RAJASTHAN,JALORE,2010,21,10,0,13,0,13,38
RAJASTHAN,JHALAWAR,2010,44,67,5,62,0,62,62
RAJASTHAN,JHUNJHUNU,2010,49,38,2,49,0,49,63
RAJASTHAN,JODHPUR CITY,2010,27,54,3,27,0,27,53
RAJASTHAN,JODHPUR RURAL,2010,33,23,0,17,0,17,49
RAJASTHAN,KARAULI,2010,35,49,2,42,0,42,91
RAJASTHAN,KOTA CITY,2010,35,114,4,33,0,33,80
RAJASTHAN,KOTA RURAL,2010,18,26,1,36,0,36,41
RAJASTHAN,NAGAUR,2010,54,31,1,60,0,60,69
RAJASTHAN,PALI,2010,41,34,3,53,0,53,102
RAJASTHAN,PRATAPGARH,2010,35,27,0,56,0,56,67
RAJASTHAN,RAJSAMAND,2010,14,13,2,14,0,14,31
RAJASTHAN,SAWAI MADHOPUR,2010,23,27,3,16,0,16,86
RAJASTHAN,SIKAR,2010,58,35,0,52,0,52,114
RAJASTHAN,SIROHI,2010,28,37,7,20,0,20,34
RAJASTHAN,TONK,2010,21,21,1,18,0,18,50
RAJASTHAN,UDAIPUR,2010,77,107,5,111,0,111,186
RAJASTHAN,TOTAL,2010,1421,1557,104,1571,0,1571,2985
SIKKIM,EAST,2010,6,3,1,5,0,5,4
SIKKIM,NORTH,2010,2,0,0,0,0,0,0
SIKKIM,SOUTH,2010,7,3,1,9,0,9,1
SIKKIM,WEST,2010,2,0,0,4,0,4,1
SIKKIM,TOTAL,2010,17,6,2,18,0,18,6
TAMIL NADU,ARIYALUR,2010,27,38,0,20,0,20,26
TAMIL NADU,CHENNAI,2010,103,158,2,47,0,47,47
TAMIL NADU,CHENNAI RLY.,2010,0,7,0,0,0,0,0
TAMIL NADU,CHENNAISUBURBAN,2010,86,137,1,29,0,29,30
TAMIL NADU,COIMBATORE RURAL,2010,41,50,0,13,0,13,62
TAMIL NADU,COIMBATORE URBAN,2010,22,27,0,15,0,15,22
TAMIL NADU,CUDDALORE,2010,58,115,0,27,0,27,39
TAMIL NADU,DHARMAPURI,2010,59,27,4,15,0,15,47
TAMIL NADU,DINDIGUL,2010,57,91,0,9,0,9,43
TAMIL NADU,ERODE,2010,57,32,1,15,0,15,64
TAMIL NADU,KANCHIPURAM,2010,57,53,0,17,0,17,9
TAMIL NADU,KANYAKUMARI,2010,42,100,1,12,0,12,57
TAMIL NADU,KARUR,2010,19,51,0,10,0,10,54
TAMIL NADU,KRISHNAGIRI,2010,58,24,0,20,0,20,64
TAMIL NADU,MADURAI RURAL,2010,59,78,1,17,0,17,58
TAMIL NADU,MADURAI URBAN,2010,34,50,0,3,0,3,15
TAMIL NADU,NAGAPATTINAM,2010,50,55,0,9,0,9,38
TAMIL NADU,NAMAKKAL,2010,50,21,0,10,0,10,48
TAMIL NADU,NILGIRIS,2010,11,16,0,7,0,7,8
TAMIL NADU,PERAMBALUR,2010,13,30,1,5,0,5,10
TAMIL NADU,PUDUKOTTAI,2010,45,101,2,7,0,7,54
TAMIL NADU,RAMNATHAPURAM,2010,33,49,2,16,0,16,61
TAMIL NADU,SALEM RURAL,2010,81,62,6,53,0,53,140
TAMIL NADU,SALEM URBAN,2010,27,18,0,21,0,21,44
TAMIL NADU,SIVAGANGAI,2010,38,27,1,1,0,1,32
TAMIL NADU,THANJAVUR,2010,82,124,1,7,0,7,42
TAMIL NADU,THENI,2010,42,122,0,18,0,18,93
TAMIL NADU,THIRUNELVELI RURAL,2010,83,215,3,48,0,48,65
TAMIL NADU,THIRUNELVELI URBAN,2010,12,78,0,16,0,16,11
TAMIL NADU,THIRUVALLUR,2010,43,51,1,18,0,18,17
TAMIL NADU,THIRUVANNAMALAI,2010,43,89,0,15,0,15,55
TAMIL NADU,THIRUVARUR,2010,29,30,2,12,0,12,22
TAMIL NADU,THOOTHUGUDI,2010,84,168,1,32,0,32,32
TAMIL NADU,TIRUPPUR,2010,60,42,0,10,0,10,52
TAMIL NADU,TRICHY RLY.,2010,0,1,0,0,0,0,0
TAMIL NADU,TRICHY RURAL,2010,58,55,0,8,0,8,24
TAMIL NADU,TRICHY URBAN,2010,15,31,0,4,0,4,27
TAMIL NADU,VELLORE,2010,82,56,2,30,0,30,68
TAMIL NADU,VILLUPURAM,2010,63,84,0,50,0,50,82
TAMIL NADU,VIRUDHUNAGAR,2010,52,78,0,20,0,20,58
TAMIL NADU,TOTAL,2010,1875,2641,32,686,0,686,1720
TRIPURA,DHALAI,2010,19,4,1,33,0,33,14
TRIPURA,G.R.P.,2010,0,0,0,0,0,0,0
TRIPURA,NORTH,2010,23,9,1,51,0,51,25
TRIPURA,SOUTH,2010,25,25,0,36,0,36,27
TRIPURA,WEST,2010,83,25,6,118,0,118,48
TRIPURA,TOTAL,2010,150,63,8,238,0,238,114
UTTAR PRADESH,AGRA,2010,117,127,51,26,0,26,252
UTTAR PRADESH,ALIGARH,2010,130,167,37,63,0,63,274
UTTAR PRADESH,ALLAHABAD,2010,133,92,30,33,0,33,136
UTTAR PRADESH,AMBEDKAR NAGAR,2010,37,25,13,20,0,20,57
UTTAR PRADESH,AURAIYA,2010,28,23,6,11,0,11,50
UTTAR PRADESH,AZAMGARH,2010,68,41,27,23,0,23,78
UTTAR PRADESH,BADAUN,2010,84,100,41,22,0,22,81
UTTAR PRADESH,BAGHPAT,2010,52,50,10,14,0,14,46
UTTAR PRADESH,BAHRAICH,2010,58,46,24,25,0,25,132
UTTAR PRADESH,BALLIA,2010,21,32,21,4,0,4,32
UTTAR PRADESH,BALRAMPUR,2010,21,11,4,11,0,11,29
UTTAR PRADESH,BANDA,2010,37,20,19,22,0,22,42
UTTAR PRADESH,BARABANKI,2010,47,31,12,22,0,22,90
UTTAR PRADESH,BAREILLY,2010,115,142,22,44,0,44,182
UTTAR PRADESH,BASTI,2010,24,11,8,8,0,8,30
UTTAR PRADESH,BIJNOR,2010,87,53,19,40,0,40,117
UTTAR PRADESH,BULANDSHAHAR,2010,119,139,25,24,0,24,148
UTTAR PRADESH,CHANDOLI,2010,25,17,9,3,0,3,20
UTTAR PRADESH,CHITRAKOOT DHAM,2010,20,3,7,15,0,15,17
UTTAR PRADESH,CSM NAGAR,2010,30,28,15,30,0,30,79
UTTAR PRADESH,DEORIA,2010,34,8,10,4,0,4,23
UTTAR PRADESH,ETAH,2010,63,86,15,11,0,11,63
UTTAR PRADESH,ETAWAH,2010,44,28,9,4,0,4,52
UTTAR PRADESH,FAIZABAD,2010,38,16,13,16,0,16,71
UTTAR PRADESH,FATEHGARH,2010,47,45,20,11,0,11,56
UTTAR PRADESH,FATEHPUR,2010,75,44,23,33,0,33,71
UTTAR PRADESH,FIROZABAD,2010,109,68,27,18,0,18,99
UTTAR PRADESH,G.R.P.,2010,24,25,6,1,0,1,15
UTTAR PRADESH,GAUTAMBUDH NAGAR,2010,100,105,19,39,0,39,107
UTTAR PRADESH,GHAZIABAD,2010,216,220,35,44,0,44,366
UTTAR PRADESH,GHAZIPUR,2010,45,33,27,5,0,5,19
UTTAR PRADESH,GONDA,2010,51,31,29,9,0,9,77
UTTAR PRADESH,GORAKHPUR,2010,105,82,22,45,0,45,229
UTTAR PRADESH,HAMIRPUR,2010,22,12,19,6,0,6,15
UTTAR PRADESH,HARDOI,2010,68,30,21,20,0,20,74
UTTAR PRADESH,HATHRAS,2010,62,55,9,24,0,24,79
UTTAR PRADESH,J.P.NAGAR,2010,57,42,14,24,0,24,57
UTTAR PRADESH,JALAUN,2010,35,13,18,5,0,5,31
UTTAR PRADESH,JAUNPUR,2010,40,55,16,12,0,12,65
UTTAR PRADESH,JHANSI,2010,46,29,21,9,0,9,38
UTTAR PRADESH,KANNAUJ,2010,39,24,19,7,0,7,46
UTTAR PRADESH,KANPUR NAGAR,2010,150,109,41,42,0,42,316
UTTAR PRADESH,KANSHIRAM NAGAR,2010,39,49,10,10,0,10,46
UTTAR PRADESH,KAUSHAMBI,2010,38,16,14,12,0,12,40
UTTAR PRADESH,KHIRI,2010,74,71,30,26,0,26,89
UTTAR PRADESH,KUSHI NAGAR,2010,39,12,16,11,1,10,27
UTTAR PRADESH,LALITPUR,2010,11,3,11,7,0,7,12
UTTAR PRADESH,LUCKNOW,2010,114,89,32,75,0,75,328
UTTAR PRADESH,MAHARAJGANJ,2010,26,4,14,16,0,16,45
UTTAR PRADESH,MAHOBA,2010,24,13,11,9,0,9,22
UTTAR PRADESH,MAINPURI,2010,68,79,18,15,0,15,79
UTTAR PRADESH,MATHURA,2010,75,98,23,24,0,24,87
UTTAR PRADESH,MAU,2010,26,53,14,10,0,10,48
UTTAR PRADESH,MEERUT,2010,164,207,18,64,0,64,195
UTTAR PRADESH,MIRZAPUR,2010,17,3,15,2,0,2,4
UTTAR PRADESH,MORADABAD,2010,176,149,26,66,0,66,204
UTTAR PRADESH,MUZAFFARNAGAR,2010,168,220,38,34,0,34,233
UTTAR PRADESH,PILIBHIT,2010,34,15,9,16,0,16,57
UTTAR PRADESH,PRATAPGARH,2010,39,47,14,23,0,23,69
UTTAR PRADESH,RAIBAREILLY,2010,29,42,18,27,0,27,52
UTTAR PRADESH,RAMABAI NAGAR,2010,30,33,16,12,0,12,83
UTTAR PRADESH,RAMPUR,2010,68,77,19,65,0,65,114
UTTAR PRADESH,SAHARANPUR,2010,58,55,32,11,0,11,40
UTTAR PRADESH,SANT KABIRNAGAR,2010,20,20,10,24,0,24,45
UTTAR PRADESH,SHAHJAHANPUR,2010,93,99,21,45,0,45,102
UTTAR PRADESH,SHRAWASTI,2010,18,8,6,14,0,14,25
UTTAR PRADESH,SIDHARTHNAGAR,2010,15,6,13,8,0,8,40
UTTAR PRADESH,SITAPUR,2010,77,40,25,11,0,11,114
UTTAR PRADESH,SONBHADRA,2010,15,6,23,21,0,21,23
UTTAR PRADESH,ST.RAVIDASNAGAR,2010,13,9,10,1,0,1,9
UTTAR PRADESH,SULTANPUR,2010,32,45,16,14,0,14,59
UTTAR PRADESH,UNNAO,2010,46,54,28,32,0,32,81
UTTAR PRADESH,VARANASI,2010,32,64,18,9,0,9,88
UTTAR PRADESH,TOTAL,2010,4401,4004,1401,1563,1,1562,6321
UTTARAKHAND,ALMORA,2010,3,3,1,3,0,3,5
UTTARAKHAND,BAGESHWAR,2010,2,0,1,2,0,2,2
UTTARAKHAND,CHAMOLI,2010,1,0,2,1,0,1,2
UTTARAKHAND,CHAMPAWAT,2010,4,0,1,1,0,1,3
UTTARAKHAND,DEHRADUN,2010,33,48,16,37,0,37,71
UTTARAKHAND,HARIDWAR,2010,44,62,7,28,0,28,86
UTTARAKHAND,NAINITAL,2010,18,25,11,13,0,13,29
UTTARAKHAND,PAURI GARHWAL,2010,2,6,4,4,0,4,5
UTTARAKHAND,PITHORAGARH,2010,4,1,3,3,0,3,5
UTTARAKHAND,RUDRA PRAYAG,2010,5,3,1,5,0,5,3
UTTARAKHAND,TEHRI GARHWAL,2010,2,3,1,1,0,1,2
UTTARAKHAND,UDHAMSINGH NAGAR,2010,55,66,12,22,0,22,70
UTTARAKHAND,UTTARKASHI,2010,3,2,0,1,0,1,3
UTTARAKHAND,TOTAL,2010,176,219,60,121,0,121,286
WEST BENGAL,24 PARGANAS NORTH,2010,244,224,179,173,0,173,438
WEST BENGAL,24 PARGANAS SOUTH,2010,263,2,25,258,0,258,215
WEST BENGAL,ASANSOL,2010,34,8,14,18,0,18,21
WEST BENGAL,BANKURA,2010,105,58,6,36,0,36,47
WEST BENGAL,BIRBHUM,2010,94,22,20,44,0,44,52
WEST BENGAL,BURDWAN,2010,134,19,33,72,0,72,112
WEST BENGAL,COOCHBEHAR,2010,66,141,1,143,0,143,186
WEST BENGAL,DAKSHIN DINAJPUR,2010,40,88,17,56,0,56,96
WEST BENGAL,DARJEELING,2010,62,3,17,36,0,36,77
WEST BENGAL,HOOGHLY,2010,124,47,24,52,0,52,87
WEST BENGAL,HOWRAH,2010,111,7,15,59,0,59,185
WEST BENGAL,HOWRAH G.R.P.,2010,10,7,1,0,0,0,5
WEST BENGAL,JALPAIGURI,2010,117,97,34,180,0,180,259
WEST BENGAL,KHARAGPUR G.R.P.,2010,1,0,0,0,0,0,3
WEST BENGAL,KOLKATA,2010,49,55,43,32,0,32,125
WEST BENGAL,MALDA,2010,86,139,24,167,0,167,189
WEST BENGAL,MURSHIDABAD,2010,185,620,36,526,0,526,511
WEST BENGAL,NADIA,2010,121,335,21,167,0,167,345
WEST BENGAL,PASCHIM MIDNAPUR,2010,268,113,49,67,0,67,101
WEST BENGAL,PURAB MIDNAPUR,2010,87,8,53,51,0,51,127
WEST BENGAL,PURULIA,2010,115,0,7,42,0,42,37
WEST BENGAL,SEALDAH G.R.P.,2010,12,11,1,2,0,2,6
WEST BENGAL,SILIGURI G.R.P.,2010,7,1,0,0,0,0,3
WEST BENGAL,UTTAR DINAJPUR,2010,63,106,10,130,0,130,118
WEST BENGAL,TOTAL,2010,2398,2111,630,2311,0,2311,3345
A & N ISLANDS,ANDAMAN,2010,8,7,4,23,0,23,10
A & N ISLANDS,NICOBAR,2010,1,0,0,1,0,1,0
A & N ISLANDS,TOTAL,2010,9,7,4,24,0,24,10
CHANDIGARH,CHANDIGARH,2010,21,30,9,31,0,31,38
CHANDIGARH,TOTAL,2010,21,30,9,31,0,31,38
D & N HAVELI,D and N HAVELI,2010,6,0,1,3,0,3,18
D & N HAVELI,TOTAL,2010,6,0,1,3,0,3,18
DAMAN & DIU,DAMAN,2010,5,2,1,1,0,1,2
DAMAN & DIU,DIU,2010,0,0,0,0,0,0,0
DAMAN & DIU,TOTAL,2010,5,2,1,1,0,1,2
DELHI UT,CAW,2010,0,0,0,0,0,0,0
DELHI UT,CENTRAL,2010,25,11,3,20,0,20,126
DELHI UT,CRIME BRANCH,2010,0,5,0,0,0,0,1
DELHI UT,DELHI UT TOTAL,2010,565,311,71,507,0,507,3208
DELHI UT,EAST,2010,57,54,8,47,0,47,357
DELHI UT,EOW,2010,0,0,0,0,0,0,0
DELHI UT,GRP(RLY),2010,12,5,0,2,0,2,23
DELHI UT,IGI AIRPORT,2010,0,0,0,0,0,0,13
DELHI UT,NEW DELHI,2010,6,4,2,16,0,16,29
DELHI UT,NORTH,2010,30,16,7,7,0,7,161
DELHI UT,NORTH-EAST,2010,68,27,7,51,0,51,458
DELHI UT,NORTH-WEST,2010,60,49,4,50,0,50,260
DELHI UT,OUTER,2010,98,42,7,49,0,49,457
DELHI UT,SOUTH,2010,35,21,5,59,0,59,240
DELHI UT,SOUTH-EAST,2010,48,25,11,80,0,80,369
DELHI UT,SOUTH-WEST,2010,63,20,3,54,0,54,363
DELHI UT,STF,2010,0,3,0,0,0,0,1
DELHI UT,WEST,2010,63,29,14,72,0,72,350
LAKSHADWEEP,LAKSHADWEEP,2010,0,0,0,0,0,0,0
LAKSHADWEEP,TOTAL,2010,0,0,0,0,0,0,0
PUDUCHERRY,KARAIKAL,2010,4,3,0,1,0,1,2
PUDUCHERRY,PUDUCHERRY,2010,29,16,16,2,0,2,15
PUDUCHERRY,TOTAL,2010,33,19,16,3,0,3,17
ANDHRA PRADESH,ADILABAD,2011,109,94,8,84,0,84,77
ANDHRA PRADESH,ANANTAPUR,2011,171,108,5,16,0,16,83
ANDHRA PRADESH,CHITTOOR,2011,91,55,5,17,0,17,84
ANDHRA PRADESH,CUDDAPAH,2011,120,67,6,41,0,41,73
ANDHRA PRADESH,CYBERABAD,2011,213,128,17,89,0,89,146
ANDHRA PRADESH,EAST GODAVARI,2011,83,110,3,72,0,72,60
ANDHRA PRADESH,GUNTAKAL RLY.,2011,9,0,0,0,0,0,0
ANDHRA PRADESH,GUNTUR,2011,88,73,2,40,0,40,58
ANDHRA PRADESH,GUNTUR URBAN,2011,51,30,1,33,0,33,31
ANDHRA PRADESH,HYDERABAD CITY,2011,117,136,6,59,0,59,95
ANDHRA PRADESH,KARIMNAGAR,2011,150,124,6,58,0,58,172
ANDHRA PRADESH,KHAMMAM,2011,108,98,6,84,0,84,81
ANDHRA PRADESH,KRISHNA,2011,70,78,1,80,0,80,89
ANDHRA PRADESH,KURNOOL,2011,153,177,4,39,0,39,76
ANDHRA PRADESH,MAHABOOBNAGAR,2011,188,85,28,88,0,88,74
ANDHRA PRADESH,MEDAK,2011,141,57,14,38,0,38,40
ANDHRA PRADESH,NALGONDA,2011,101,95,5,48,0,48,84
ANDHRA PRADESH,NELLORE,2011,61,82,3,28,0,28,85
ANDHRA PRADESH,NIZAMABAD,2011,135,55,9,63,0,63,84
ANDHRA PRADESH,PRAKASHAM,2011,88,111,5,24,0,24,100
ANDHRA PRADESH,RAJAHMUNDRY,2011,21,56,0,15,0,15,36
ANDHRA PRADESH,RANGA REDDY,2011,75,19,5,24,0,24,24
ANDHRA PRADESH,SECUNDERABAD RLY.,2011,9,2,0,0,0,0,1
ANDHRA PRADESH,SRIKAKULAM,2011,40,65,3,29,0,29,28
ANDHRA PRADESH,TIRUPATHI URBAN,2011,44,30,1,10,0,10,21
ANDHRA PRADESH,VIJAYAWADA CITY,2011,35,66,5,37,0,37,70
ANDHRA PRADESH,VIJAYAWADA RLY.,2011,2,0,0,1,0,1,3
ANDHRA PRADESH,VISAKHA RURAL,2011,66,28,0,38,0,38,36
ANDHRA PRADESH,VISAKHAPATNAM,2011,39,34,5,57,0,57,50
ANDHRA PRADESH,VIZIANAGARAM,2011,38,32,3,50,0,50,26
ANDHRA PRADESH,WARANGAL,2011,72,32,8,48,0,48,68
ANDHRA PRADESH,WARANGAL URBAN,2011,46,10,5,35,0,35,55
ANDHRA PRADESH,WEST GODAVARI,2011,74,92,2,97,0,97,144
ANDHRA PRADESH,TOTAL,2011,2808,2229,171,1442,0,1442,2154
ARUNACHAL PRADESH,ANJAW,2011,2,1,0,0,0,0,0
ARUNACHAL PRADESH,CHANGLANG,2011,9,4,0,3,0,3,12
ARUNACHAL PRADESH,DIBANG VALLEY,2011,3,1,0,3,0,3,3
ARUNACHAL PRADESH,K/KUMEY,2011,3,0,0,4,0,4,0
ARUNACHAL PRADESH,KAMENG EAST,2011,2,1,0,3,0,3,2
ARUNACHAL PRADESH,KAMENG WEST,2011,3,4,1,0,0,0,2
ARUNACHAL PRADESH,LOHIT,2011,12,3,0,5,0,5,10
ARUNACHAL PRADESH,PAPUM PARE,2011,7,6,0,4,0,4,23
ARUNACHAL PRADESH,RURAL,2011,0,3,0,2,0,2,5
ARUNACHAL PRADESH,SIANG EAST,2011,4,0,1,8,0,8,4
ARUNACHAL PRADESH,SIANG UPPER,2011,2,0,0,1,0,1,3
ARUNACHAL PRADESH,SIANG WEST,2011,2,3,0,2,0,2,8
ARUNACHAL PRADESH,SUBANSIRI LOWER,2011,4,1,0,2,0,2,3
ARUNACHAL PRADESH,SUBANSIRI UPPER,2011,1,1,0,2,0,2,8
ARUNACHAL PRADESH,TAWANG,2011,0,0,0,0,0,0,1
ARUNACHAL PRADESH,TIRAP,2011,11,1,0,3,0,3,9
ARUNACHAL PRADESH,UPPER DIBANG VALLEY,2011,0,0,0,0,0,0,0
ARUNACHAL PRADESH,TOTAL,2011,65,29,2,42,0,42,93
ASSAM,BARPETA,2011,45,26,0,92,0,92,168
ASSAM,BASKA,2011,44,3,0,29,0,29,68
ASSAM,BONGAIGAON,2011,22,8,0,72,0,72,74
ASSAM,C.I.D.,2011,0,0,0,0,0,0,1
ASSAM,CACHAR,2011,64,7,0,74,0,74,178
ASSAM,CHIRANG,2011,27,0,0,30,0,30,43
ASSAM,DARRANG,2011,34,3,0,95,0,95,200
ASSAM,DHEMAJI,2011,23,14,0,62,0,62,63
ASSAM,DHUBRI,2011,61,19,7,157,0,157,307
ASSAM,DIBRUGARH,2011,89,0,10,54,0,54,135
ASSAM,G.R.P.,2011,7,0,0,1,0,1,8
ASSAM,GOALPARA,2011,39,5,0,99,0,99,100
ASSAM,GOLAGHAT,2011,56,56,0,54,0,54,159
ASSAM,GUWAHATI CITY,2011,58,59,2,56,0,56,366
ASSAM,HAILAKANDI,2011,20,2,0,61,0,61,78
ASSAM,JORHAT,2011,48,9,5,49,0,49,85
ASSAM,KAMRUP,2011,44,4,1,63,0,63,156
ASSAM,KARBI ANGLONG,2011,48,27,4,13,0,13,47
ASSAM,KARIMGANJ,2011,45,25,1,46,0,46,79
ASSAM,KOKRAJHAR,2011,51,27,0,52,0,52,105
ASSAM,LAKHIMPUR,2011,38,16,0,52,0,52,143
ASSAM,MORIGAON,2011,27,8,4,54,0,54,96
ASSAM,N.C.HILLS,2011,16,2,6,3,0,3,19
ASSAM,NAGAON,2011,91,70,4,165,0,165,374
ASSAM,NALBARI,2011,20,10,1,28,0,28,95
ASSAM,R.P.O.,2011,6,0,0,5,0,5,3
ASSAM,SIBSAGAR,2011,61,30,0,49,0,49,132
ASSAM,SONITPUR,2011,84,14,2,96,0,96,262
ASSAM,TINSUKIA,2011,98,49,1,61,0,61,153
ASSAM,UDALGURI,2011,37,11,0,28,0,28,67
ASSAM,TOTAL,2011,1303,504,48,1700,0,1700,3764
BIHAR,ARARIA,2011,69,44,14,69,0,69,115
BIHAR,ARWAL,2011,23,69,8,5,0,5,17
BIHAR,AURANGABAD,2011,88,105,1,18,0,18,62
BIHAR,BAGAHA,2011,38,45,6,16,1,15,62
BIHAR,BANKA,2011,51,55,7,26,0,26,66
BIHAR,BEGUSARAI,2011,100,40,2,17,0,17,119
BIHAR,BETTIAH,2011,74,12,2,21,0,21,118
BIHAR,BHABHUA,2011,57,62,2,9,0,9,57
BIHAR,BHAGALPUR,2011,85,51,10,23,0,23,106
BIHAR,BHOJPUR,2011,96,41,4,16,0,16,64
BIHAR,BUXAR,2011,65,34,1,13,0,13,76
BIHAR,DARBHANGA,2011,71,92,43,34,0,34,128
BIHAR,GAYA,2011,155,22,9,23,0,23,155
BIHAR,GOPALGANJ,2011,77,169,0,17,0,17,139
BIHAR,JAMALPUR RLY.,2011,6,0,2,0,0,0,3
BIHAR,JAMUI,2011,66,140,18,23,0,23,71
BIHAR,JEHANABAD,2011,51,10,7,10,0,10,31
BIHAR,KATIHAR,2011,83,82,3,103,0,103,126
BIHAR,KATIHAR RLY.,2011,17,1,0,2,0,2,8
BIHAR,KHAGARIA,2011,55,45,0,14,0,14,53
BIHAR,KISHANGANJ,2011,34,5,0,30,0,30,63
BIHAR,LAKHISARAI,2011,40,8,1,5,0,5,51
BIHAR,MADHEPURA,2011,44,12,1,8,0,8,78
BIHAR,MADHUBANI,2011,81,8,0,44,0,44,182
BIHAR,MOTIHARI,2011,136,741,38,37,0,37,209
BIHAR,MUNGER,2011,68,49,5,7,0,7,72
BIHAR,MUZAFFARPUR,2011,154,24,14,56,0,56,255
BIHAR,MUZAFFARPUR RLY.,2011,11,2,1,0,0,0,6
BIHAR,NALANDA,2011,84,61,24,15,0,15,81
BIHAR,NAUGACHIA,2011,44,20,36,7,0,7,38
BIHAR,NAWADAH,2011,74,29,5,12,0,12,63
BIHAR,PATNA,2011,248,25,4,41,0,41,364
BIHAR,PATNA RLY.,2011,16,10,2,1,0,1,6
BIHAR,PURNEA,2011,86,48,7,62,0,62,131
BIHAR,ROHTAS,2011,126,95,4,20,0,20,106
BIHAR,SAHARSA,2011,34,109,5,8,0,8,63
BIHAR,SAMASTIPUR,2011,107,221,11,40,0,40,166
BIHAR,SARAN,2011,123,408,27,10,0,10,146
BIHAR,SHEIKHPURA,2011,33,8,0,3,0,3,22
BIHAR,SHEOHAR,2011,13,23,1,4,0,4,25
BIHAR,SITAMARHI,2011,71,33,4,8,0,8,58
BIHAR,SIWAN,2011,85,180,0,16,0,16,196
BIHAR,SUPAUL,2011,49,12,4,23,0,23,78
BIHAR,VAISHALI,2011,110,77,15,18,0,18,233
BIHAR,TOTAL,2011,3198,3327,348,934,1,933,4268
CHHATTISGARH,BALRAMPUR,2011,39,27,2,55,0,55,2
CHHATTISGARH,BILASPUR,2011,112,43,2,70,0,70,24
CHHATTISGARH,BIZAPUR,2011,60,91,1,4,0,4,4
CHHATTISGARH,DANTEWARA,2011,54,69,0,8,0,8,9
CHHATTISGARH,DHAMTARI,2011,13,7,0,27,0,27,18
CHHATTISGARH,DURG,2011,93,91,8,115,0,115,115
CHHATTISGARH,GARIYABAND,2011,28,14,0,21,0,21,4
CHHATTISGARH,GRP RAIPUR,2011,4,0,0,2,0,2,0
CHHATTISGARH,JAGDALPUR,2011,66,22,1,68,0,68,9
CHHATTISGARH,JANJGIR,2011,43,26,1,33,0,33,13
CHHATTISGARH,JASHPUR,2011,78,14,0,78,0,78,49
CHHATTISGARH,KABIRDHAM,2011,16,18,2,23,0,23,16
CHHATTISGARH,KANKER,2011,51,26,1,29,0,29,8
CHHATTISGARH,KORBA,2011,34,13,0,39,0,39,5
CHHATTISGARH,KORIYA,2011,45,20,0,72,0,72,16
CHHATTISGARH,MAHASAMUND,2011,22,14,0,30,0,30,37
CHHATTISGARH,NARAYANPUR,2011,29,34,0,5,0,5,2
CHHATTISGARH,RAIGARH,2011,87,51,5,62,0,62,15
CHHATTISGARH,RAIPUR,2011,95,84,2,133,0,133,55
CHHATTISGARH,RAJNANDGAON,2011,43,34,1,38,0,38,22
CHHATTISGARH,SARGUJA,2011,54,33,1,65,0,65,32
CHHATTISGARH,SURAJPUR,2011,44,16,1,76,0,76,17
CHHATTISGARH,TOTAL,2011,1110,747,28,1053,0,1053,472
GOA,NORTH GOA,2011,33,10,0,13,0,13,14
GOA,SOUTH GOA,2011,15,12,6,16,0,16,14
GOA,TOTAL,2011,48,22,6,29,0,29,28
GUJARAT,AHMEDABAD COMMR.,2011,95,69,2,60,0,60,230
GUJARAT,AHMEDABAD RURAL,2011,36,16,3,10,0,10,74
GUJARAT,AHWA-DANG,2011,6,3,0,1,0,1,0
GUJARAT,AMRELI,2011,26,3,2,10,0,10,79
GUJARAT,ANAND,2011,19,4,3,10,0,10,45
GUJARAT,BHARUCH,2011,34,10,0,13,0,13,28
GUJARAT,BHAVNAGAR,2011,55,26,2,8,0,8,88
GUJARAT,CID CRIME,2011,1,0,0,0,0,0,0
GUJARAT,DAHOD,2011,41,11,3,6,0,6,53
GUJARAT,GANDHINAGAR,2011,27,9,1,14,0,14,21
GUJARAT,HIMATNAGAR,2011,35,5,2,10,0,10,48
GUJARAT,JAMNAGAR,2011,40,25,1,21,0,21,65
GUJARAT,JUNAGADH,2011,31,13,0,11,0,11,69
GUJARAT,KHEDA NORTH,2011,45,8,1,12,0,12,53
GUJARAT,KUTCH (EAST(G)),2011,35,11,0,8,0,8,24
GUJARAT,KUTCH (WEST-BHUJ),2011,24,12,1,15,0,15,15
GUJARAT,MEHSANA,2011,28,15,1,9,0,9,71
GUJARAT,NARMADA,2011,14,2,2,7,0,7,4
GUJARAT,NAVSARI,2011,21,9,1,2,0,2,10
GUJARAT,PALANPUR,2011,52,22,0,38,0,38,92
GUJARAT,PANCHMAHAL,2011,49,17,1,10,0,10,60
GUJARAT,PATAN,2011,16,15,0,16,0,16,47
GUJARAT,PORBANDAR,2011,10,9,1,6,0,6,12
GUJARAT,RAJKOT COMMR.,2011,44,22,0,10,0,10,40
GUJARAT,RAJKOT RURAL,2011,41,23,4,23,0,23,75
GUJARAT,SURAT COMMR.,2011,100,38,2,36,0,36,112
GUJARAT,SURAT RURAL,2011,36,8,1,6,0,6,16
GUJARAT,SURENDRANAGAR,2011,32,15,1,19,0,19,44
GUJARAT,TAPI,2011,13,2,4,2,0,2,2
GUJARAT,VADODARA COMMR.,2011,21,27,2,9,0,9,50
GUJARAT,VADODARA RURAL,2011,52,17,2,28,0,28,65
GUJARAT,VALSAD,2011,35,11,0,9,0,9,19
GUJARAT,W.RLY AHMEDABAD,2011,7,0,0,0,0,0,2
GUJARAT,W.RLY VADODARA,2011,5,1,0,0,0,0,1
GUJARAT,TOTAL,2011,1126,478,43,439,0,439,1614
HARYANA,AMBALA,2011,42,33,4,37,0,37,34
HARYANA,BHIWANI,2011,74,42,2,41,0,41,43
HARYANA,FARIDABAD,2011,60,59,5,54,0,54,105
HARYANA,FATEHABAD,2011,25,24,0,15,0,15,25
HARYANA,GRP,2011,26,8,0,0,0,0,2
HARYANA,GURGAON,2011,89,57,4,40,0,40,49
HARYANA,HISSAR,2011,73,77,2,36,0,36,83
HARYANA,JHAJJAR,2011,59,43,3,32,0,32,31
HARYANA,JIND,2011,50,34,4,37,0,37,32
HARYANA,KAITHAL,2011,36,23,4,20,0,20,23
HARYANA,KARNAL,2011,46,48,5,62,0,62,22
HARYANA,KURUKSHETRA,2011,29,21,2,29,0,29,34
HARYANA,MAHENDRAGARH,2011,33,22,1,26,0,26,46
HARYANA,MEWAT,2011,22,36,3,28,0,28,32
HARYANA,PALWAL,2011,43,55,2,54,0,54,54
HARYANA,PANCHKULA,2011,18,13,0,17,0,17,17
HARYANA,PANIPAT,2011,49,26,8,47,0,47,90
HARYANA,REWARI,2011,41,28,0,17,0,17,26
HARYANA,ROHTAK,2011,77,50,1,57,0,57,47
HARYANA,SIRSA,2011,42,31,3,21,0,21,60
HARYANA,SONIPAT,2011,78,65,6,27,0,27,54
HARYANA,YAMUNANAGAR,2011,50,56,1,36,0,36,50
HARYANA,TOTAL,2011,1062,851,60,733,0,733,959
HIMACHAL PRADESH,BADDIPOLICEDIST,2011,6,5,0,8,0,8,17
HIMACHAL PRADESH,BILASPUR,2011,8,2,0,8,0,8,3
HIMACHAL PRADESH,CHAMBA,2011,15,2,1,6,0,6,19
HIMACHAL PRADESH,CID,2011,0,0,0,0,0,0,0
HIMACHAL PRADESH,G.R.P.,2011,0,0,0,0,0,0,0
HIMACHAL PRADESH,HAMIRPUR,2011,3,5,0,5,0,5,8
HIMACHAL PRADESH,KANGRA,2011,21,7,2,32,0,32,68
HIMACHAL PRADESH,KINNAUR,2011,2,1,0,6,0,6,1
HIMACHAL PRADESH,KULLU,2011,13,2,0,20,0,20,13
HIMACHAL PRADESH,LAHAUL-SPITI,2011,0,0,0,1,0,1,0
HIMACHAL PRADESH,MANDI,2011,13,5,0,26,0,26,17
HIMACHAL PRADESH,SHIMLA,2011,20,10,2,22,0,22,24
HIMACHAL PRADESH,SIRMAUR,2011,9,4,0,12,0,12,17
HIMACHAL PRADESH,SOLAN,2011,14,3,0,11,0,11,13
HIMACHAL PRADESH,UNA,2011,6,4,1,11,0,11,12
HIMACHAL PRADESH,TOTAL,2011,130,50,6,168,0,168,212
JAMMU & KASHMIR,ANANTNAG,2011,7,7,0,18,0,18,112
JAMMU & KASHMIR,AWANTIPORA,2011,6,6,0,4,0,4,26
JAMMU & KASHMIR,BANDIPORA,2011,3,8,2,1,0,1,59
JAMMU & KASHMIR,BARAMULLA,2011,6,14,0,12,0,12,77
JAMMU & KASHMIR,BUDGAM,2011,5,10,3,8,0,8,101
JAMMU & KASHMIR,CRIME JAMMU,2011,0,0,0,0,0,0,0
JAMMU & KASHMIR,CRIME SRINAGAR,2011,0,0,0,0,0,0,0
JAMMU & KASHMIR,DODA,2011,8,14,0,16,0,16,47
JAMMU & KASHMIR,GANDERBAL,2011,4,4,2,9,0,9,32
JAMMU & KASHMIR,HANDWARA,2011,4,18,0,6,0,6,33
JAMMU & KASHMIR,JAMMU,2011,18,83,2,35,0,35,68
JAMMU & KASHMIR,KARGIL,2011,3,0,0,1,0,1,1
JAMMU & KASHMIR,KATHUA,2011,10,20,2,17,0,17,38
JAMMU & KASHMIR,KISHTWAR,2011,3,15,1,4,0,4,25
JAMMU & KASHMIR,KULGAM,2011,3,13,1,10,0,10,46
JAMMU & KASHMIR,KUPWARA,2011,9,23,3,11,0,11,46
JAMMU & KASHMIR,LEH,2011,0,1,0,3,0,3,1
JAMMU & KASHMIR,POONCH,2011,4,20,4,18,0,18,32
JAMMU & KASHMIR,PULWAMA,2011,7,9,1,5,0,5,39
JAMMU & KASHMIR,RAILWAYS JAMMU,2011,0,1,0,0,0,0,0
JAMMU & KASHMIR,RAILWAYS KASHMIR,2011,0,0,0,0,0,0,0
JAMMU & KASHMIR,RAJOURI,2011,9,39,5,32,0,32,43
JAMMU & KASHMIR,RAMBAN,2011,6,5,0,13,0,13,16
JAMMU & KASHMIR,REASI,2011,6,15,0,11,0,11,17
JAMMU & KASHMIR,SAMBA,2011,9,17,0,3,0,3,11
JAMMU & KASHMIR,SHOPIAN,2011,3,33,0,8,0,8,29
JAMMU & KASHMIR,SOPORE,2011,14,42,1,4,0,4,42
JAMMU & KASHMIR,SRINAGAR,2011,12,64,0,14,0,14,118
JAMMU & KASHMIR,UDHAMPUR,2011,10,13,2,14,0,14,18
JAMMU & KASHMIR,TOTAL,2011,169,494,29,277,0,277,1077
JHARKHAND,BOKARO,2011,62,19,0,46,0,46,57
JHARKHAND,CHAIBASA,2011,136,22,0,32,0,32,14
JHARKHAND,CHATRA,2011,50,15,0,12,0,12,22
JHARKHAND,DEOGHAR,2011,48,66,3,34,0,34,24
JHARKHAND,DHANBAD,2011,79,18,12,32,0,32,99
JHARKHAND,DHANBAD RLY.,2011,4,0,0,0,0,0,3
JHARKHAND,DUMKA,2011,59,29,5,34,0,34,28
JHARKHAND,GARHWA,2011,70,61,4,51,0,51,33
JHARKHAND,GIRIDIH,2011,60,8,1,47,0,47,63
JHARKHAND,GODDA,2011,61,0,3,29,0,29,38
JHARKHAND,GUMLA,2011,201,52,7,46,0,46,52
JHARKHAND,HAZARIBAGH,2011,72,41,6,22,0,22,58
JHARKHAND,JAMSHEDPUR,2011,85,29,12,39,0,39,73
JHARKHAND,JAMSHEDPUR RLY.,2011,8,0,0,1,0,1,8
JHARKHAND,JAMTARA,2011,15,19,0,15,0,15,11
JHARKHAND,KHUNTI,2011,126,21,0,13,0,13,13
JHARKHAND,KODERMA,2011,25,40,1,7,0,7,24
JHARKHAND,LATEHAR,2011,38,29,0,27,0,27,27
JHARKHAND,LOHARDAGGA,2011,33,9,1,30,0,30,26
JHARKHAND,PAKUR,2011,30,1,5,39,0,39,19
JHARKHAND,PALAMU,2011,93,72,0,28,0,28,63
JHARKHAND,RAMGARH,2011,32,23,0,24,0,24,31
JHARKHAND,RANCHI,2011,151,38,6,50,0,50,66
JHARKHAND,SAHEBGANJ,2011,73,39,11,71,0,71,54
JHARKHAND,SARAIKELA,2011,64,43,6,30,0,30,16
JHARKHAND,SIMDEGA,2011,72,24,0,25,0,25,19
JHARKHAND,TOTAL,2011,1747,718,83,784,0,784,941
KARNATAKA,BAGALKOT,2011,37,39,2,15,0,15,15
KARNATAKA,BANGALORE COMMR.,2011,232,460,3,97,0,97,573
KARNATAKA,BANGALORE RURAL,2011,105,39,1,29,0,29,30
KARNATAKA,BELGAUM,2011,136,121,2,45,0,45,53
KARNATAKA,BELLARY,2011,58,57,1,6,0,6,21
KARNATAKA,BIDAR,2011,51,33,1,14,0,14,13
KARNATAKA,BIJAPUR,2011,66,58,0,7,0,7,43
KARNATAKA,CBPURA,2011,52,41,11,16,0,16,23
KARNATAKA,CHAMARAJNAGAR,2011,40,28,0,11,0,11,7
KARNATAKA,CHICKMAGALUR,2011,27,34,4,10,0,10,17
KARNATAKA,CHITRADURGA,2011,38,21,3,27,0,27,30
KARNATAKA,DAKSHIN KANNADA,2011,23,20,0,6,0,6,6
KARNATAKA,DAVANAGERE,2011,35,18,7,11,0,11,17
KARNATAKA,DHARWAD COMMR.,2011,26,23,0,7,0,7,23
KARNATAKA,DHARWAD RURAL,2011,26,24,0,0,0,0,7
KARNATAKA,GADAG,2011,25,17,0,5,0,5,10
KARNATAKA,GULBARGA,2011,93,114,2,36,0,36,85
KARNATAKA,HASSAN,2011,56,87,4,27,0,27,27
KARNATAKA,HAVERI,2011,23,27,1,13,0,13,22
KARNATAKA,K.G.F.,2011,14,19,1,4,0,4,12
KARNATAKA,KODAGU,2011,33,25,0,16,0,16,11
KARNATAKA,KOLAR,2011,37,45,0,17,0,17,18
KARNATAKA,KOPPAL,2011,25,15,15,13,0,13,21
KARNATAKA,MANDYA,2011,71,57,1,31,0,31,34
KARNATAKA,MANGALORE CITY,2011,22,20,0,16,0,16,8
KARNATAKA,MYSORE COMMR.,2011,27,38,1,11,0,11,25
KARNATAKA,MYSORE RURAL,2011,68,49,0,19,0,19,47
KARNATAKA,RAICHUR,2011,53,32,1,29,0,29,37
KARNATAKA,RAILWAYS,2011,15,2,1,0,0,0,1
KARNATAKA,RAMANAGAR,2011,75,54,0,19,0,19,52
KARNATAKA,SHIMOGA,2011,54,76,2,23,0,23,25
KARNATAKA,TUMKUR,2011,101,94,7,31,0,31,40
KARNATAKA,UDUPI,2011,22,9,0,5,0,5,9
KARNATAKA,UTTAR KANNADA,2011,29,20,14,11,0,11,7
KARNATAKA,YADGIRI,2011,25,21,0,9,0,9,26
KARNATAKA,TOTAL,2011,1820,1837,85,636,0,636,1395
KERALA,ALAPUZHA,2011,25,17,2,56,0,56,15
KERALA,ERNAKULAM COMMR.,2011,26,25,11,62,0,62,11
KERALA,ERNAKULAM RURAL,2011,15,14,0,30,0,30,12
KERALA,IDUKKI,2011,20,31,1,54,0,54,10
KERALA,KANNUR,2011,20,45,3,55,0,55,14
KERALA,KASARGOD,2011,19,21,3,125,0,125,15
KERALA,KOLLAM COMMR.,2011,14,41,3,51,0,51,21
KERALA,KOLLAM RURAL,2011,29,25,2,46,0,46,13
KERALA,KOTTAYAM,2011,22,50,5,51,0,51,24
KERALA,KOZHIKODE COMMR.,2011,5,15,0,14,0,14,11
KERALA,KOZHIKODE RURAL,2011,12,31,1,46,0,46,21
KERALA,MALAPPURAM,2011,13,17,8,83,0,83,24
KERALA,PALAKKAD,2011,41,43,12,85,0,85,13
KERALA,PATHANAMTHITTA,2011,20,19,4,33,0,33,17
KERALA,RAILWAYS,2011,1,1,1,0,0,0,0
KERALA,THRISSUR COMMR.,2011,8,17,7,28,0,28,12
KERALA,THRISSUR RURAL,2011,24,41,15,69,0,69,12
KERALA,TRIVANDRUM COMMR.,2011,8,29,3,39,0,39,25
KERALA,TRIVANDRUM RURAL,2011,32,36,16,140,0,140,21
KERALA,WAYANADU,2011,11,3,8,65,0,65,8
KERALA,TOTAL,2011,365,521,105,1132,0,1132,299
MADHYA PRADESH,ALIRAJPUR,2011,76,39,0,24,0,24,19
MADHYA PRADESH,ANUPPUR,2011,39,23,1,60,0,60,7
MADHYA PRADESH,ASHOK NAGAR,2011,26,21,2,36,0,36,7
MADHYA PRADESH,BALAGHAT,2011,51,21,4,55,0,55,7
MADHYA PRADESH,BARWANI,2011,51,19,0,39,0,39,8
MADHYA PRADESH,BETUL,2011,54,29,1,120,0,120,19
MADHYA PRADESH,BHIND,2011,73,92,4,51,0,51,22
MADHYA PRADESH,BHOPAL,2011,91,112,8,146,0,146,40
MADHYA PRADESH,BHOPAL RLY.,2011,6,3,1,0,0,0,0
MADHYA PRADESH,BURHANPUR,2011,18,5,0,29,0,29,2
MADHYA PRADESH,CHHATARPUR,2011,58,78,5,77,0,77,44
MADHYA PRADESH,CHHINDWARA,2011,71,26,2,111,0,111,24
MADHYA PRADESH,DAMOH,2011,45,56,0,52,0,52,21
MADHYA PRADESH,DATIYA,2011,53,43,0,25,0,25,19
MADHYA PRADESH,DEWAS,2011,43,69,0,102,0,102,26
MADHYA PRADESH,DHAR,2011,81,63,3,103,0,103,43
MADHYA PRADESH,DINDORI,2011,22,4,5,46,0,46,6
MADHYA PRADESH,GUNA,2011,45,43,2,75,0,75,26
MADHYA PRADESH,GWALIOR,2011,107,148,30,75,0,75,90
MADHYA PRADESH,HARDA,2011,25,16,0,53,0,53,15
MADHYA PRADESH,HOSHANGABAD,2011,59,50,5,59,0,59,28
MADHYA PRADESH,INDORE,2011,135,137,4,129,0,129,66
MADHYA PRADESH,INDORE RLY.,2011,4,1,3,2,0,2,1
MADHYA PRADESH,JABALPUR,2011,93,129,4,107,0,107,39
MADHYA PRADESH,JABALPUR RLY.,2011,4,2,0,3,0,3,2
MADHYA PRADESH,JHABUA,2011,24,8,0,42,0,42,35
MADHYA PRADESH,KATNI,2011,41,26,4,62,0,62,8
MADHYA PRADESH,KHANDWA,2011,38,28,0,59,0,59,13
MADHYA PRADESH,KHARGON,2011,37,26,6,39,0,39,13
MADHYA PRADESH,MANDLA,2011,36,14,2,63,0,63,9
MADHYA PRADESH,MANDSAUR,2011,37,52,0,49,0,49,26
MADHYA PRADESH,MORENA,2011,56,100,3,40,0,40,28
MADHYA PRADESH,NARSINGHPUR,2011,45,34,0,65,0,65,18
MADHYA PRADESH,NEEMUCH,2011,20,13,0,25,0,25,17
MADHYA PRADESH,PANNA,2011,33,18,2,48,0,48,10
MADHYA PRADESH,RAISEN,2011,47,70,3,118,0,118,36
MADHYA PRADESH,RAJGARH,2011,43,34,0,90,0,90,26
MADHYA PRADESH,RATLAM,2011,35,49,1,97,0,97,48
MADHYA PRADESH,REWA,2011,46,41,6,91,0,91,26
MADHYA PRADESH,SAGAR,2011,94,96,1,131,0,131,106
MADHYA PRADESH,SATNA,2011,66,35,4,83,0,83,20
MADHYA PRADESH,SEONI,2011,31,23,5,61,0,61,12
MADHYA PRADESH,SHAHDOL,2011,45,21,0,80,0,80,22
MADHYA PRADESH,SHAJAPUR,2011,49,36,0,50,0,50,13
MADHYA PRADESH,SHEOPUR,2011,14,11,0,18,0,18,11
MADHYA PRADESH,SHIVPURI,2011,55,53,3,93,0,93,27
MADHYA PRADESH,SIDHI,2011,29,9,0,32,0,32,32
MADHYA PRADESH,SIHORE,2011,44,58,1,82,0,82,26
MADHYA PRADESH,SINGRAULI,2011,43,13,7,43,0,43,25
MADHYA PRADESH,TIKAMGARH,2011,37,27,7,76,0,76,23
MADHYA PRADESH,UJJAIN,2011,68,149,0,81,0,81,43
MADHYA PRADESH,UMARIYA,2011,21,11,0,22,0,22,4
MADHYA PRADESH,VIDISHA,2011,47,56,0,87,0,87,30
MADHYA PRADESH,TOTAL,2011,2511,2340,139,3406,0,3406,1288
MAHARASHTRA,AHMEDNAGAR,2011,107,108,3,78,0,78,82
MAHARASHTRA,AKOLA,2011,46,43,3,30,0,30,40
MAHARASHTRA,AMRAVATI COMMR.,2011,15,42,2,22,0,22,20
MAHARASHTRA,AMRAVATI RURAL,2011,58,38,2,69,0,69,29
MAHARASHTRA,AURANGABAD COMMR.,2011,41,118,1,16,0,16,35
MAHARASHTRA,AURANGABAD RURAL,2011,60,48,2,18,0,18,16
MAHARASHTRA,BEED,2011,61,72,8,32,0,32,58
MAHARASHTRA,BHANDARA,2011,33,15,4,23,0,23,12
MAHARASHTRA,BULDHANA,2011,60,41,1,26,0,26,28
MAHARASHTRA,CHANDRAPUR,2011,50,39,6,56,0,56,30
MAHARASHTRA,DHULE,2011,49,31,1,16,0,16,27
MAHARASHTRA,GADCHIROLI,2011,82,27,1,20,0,20,5
MAHARASHTRA,GONDIA,2011,37,22,2,31,0,31,24
MAHARASHTRA,HINGOLI,2011,39,33,0,18,0,18,12
MAHARASHTRA,JALGAON,2011,81,72,4,48,0,48,57
MAHARASHTRA,JALNA,2011,47,40,2,15,0,15,20
MAHARASHTRA,KOLHAPUR,2011,65,41,2,42,0,42,38
MAHARASHTRA,LATUR,2011,68,48,3,17,0,17,37
MAHARASHTRA,MUMBAI COMMR.,2011,203,180,4,221,0,221,221
MAHARASHTRA,MUMBAI RLY.,2011,12,2,1,3,0,3,9
MAHARASHTRA,NAGPUR COMMR.,2011,114,74,13,45,0,45,40
MAHARASHTRA,NAGPUR RLY.,2011,3,3,0,1,0,1,0
MAHARASHTRA,NAGPUR RURAL,2011,65,31,5,44,0,44,25
MAHARASHTRA,NANDED,2011,90,76,3,32,0,32,52
MAHARASHTRA,NANDURBAR,2011,43,16,1,20,0,20,18
MAHARASHTRA,NASIK COMMR.,2011,37,32,4,25,0,25,16
MAHARASHTRA,NASIK RURAL,2011,86,59,1,43,0,43,33
MAHARASHTRA,NAVI MUMBAI,2011,70,22,4,38,0,38,32
MAHARASHTRA,OSMANABAD,2011,42,35,0,30,0,30,28
MAHARASHTRA,PARBHANI,2011,58,64,1,26,0,26,36
MAHARASHTRA,PUNE COMMR.,2011,110,118,5,79,0,79,104
MAHARASHTRA,PUNE RLY.,2011,3,0,0,0,0,0,3
MAHARASHTRA,PUNE RURAL,2011,148,97,9,87,0,87,64
MAHARASHTRA,RAIGAD,2011,39,16,0,7,0,7,7
MAHARASHTRA,RATNAGIRI,2011,15,12,2,30,0,30,12
MAHARASHTRA,SANGLI,2011,53,29,4,40,0,40,22
MAHARASHTRA,SATARA,2011,55,40,3,34,0,34,41
MAHARASHTRA,SINDHUDURG,2011,12,7,2,11,0,11,10
MAHARASHTRA,SOLAPUR COMMR.,2011,24,29,2,22,0,22,29
MAHARASHTRA,SOLAPUR RURAL,2011,107,47,4,53,0,53,43
MAHARASHTRA,THANE COMMR.,2011,127,65,4,79,0,79,92
MAHARASHTRA,THANE RURAL,2011,147,61,19,63,0,63,55
MAHARASHTRA,WARDHA,2011,37,33,2,34,0,34,26
MAHARASHTRA,WASHIM,2011,35,32,3,13,0,13,27
MAHARASHTRA,YAVATMAL,2011,84,47,1,44,0,44,54
MAHARASHTRA,TOTAL,2011,2818,2105,144,1701,0,1701,1669
MANIPUR,BISHNUPUR,2011,5,24,1,2,0,2,18
MANIPUR,CHANDEL,2011,2,8,0,1,0,1,0
MANIPUR,CHURACHANDPUR,2011,7,1,0,0,0,0,7
MANIPUR,CID,2011,0,0,0,0,0,0,0
MANIPUR,IMPHAL EAST,2011,17,37,0,11,0,11,36
MANIPUR,IMPHAL WEST,2011,24,118,2,17,0,17,61
MANIPUR,SENAPATI,2011,3,11,0,0,0,0,5
MANIPUR,TAMENGLONG,2011,4,0,0,0,0,0,0
MANIPUR,THOUBAL,2011,9,38,1,21,0,21,39
MANIPUR,UKHRUL,2011,7,8,0,1,0,1,3
MANIPUR,TOTAL,2011,78,245,4,53,0,53,169
MEGHALAYA,GARO HILLS EAST,2011,11,19,0,3,0,3,12
MEGHALAYA,GARO HILLS SOUTH,2011,11,5,0,2,0,2,6
MEGHALAYA,GARO HILLS WEST,2011,22,7,0,8,0,8,25
MEGHALAYA,JAINTIA HILLS,2011,52,4,0,43,0,43,12
MEGHALAYA,KHASI HILLS EAST,2011,36,5,2,42,0,42,20
MEGHALAYA,KHASI HILLS WEST,2011,17,6,1,15,0,15,8
MEGHALAYA,RI-BHOI,2011,21,5,0,17,0,17,4
MEGHALAYA,TOTAL,2011,170,51,3,130,0,130,87
MIZORAM,AIZAWL,2011,10,10,6,35,0,35,1
MIZORAM,CHAMPHAI,2011,4,4,0,10,0,10,0
MIZORAM,KOLASIB,2011,5,2,0,7,0,7,2
MIZORAM,LAWNGTLAI,2011,1,1,0,2,0,2,1
MIZORAM,LUNGLEI,2011,2,3,1,13,0,13,2
MIZORAM,MAMIT,2011,2,2,1,4,0,4,0
MIZORAM,SAIHA,2011,1,2,0,2,0,2,0
MIZORAM,SERCHHIP,2011,1,0,0,4,0,4,0
MIZORAM,TOTAL,2011,26,24,8,77,0,77,6
NAGALAND,DIMAPUR,2011,15,10,0,9,0,9,24
NAGALAND,KIPHIRE,2011,0,0,0,0,0,0,0
NAGALAND,KOHIMA,2011,7,6,8,0,0,0,0
NAGALAND,LONGLENG,2011,0,2,1,1,0,1,1
NAGALAND,MOKOKCHUNG,2011,3,0,1,2,0,2,2
NAGALAND,MON,2011,6,3,0,2,0,2,0
NAGALAND,PEREN,2011,4,1,0,0,0,0,0
NAGALAND,PHEK,2011,4,8,0,3,0,3,0
NAGALAND,TUENSANG,2011,1,2,1,2,0,2,4
NAGALAND,WOKHA,2011,2,7,0,1,0,1,2
NAGALAND,ZUNHEBOTO,2011,4,4,0,3,0,3,1
NAGALAND,TOTAL,2011,46,43,11,23,0,23,34
ODISHA,ANGUL,2011,71,47,0,63,0,63,44
ODISHA,BALASORE,2011,62,66,1,75,0,75,111
ODISHA,BARAGARH,2011,34,99,0,21,0,21,16
ODISHA,BERHAMPUR,2011,29,96,3,13,0,13,20
ODISHA,BHADRAK,2011,38,32,0,26,0,26,55
ODISHA,BOLANGIR,2011,31,112,0,52,0,52,24
ODISHA,BOUDH,2011,12,12,0,14,0,14,19
ODISHA,CUTTACK,2011,49,28,0,34,0,34,46
ODISHA,DCP BBSR,2011,34,63,0,35,0,35,40
ODISHA,DCP CTC,2011,27,21,13,19,0,19,31
ODISHA,DEOGARH,2011,14,23,0,15,0,15,9
ODISHA,DHENKANAL,2011,58,59,0,17,0,17,32
ODISHA,GAJAPATI,2011,10,10,0,11,0,11,6
ODISHA,GANJAM,2011,85,202,0,50,0,50,51
ODISHA,JAGATSINGHPUR,2011,35,24,0,31,0,31,47
ODISHA,JAJPUR,2011,64,17,0,31,0,31,49
ODISHA,JHARSUGUDA,2011,29,28,0,27,0,27,14
ODISHA,KALAHANDI,2011,38,34,1,46,0,46,23
ODISHA,KANDHAMAL,2011,36,10,0,32,0,32,25
ODISHA,KENDRAPARA,2011,38,33,0,41,0,41,44
ODISHA,KEONJHAR,2011,102,89,14,75,0,75,48
ODISHA,KHURDA,2011,20,21,10,29,0,29,30
ODISHA,KORAPUT,2011,46,42,2,53,0,53,40
ODISHA,MALKANGIR,2011,37,30,0,8,0,8,10
ODISHA,MAYURBHANJ,2011,103,73,0,76,0,76,89
ODISHA,NAYAGARH,2011,37,40,0,25,0,25,30
ODISHA,NOWRANGPUR,2011,34,30,0,44,0,44,44
ODISHA,NUAPADA,2011,17,2,0,4,0,4,12
ODISHA,PURI,2011,49,65,0,21,0,21,37
ODISHA,RAYAGADA,2011,38,45,5,32,0,32,36
ODISHA,ROURKELA,2011,68,43,0,26,0,26,22
ODISHA,SAMBALPUR,2011,37,54,0,30,0,30,13
ODISHA,SONEPUR,2011,20,21,0,10,0,10,4
ODISHA,SRP(CUTTACK),2011,4,3,1,0,0,0,3
ODISHA,SRP(ROURKELA),2011,8,5,0,1,0,1,0
ODISHA,SUNDARGARH,2011,63,42,1,25,0,25,15
ODISHA,TOTAL,2011,1477,1621,51,1112,0,1112,1139
PUNJAB,AMRITSAR,2011,52,41,1,16,0,16,21
PUNJAB,BARNALA,2011,11,24,1,5,0,5,7
PUNJAB,BATALA,2011,28,28,3,13,0,13,16
PUNJAB,BHATINDA,2011,48,54,1,37,0,37,31
PUNJAB,CP AMRITSAR,2011,32,75,0,20,0,20,43
PUNJAB,CP JALANDHAR,2011,29,39,8,15,0,15,45
PUNJAB,CP LUDHIANA,2011,76,83,12,48,0,48,94
PUNJAB,FARIDKOT,2011,17,18,2,8,0,8,7
PUNJAB,FATEHGARH SAHIB,2011,13,12,2,4,0,4,9
PUNJAB,FAZILKA,2011,22,21,3,21,0,21,25
PUNJAB,FEROZPUR,2011,31,45,4,20,0,20,32
PUNJAB,G.R.P,2011,6,3,2,0,0,0,1
PUNJAB,GURDASPUR,2011,22,29,6,12,0,12,26
PUNJAB,HOSHIARPUR,2011,51,43,5,28,0,28,31
PUNJAB,JALANDHAR,2011,41,51,4,31,0,31,32
PUNJAB,KAPURTHALA,2011,33,39,3,16,0,16,20
PUNJAB,KHANNA,2011,17,28,4,7,0,7,12
PUNJAB,LUDHIANA,2011,16,30,2,8,0,8,15
PUNJAB,MANSA,2011,28,26,1,14,0,14,9
PUNJAB,MOGA,2011,32,60,3,12,0,12,26
PUNJAB,MUKTSAR,2011,24,21,8,17,0,17,16
PUNJAB,PATHANKOT,2011,12,9,4,10,0,10,15
PUNJAB,PATIALA,2011,47,43,12,25,0,25,31
PUNJAB,ROPAR,2011,20,16,4,14,0,14,25
PUNJAB,SANGRUR,2011,38,52,9,30,0,30,25
PUNJAB,SAS NGR,2011,31,38,4,24,0,24,39
PUNJAB,SBS NAGAR,2011,18,21,3,8,0,8,9
PUNJAB,TARN TARAN,2011,47,48,1,16,0,16,19
PUNJAB,TOTAL,2011,842,997,112,479,0,479,681
RAJASTHAN,AJMER,2011,50,41,9,70,0,70,123
RAJASTHAN,ALWAR,2011,104,51,4,99,0,99,161
RAJASTHAN,BANSWARA,2011,34,14,0,55,0,55,102
RAJASTHAN,BARAN,2011,24,38,4,60,0,60,91
RAJASTHAN,BARMER,2011,29,27,0,21,0,21,34
RAJASTHAN,BHARATPUR,2011,95,83,2,69,0,69,193
RAJASTHAN,BHILWARA,2011,34,30,5,52,0,52,85
RAJASTHAN,BIKANER,2011,39,47,15,55,0,55,31
RAJASTHAN,BUNDI,2011,22,44,5,40,0,40,110
RAJASTHAN,CHITTORGARH,2011,27,37,2,50,0,50,116
RAJASTHAN,CHURU,2011,40,46,0,37,0,37,33
RAJASTHAN,DAUSA,2011,24,18,6,13,0,13,98
RAJASTHAN,DHOLPUR,2011,56,66,1,32,0,32,76
RAJASTHAN,DUNGARPUR,2011,24,11,1,39,0,39,89
RAJASTHAN,G.R.P.AJMER,2011,6,6,0,2,0,2,6
RAJASTHAN,G.R.P.JODHPUR,2011,4,1,0,0,0,0,2
RAJASTHAN,GANGANAGAR,2011,56,76,1,99,0,99,76
RAJASTHAN,HANUMANGARH,2011,53,48,1,82,0,82,46
RAJASTHAN,JAIPUR EAST,2011,23,36,0,31,0,31,78
RAJASTHAN,JAIPUR NORTH,2011,17,18,2,20,0,20,43
RAJASTHAN,JAIPUR RURAL,2011,49,28,3,37,0,37,88
RAJASTHAN,JAIPUR SOUTH,2011,16,9,4,18,0,18,53
RAJASTHAN,JAIPUR WEST,2011,27,19,0,23,0,23,88
RAJASTHAN,JAISALMER,2011,11,8,0,4,0,4,7
RAJASTHAN,JALORE,2011,35,14,0,22,0,22,50
RAJASTHAN,JHALAWAR,2011,33,64,1,67,0,67,70
RAJASTHAN,JHUNJHUNU,2011,41,35,2,51,0,51,79
RAJASTHAN,JODHPUR CITY,2011,29,54,6,33,0,33,58
RAJASTHAN,JODHPUR RURAL,2011,21,9,0,26,0,26,38
RAJASTHAN,KARAULI,2011,32,44,0,38,0,38,108
RAJASTHAN,KOTA CITY,2011,35,100,6,24,0,24,91
RAJASTHAN,KOTA RURAL,2011,26,57,4,44,0,44,59
RAJASTHAN,NAGAUR,2011,44,62,1,70,0,70,68
RAJASTHAN,PALI,2011,31,80,8,64,0,64,106
RAJASTHAN,PRATAPGARH,2011,39,31,0,103,0,103,79
RAJASTHAN,RAJSAMAND,2011,21,20,2,14,0,14,52
RAJASTHAN,SAWAI MADHOPUR,2011,31,30,1,24,0,24,89
RAJASTHAN,SIKAR,2011,49,32,0,50,0,50,91
RAJASTHAN,SIROHI,2011,19,28,0,27,0,27,60
RAJASTHAN,TONK,2011,28,14,3,25,0,25,79
RAJASTHAN,UDAIPUR,2011,83,90,1,110,0,110,198
RAJASTHAN,TOTAL,2011,1461,1566,100,1800,0,1800,3204
SIKKIM,EAST,2011,8,3,3,7,0,7,5
SIKKIM,NORTH,2011,1,0,0,0,0,0,0
SIKKIM,SOUTH,2011,2,3,4,4,0,4,4
SIKKIM,WEST,2011,3,1,1,5,0,5,1
SIKKIM,TOTAL,2011,14,7,8,16,0,16,10
TAMIL NADU,ARIYALUR,2011,28,23,0,16,0,16,19
TAMIL NADU,CHENNAI,2011,168,332,1,76,0,76,56
TAMIL NADU,CHENNAI RLY.,2011,6,5,0,0,0,0,1
TAMIL NADU,COIMBATORE RURAL,2011,39,31,0,5,0,5,48
TAMIL NADU,COIMBATORE URBAN,2011,26,41,0,9,0,9,27
TAMIL NADU,CUDDALORE,2011,68,201,0,30,0,30,102
TAMIL NADU,DHARMAPURI,2011,55,28,7,14,0,14,70
TAMIL NADU,DINDIGUL,2011,65,81,0,18,0,18,50
TAMIL NADU,ERODE,2011,47,30,1,10,0,10,42
TAMIL NADU,KANCHIPURAM,2011,87,85,0,19,0,19,22
TAMIL NADU,KANYAKUMARI,2011,44,70,0,10,0,10,50
TAMIL NADU,KARUR,2011,28,31,0,8,0,8,60
TAMIL NADU,KRISHNAGIRI,2011,72,43,0,12,0,12,64
TAMIL NADU,MADURAI RURAL,2011,71,140,1,21,0,21,94
TAMIL NADU,MADURAI URBAN,2011,35,56,0,7,0,7,25
TAMIL NADU,NAGAPATTINAM,2011,44,41,0,13,0,13,34
TAMIL NADU,NAMAKKAL,2011,38,31,0,8,0,8,63
TAMIL NADU,NILGIRIS,2011,17,15,0,6,0,6,7
TAMIL NADU,PERAMBALUR,2011,14,20,0,7,0,7,25
TAMIL NADU,PUDUKOTTAI,2011,35,70,1,7,0,7,43
TAMIL NADU,RAMNATHAPURAM,2011,42,60,0,6,0,6,53
TAMIL NADU,SALEM RURAL,2011,70,74,1,35,0,35,108
TAMIL NADU,SALEM URBAN,2011,28,26,0,23,0,23,38
TAMIL NADU,SIVAGANGAI,2011,30,40,1,5,0,5,35
TAMIL NADU,THANJAVUR,2011,61,97,0,10,0,10,46
TAMIL NADU,THENI,2011,34,113,2,22,0,22,88
TAMIL NADU,THIRUNELVELI RURAL,2011,94,196,0,52,0,52,56
TAMIL NADU,THIRUNELVELI URBAN,2011,22,53,0,7,0,7,17
TAMIL NADU,THIRUVALLUR,2011,30,38,3,6,0,6,10
TAMIL NADU,THIRUVANNAMALAI,2011,45,49,0,24,0,24,75
TAMIL NADU,THIRUVARUR,2011,24,38,1,4,0,4,21
TAMIL NADU,THOOTHUGUDI,2011,72,216,1,29,0,29,42
TAMIL NADU,TIRUPPUR,2011,47,24,0,9,0,9,61
TAMIL NADU,TRICHY RLY.,2011,5,1,0,0,0,0,0
TAMIL NADU,TRICHY RURAL,2011,49,77,0,13,0,13,59
TAMIL NADU,TRICHY URBAN,2011,27,21,1,6,0,6,28
TAMIL NADU,VELLORE,2011,77,72,5,25,0,25,84
TAMIL NADU,VILLUPURAM,2011,87,325,2,86,0,86,206
TAMIL NADU,VIRUDHUNAGAR,2011,46,68,0,19,0,19,55
TAMIL NADU,TOTAL,2011,1877,2962,28,677,0,677,1984
TRIPURA,DHALAI,2011,24,13,0,21,0,21,16
TRIPURA,GRP,2011,1,0,0,0,0,0,0
TRIPURA,NORTH,2011,31,9,0,40,0,40,31
TRIPURA,SOUTH,2011,36,31,0,58,0,58,34
TRIPURA,WEST,2011,71,22,0,86,0,86,73
TRIPURA,TOTAL,2011,163,75,0,205,0,205,154
UTTAR PRADESH,AGRA,2011,181,182,38,76,0,76,395
UTTAR PRADESH,ALIGARH,2011,168,174,33,66,0,66,320
UTTAR PRADESH,ALLAHABAD,2011,156,126,34,67,0,67,220
UTTAR PRADESH,AMBEDKAR NAGAR,2011,42,39,10,16,0,16,80
UTTAR PRADESH,AURAIYA,2011,29,20,9,15,0,15,76
UTTAR PRADESH,AZAMGARH,2011,55,40,31,28,0,28,120
UTTAR PRADESH,BADAUN,2011,97,124,40,18,0,18,137
UTTAR PRADESH,BAGHPAT,2011,66,87,17,12,0,12,88
UTTAR PRADESH,BAHRAICH,2011,53,55,19,57,0,57,133
UTTAR PRADESH,BALLIA,2011,33,53,15,7,0,7,66
UTTAR PRADESH,BALRAMPUR,2011,16,12,9,10,0,10,50
UTTAR PRADESH,BANDA,2011,40,27,19,26,0,26,48
UTTAR PRADESH,BARABANKI,2011,71,52,21,36,0,36,142
UTTAR PRADESH,BAREILLY,2011,116,150,40,34,0,34,205
UTTAR PRADESH,BASTI,2011,21,10,11,7,0,7,29
UTTAR PRADESH,BHIM NAGAR,2011,72,90,14,34,0,34,114
UTTAR PRADESH,BIJNOR,2011,85,37,20,39,0,39,128
UTTAR PRADESH,BULANDSHAHAR,2011,162,175,27,47,0,47,218
UTTAR PRADESH,CHANDOLI,2011,19,13,9,8,0,8,20
UTTAR PRADESH,CHITRAKOOT DHAM,2011,24,6,9,20,0,20,25
UTTAR PRADESH,CSM NAGAR,2011,30,36,9,20,0,20,99
UTTAR PRADESH,DEORIA,2011,34,17,12,8,0,8,58
UTTAR PRADESH,ETAH,2011,54,83,18,19,0,19,69
UTTAR PRADESH,ETAWAH,2011,59,44,15,13,0,13,81
UTTAR PRADESH,FAIZABAD,2011,49,31,18,27,0,27,119
UTTAR PRADESH,FATEHGARH,2011,61,45,14,16,0,16,91
UTTAR PRADESH,FATEHPUR,2011,64,32,12,40,0,40,106
UTTAR PRADESH,FIROZABAD,2011,96,104,23,32,0,32,174
UTTAR PRADESH,G.R.P.,2011,30,14,9,2,0,2,13
UTTAR PRADESH,GAUTAMBUDH NAGAR,2011,88,106,15,25,0,25,141
UTTAR PRADESH,GHAZIABAD,2011,162,136,35,22,0,22,257
UTTAR PRADESH,GHAZIPUR,2011,46,29,19,11,0,11,21
UTTAR PRADESH,GONDA,2011,46,51,22,34,0,34,129
UTTAR PRADESH,GORAKHPUR,2011,105,100,31,50,0,50,232
UTTAR PRADESH,HAMIRPUR,2011,34,20,17,12,0,12,38
UTTAR PRADESH,HARDOI,2011,61,51,35,24,0,24,130
UTTAR PRADESH,HATHRAS,2011,61,49,10,35,0,35,93
UTTAR PRADESH,J.P.NAGAR,2011,66,36,18,44,0,44,61
UTTAR PRADESH,JALAUN,2011,38,22,19,7,0,7,49
UTTAR PRADESH,JAUNPUR,2011,41,47,26,14,0,14,93
UTTAR PRADESH,JHANSI,2011,66,29,11,19,0,19,97
UTTAR PRADESH,KANNAUJ,2011,37,41,17,14,0,14,107
UTTAR PRADESH,KANPUR NAGAR,2011,159,140,41,71,0,71,343
UTTAR PRADESH,KANSHIRAM NAGAR,2011,46,43,18,22,0,22,62
UTTAR PRADESH,KAUSHAMBI,2011,52,19,11,23,0,23,53
UTTAR PRADESH,KHIRI,2011,89,93,32,35,0,35,140
UTTAR PRADESH,KUSHI NAGAR,2011,50,24,26,13,0,13,76
UTTAR PRADESH,LALITPUR,2011,19,11,13,15,0,15,37
UTTAR PRADESH,LUCKNOW,2011,119,97,46,55,0,55,292
UTTAR PRADESH,MAHARAJGANJ,2011,22,10,13,18,0,18,43
UTTAR PRADESH,MAHOBA,2011,13,19,16,16,0,16,33
UTTAR PRADESH,MAINPURI,2011,82,74,24,33,0,33,111
UTTAR PRADESH,MATHURA,2011,113,125,13,39,0,39,145
UTTAR PRADESH,MAU,2011,28,70,15,19,0,19,66
UTTAR PRADESH,MEERUT,2011,189,235,25,79,0,79,323
UTTAR PRADESH,MIRZAPUR,2011,28,3,10,3,0,3,5
UTTAR PRADESH,MORADABAD,2011,103,89,19,55,0,55,183
UTTAR PRADESH,MUZAFFARNAGAR,2011,126,166,13,19,0,19,238
UTTAR PRADESH,PANCHSHIL NAGAR,2011,61,72,10,18,0,18,100
UTTAR PRADESH,PILIBHIT,2011,46,32,7,12,0,12,69
UTTAR PRADESH,PRABUDDH NAGAR,2011,57,65,12,11,0,11,66
UTTAR PRADESH,PRATAPGARH,2011,58,56,17,24,0,24,90
UTTAR PRADESH,RAIBAREILLY,2011,36,28,17,29,0,29,60
UTTAR PRADESH,RAMABAI NAGAR,2011,50,27,20,21,0,21,90
UTTAR PRADESH,RAMPUR,2011,79,91,8,43,0,43,121
UTTAR PRADESH,SAHARANPUR,2011,78,78,21,21,0,21,90
UTTAR PRADESH,SANT KABIRNAGAR,2011,17,18,12,17,0,17,48
UTTAR PRADESH,SHAHJAHANPUR,2011,87,108,24,40,0,40,141
UTTAR PRADESH,SHRAWASTI,2011,18,13,9,16,0,16,40
UTTAR PRADESH,SIDHARTHNAGAR,2011,14,6,10,9,0,9,42
UTTAR PRADESH,SITAPUR,2011,102,68,26,66,0,66,232
UTTAR PRADESH,SONBHADRA,2011,18,11,18,19,0,19,26
UTTAR PRADESH,ST.RAVIDASNAGAR,2011,8,9,8,2,0,2,7
UTTAR PRADESH,SULTANPUR,2011,41,57,19,21,0,21,52
UTTAR PRADESH,UNNAO,2011,61,48,33,36,0,36,112
UTTAR PRADESH,VARANASI,2011,48,53,18,11,0,11,92
UTTAR PRADESH,TOTAL,2011,4951,4653,1454,2042,0,2042,8500
UTTARAKHAND,ALMORA,2011,2,0,1,3,0,3,2
UTTARAKHAND,BAGESHWAR,2011,1,0,1,2,0,2,2
UTTARAKHAND,CHAMOLI,2011,4,2,0,2,0,2,1
UTTARAKHAND,CHAMPAWAT,2011,2,6,0,4,0,4,3
UTTARAKHAND,DEHRADUN,2011,25,35,16,31,0,31,55
UTTARAKHAND,HARIDWAR,2011,56,58,13,26,0,26,95
UTTARAKHAND,NAINITAL,2011,17,14,8,10,0,10,24
UTTARAKHAND,PAURI GARHWAL,2011,6,1,4,1,0,1,5
UTTARAKHAND,PITHORAGARH,2011,5,3,1,9,0,9,4
UTTARAKHAND,RUDRA PRAYAG,2011,5,3,2,3,0,3,4
UTTARAKHAND,TEHRI GARHWAL,2011,4,1,0,3,0,3,1
UTTARAKHAND,UDHAMSINGH NAGAR,2011,49,65,7,31,0,31,116
UTTARAKHAND,UTTARKASHI,2011,2,1,1,4,0,4,2
UTTARAKHAND,TOTAL,2011,178,189,54,129,0,129,314
WEST BENGAL,24 PARGANAS NORTH,2011,232,215,126,203,0,203,587
WEST BENGAL,24 PARGANAS SOUTH,2011,247,3,33,274,0,274,349
WEST BENGAL,ASANSOL,2011,58,3,11,31,0,31,64
WEST BENGAL,BANKURA,2011,67,45,3,44,0,44,42
WEST BENGAL,BIRBHUM,2011,93,83,34,44,0,44,58
WEST BENGAL,BURDWAN,2011,90,19,16,52,0,52,101
WEST BENGAL,COOCHBEHAR,2011,53,112,13,133,0,133,194
WEST BENGAL,DAKSHIN DINAJPUR,2011,42,92,14,55,0,55,121
WEST BENGAL,DARJEELING,2011,57,0,8,49,0,49,88
WEST BENGAL,HOOGHLY,2011,112,31,21,54,0,54,130
WEST BENGAL,HOWRAH,2011,39,38,9,35,0,35,129
WEST BENGAL,HOWRAH CITY,2011,38,0,12,24,0,24,110
WEST BENGAL,HOWRAH G.R.P.,2011,6,9,1,1,0,1,8
WEST BENGAL,JALPAIGURI,2011,108,79,27,211,0,211,293
WEST BENGAL,KHARAGPUR G.R.P.,2011,4,0,1,0,0,0,2
WEST BENGAL,KOLKATA,2011,54,85,28,46,0,46,148
WEST BENGAL,MALDA,2011,98,108,15,179,0,179,243
WEST BENGAL,MURSHIDABAD,2011,145,637,28,433,0,433,566
WEST BENGAL,NADIA,2011,136,375,26,185,0,185,500
WEST BENGAL,PASCHIM MIDNAPUR,2011,171,111,23,53,0,53,141
WEST BENGAL,PURAB MIDNAPUR,2011,84,13,19,65,0,65,175
WEST BENGAL,PURULIA,2011,93,0,4,65,0,65,52
WEST BENGAL,SEALDAH G.R.P.,2011,13,6,2,1,0,1,8
WEST BENGAL,SILIGURI G.R.P.,2011,3,0,0,0,0,0,4
WEST BENGAL,UTTAR DINAJPUR,2011,66,178,12,126,0,126,172
WEST BENGAL,TOTAL,2011,2109,2242,486,2363,0,2363,4285
A & N ISLANDS,ANDAMAN,2011,14,5,2,13,0,13,15
A & N ISLANDS,NICOBAR,2011,0,1,0,0,0,0,0
A & N ISLANDS,TOTAL,2011,14,6,2,13,0,13,15
CHANDIGARH,CHANDIGARH,2011,24,40,6,27,0,27,58
CHANDIGARH,TOTAL,2011,24,40,6,27,0,27,58
D & N HAVELI,D and N HAVELI,2011,14,2,0,4,0,4,9
D & N HAVELI,TOTAL,2011,14,2,0,4,0,4,9
DAMAN & DIU,DAMAN,2011,6,1,0,1,0,1,2
DAMAN & DIU,DIU,2011,0,0,0,0,0,0,1
DAMAN & DIU,TOTAL,2011,6,1,0,1,0,1,3
DELHI UT,CAW,2011,0,0,0,1,0,1,0
DELHI UT,CENTRAL,2011,25,15,10,16,0,16,154
DELHI UT,CRIME BRANCH,2011,1,4,0,1,0,1,0
DELHI UT,DELHI UT TOTAL,2011,543,386,71,572,0,572,3767
DELHI UT,EAST,2011,54,53,6,55,0,55,393
DELHI UT,EOW,2011,0,0,0,0,0,0,0
DELHI UT,GRP(RLY),2011,10,3,0,4,0,4,25
DELHI UT,IGI AIRPORT,2011,1,0,0,0,0,0,3
DELHI UT,NEW DELHI,2011,6,4,3,2,0,2,33
DELHI UT,NORTH,2011,38,19,3,11,0,11,177
DELHI UT,NORTH-EAST,2011,66,43,9,69,0,69,530
DELHI UT,NORTH-WEST,2011,51,36,2,58,0,58,331
DELHI UT,OUTER,2011,84,60,10,73,0,73,577
DELHI UT,SOUTH,2011,30,25,5,65,0,65,222
DELHI UT,SOUTH-EAST,2011,61,33,6,75,0,75,478
DELHI UT,SOUTH-WEST,2011,51,44,5,69,0,69,391
DELHI UT,STF,2011,1,2,0,0,0,0,0
DELHI UT,WEST,2011,64,45,12,73,0,73,453
LAKSHADWEEP,LAKSHADWEEP,2011,0,1,0,0,0,0,0
LAKSHADWEEP,TOTAL,2011,0,1,0,0,0,0,0
PUDUCHERRY,KARAIKAL,2011,0,2,2,0,0,0,1
PUDUCHERRY,PUDUCHERRY,2011,32,20,10,7,0,7,11
PUDUCHERRY,TOTAL,2011,32,22,12,7,0,7,12
ANDHRA PRADESH,ADILABAD,2012,81,80,14,88,0,88,82
ANDHRA PRADESH,ANANTAPUR,2012,173,123,3,18,0,18,74
ANDHRA PRADESH,CHITTOOR,2012,91,75,5,28,0,28,56
ANDHRA PRADESH,CUDDAPAH,2012,118,96,2,26,0,26,76
ANDHRA PRADESH,CYBERABAD,2012,198,113,10,75,0,75,158
ANDHRA PRADESH,EAST GODAVARI,2012,70,94,3,71,0,71,54
ANDHRA PRADESH,GUNTAKAL RLY.,2012,7,0,0,1,0,1,1
ANDHRA PRADESH,GUNTUR,2012,96,68,1,23,0,23,63
ANDHRA PRADESH,GUNTUR URBAN,2012,56,53,3,24,0,24,42
ANDHRA PRADESH,HYDERABAD CITY,2012,102,166,6,74,0,74,88
ANDHRA PRADESH,KARIMNAGAR,2012,128,112,11,40,0,40,141
ANDHRA PRADESH,KHAMMAM,2012,130,110,7,78,0,78,73
ANDHRA PRADESH,KRISHNA,2012,78,53,1,67,0,67,67
ANDHRA PRADESH,KURNOOL,2012,111,143,4,22,0,22,58
ANDHRA PRADESH,MAHABOOBNAGAR,2012,182,90,15,56,0,56,76
ANDHRA PRADESH,MEDAK,2012,113,43,5,26,0,26,54
ANDHRA PRADESH,NALGONDA,2012,86,88,6,52,0,52,89
ANDHRA PRADESH,NELLORE,2012,94,86,1,23,0,23,90
ANDHRA PRADESH,NIZAMABAD,2012,113,48,12,35,0,35,38
ANDHRA PRADESH,PRAKASHAM,2012,108,117,5,37,0,37,84
ANDHRA PRADESH,RAJAHMUNDRY,2012,23,25,3,13,0,13,9
ANDHRA PRADESH,RANGA REDDY,2012,72,27,5,27,0,27,22
ANDHRA PRADESH,SECUNDERABAD RLY.,2012,4,0,0,2,0,2,0
ANDHRA PRADESH,SRIKAKULAM,2012,35,40,1,39,0,39,18
ANDHRA PRADESH,TIRUPATHI URBAN,2012,37,29,2,12,0,12,25
ANDHRA PRADESH,VIJAYAWADA CITY,2012,42,56,6,47,0,47,66
ANDHRA PRADESH,VIJAYAWADA RLY.,2012,7,1,0,0,0,0,3
ANDHRA PRADESH,VISAKHA RURAL,2012,67,29,4,27,0,27,22
ANDHRA PRADESH,VISAKHAPATNAM,2012,44,27,1,50,0,50,27
ANDHRA PRADESH,VIZIANAGARAM,2012,44,36,7,44,0,44,21
ANDHRA PRADESH,WARANGAL,2012,75,47,10,56,0,56,66
ANDHRA PRADESH,WARANGAL URBAN,2012,41,17,1,30,0,30,41
ANDHRA PRADESH,WEST GODAVARI,2012,91,91,4,130,0,130,86
ANDHRA PRADESH,TOTAL,2012,2717,2183,158,1341,0,1341,1870
ARUNACHAL PRADESH,ANJAW,2012,0,0,0,0,0,0,1
ARUNACHAL PRADESH,CHANGLANG,2012,7,6,0,6,0,6,12
ARUNACHAL PRADESH,DIBANG VALLEY,2012,4,0,0,2,0,2,5
ARUNACHAL PRADESH,K/KUMEY,2012,1,0,0,2,0,2,1
ARUNACHAL PRADESH,KAMENG EAST,2012,9,1,1,6,0,6,2
ARUNACHAL PRADESH,KAMENG WEST,2012,6,1,0,0,0,0,3
ARUNACHAL PRADESH,LOHIT,2012,11,4,0,3,0,3,12
ARUNACHAL PRADESH,PAPUM PARE,2012,4,5,0,7,0,7,20
ARUNACHAL PRADESH,RURAL,2012,6,1,0,6,0,6,4
ARUNACHAL PRADESH,SIANG EAST,2012,5,0,0,6,0,6,1
ARUNACHAL PRADESH,SIANG UPPER,2012,1,1,0,1,0,1,3
ARUNACHAL PRADESH,SIANG WEST,2012,4,1,0,2,0,2,4
ARUNACHAL PRADESH,SUBANSIRI LOWER,2012,4,1,0,0,0,0,4
ARUNACHAL PRADESH,SUBANSIRI UPPER,2012,3,0,0,4,0,4,4
ARUNACHAL PRADESH,TAWANG,2012,2,0,0,0,0,0,0
ARUNACHAL PRADESH,TIRAP,2012,6,7,0,1,0,1,6
ARUNACHAL PRADESH,UPPER DIBANG VALLEY,2012,0,1,0,0,0,0,0
ARUNACHAL PRADESH,TOTAL,2012,73,29,1,46,0,46,82
ASSAM,BAKSA,2012,38,7,0,33,0,33,62
ASSAM,BARPETA,2012,34,21,1,98,0,98,225
ASSAM,BIEO,2012,0,0,0,0,0,0,0
ASSAM,BONGAIGAON,2012,17,9,0,50,0,50,73
ASSAM,C.I.D.,2012,1,0,0,4,0,4,2
ASSAM,CACHAR,2012,72,0,0,94,0,94,175
ASSAM,CHIRANG,2012,40,4,0,24,0,24,40
ASSAM,DARRANG,2012,36,3,0,88,0,88,191
ASSAM,DHEMAJI,2012,24,10,0,74,0,74,87
ASSAM,DHUBRI,2012,65,46,1,159,0,159,315
ASSAM,DIBRUGARH,2012,81,33,2,50,0,50,134
ASSAM,G.R.P.,2012,15,0,0,3,0,3,4
ASSAM,GOALPARA,2012,55,44,3,65,0,65,84
ASSAM,GOLAGHAT,2012,58,34,0,60,0,60,181
ASSAM,GUWAHATI CITY,2012,83,6,3,78,0,78,341
ASSAM,HAILAKANDI,2012,24,13,0,56,0,56,96
ASSAM,HAMREN,2012,9,0,0,3,0,3,16
ASSAM,JORHAT,2012,36,36,0,42,0,42,106
ASSAM,KAMRUP,2012,48,11,2,54,0,54,121
ASSAM,KARBI ANGLONG,2012,35,24,1,28,0,28,58
ASSAM,KARIMGANJ,2012,36,22,0,32,0,32,85
ASSAM,KOKRAJHAR,2012,110,42,0,27,0,27,90
ASSAM,LAKHIMPUR,2012,37,10,13,62,0,62,128
ASSAM,MORIGAON,2012,20,33,0,58,0,58,88
ASSAM,N.C.HILLS,2012,15,13,11,5,0,5,23
ASSAM,NAGAON,2012,74,86,9,173,0,173,351
ASSAM,NALBARI,2012,22,3,1,34,0,34,101
ASSAM,R.P.O.,2012,2,0,0,0,0,0,8
ASSAM,SIBSAGAR,2012,71,60,0,78,0,78,168
ASSAM,SONITPUR,2012,91,41,1,97,0,97,241
ASSAM,TINSUKIA,2012,86,32,6,64,0,64,160
ASSAM,UDALGURI,2012,33,27,0,23,0,23,58
ASSAM,TOTAL,2012,1368,670,54,1716,0,1716,3812
BIHAR,ARARIA,2012,81,107,15,53,0,53,122
BIHAR,ARWAL,2012,20,72,5,5,0,5,26
BIHAR,AURANGABAD,2012,89,192,2,22,0,22,71
BIHAR,BAGAHA,2012,43,0,0,11,0,11,76
BIHAR,BANKA,2012,76,35,3,17,0,17,52
BIHAR,BEGUSARAI,2012,120,261,0,11,0,11,143
BIHAR,BETTIAH,2012,83,150,5,35,0,35,166
BIHAR,BHABHUA,2012,48,43,23,10,0,10,45
BIHAR,BHAGALPUR,2012,99,77,6,31,0,31,132
BIHAR,BHOJPUR,2012,71,121,6,9,0,9,74
BIHAR,BUXAR,2012,56,110,7,21,0,21,89
BIHAR,DARBHANGA,2012,78,407,24,44,0,44,207
BIHAR,GAYA,2012,153,39,4,35,0,35,154
BIHAR,GOPALGANJ,2012,103,37,3,20,0,20,135
BIHAR,JAMALPUR RLY.,2012,8,9,0,1,0,1,2
BIHAR,JAMUI,2012,79,137,16,27,0,27,56
BIHAR,JEHANABAD,2012,46,12,2,8,0,8,47
BIHAR,KATIHAR,2012,91,94,2,73,0,73,137
BIHAR,KATIHAR RLY.,2012,13,1,1,0,0,0,8
BIHAR,KHAGARIA,2012,65,72,2,18,0,18,53
BIHAR,KISHANGANJ,2012,39,0,1,32,0,32,72
BIHAR,LAKHISARAI,2012,40,86,2,13,0,13,39
BIHAR,MADHEPURA,2012,56,130,4,31,0,31,77
BIHAR,MADHUBANI,2012,77,71,0,31,0,31,191
BIHAR,MOTIHARI,2012,124,735,6,22,0,22,233
BIHAR,MUNGER,2012,68,32,3,9,0,9,65
BIHAR,MUZAFFARPUR,2012,198,611,12,34,0,34,279
BIHAR,MUZAFFARPUR RLY.,2012,11,0,2,2,0,2,1
BIHAR,NALANDA,2012,114,75,34,11,0,11,113
BIHAR,NAUGACHIA,2012,47,95,12,2,0,2,21
BIHAR,NAWADAH,2012,82,30,4,18,0,18,89
BIHAR,PATNA,2012,356,86,17,49,0,49,376
BIHAR,PATNA RLY.,2012,11,9,0,2,0,2,8
BIHAR,PURNEA,2012,97,228,2,39,0,39,142
BIHAR,ROHTAS,2012,132,214,4,26,0,26,130
BIHAR,SAHARSA,2012,53,198,6,16,0,16,95
BIHAR,SAMASTIPUR,2012,99,241,15,24,0,24,131
BIHAR,SARAN,2012,128,289,13,23,0,23,178
BIHAR,SHEIKHPURA,2012,30,88,2,10,0,10,39
BIHAR,SHEOHAR,2012,20,6,0,2,0,2,32
BIHAR,SITAMARHI,2012,97,35,7,20,0,20,167
BIHAR,SIWAN,2012,112,55,0,20,0,20,193
BIHAR,SUPAUL,2012,31,9,0,20,0,20,118
BIHAR,VAISHALI,2012,122,153,13,20,0,20,223
BIHAR,TOTAL,2012,3566,5452,285,927,0,927,4807
CHHATTISGARH,BALOD,2012,15,2,2,22,0,22,7
CHHATTISGARH,BALODA BAZAR,2012,24,18,2,45,0,45,18
CHHATTISGARH,BALRAMPUR,2012,39,18,0,64,0,64,5
CHHATTISGARH,BEMETARA,2012,12,15,0,24,0,24,19
CHHATTISGARH,BILASPUR,2012,74,42,1,47,0,47,33
CHHATTISGARH,BIZAPUR,2012,46,58,0,4,0,4,3
CHHATTISGARH,DANTEWARA,2012,40,12,1,7,0,7,1
CHHATTISGARH,DHAMTARI,2012,17,7,1,21,0,21,2
CHHATTISGARH,DURG,2012,52,44,1,91,0,91,55
CHHATTISGARH,GARIYABAND,2012,13,13,2,19,0,19,6
CHHATTISGARH,GRP RAIPUR,2012,3,1,1,2,0,2,7
CHHATTISGARH,JAGDALPUR,2012,42,22,2,36,0,36,11
CHHATTISGARH,JANJGIR,2012,51,16,1,33,0,33,21
CHHATTISGARH,JASHPUR,2012,54,27,1,80,0,80,60
CHHATTISGARH,KABIRDHAM,2012,17,20,0,22,0,22,14
CHHATTISGARH,KANKER,2012,32,21,1,23,0,23,9
CHHATTISGARH,KONDAGAON,2012,21,8,0,11,0,11,7
CHHATTISGARH,KORBA,2012,44,9,1,43,0,43,16
CHHATTISGARH,KORIYA,2012,38,17,0,42,0,42,13
CHHATTISGARH,MAHASAMUND,2012,33,9,0,28,0,28,38
CHHATTISGARH,MUNGELI,2012,18,4,0,6,0,6,13
CHHATTISGARH,NARAYANPUR,2012,12,20,0,5,0,5,6
CHHATTISGARH,RAIGARH,2012,61,41,6,69,0,69,15
CHHATTISGARH,RAIPUR,2012,56,46,2,111,0,111,22
CHHATTISGARH,RAJNANDGAON,2012,45,29,1,31,0,31,9
CHHATTISGARH,SARGUJA,2012,56,28,0,73,0,73,18
CHHATTISGARH,SUKMA,2012,24,30,0,1,0,1,7
CHHATTISGARH,SURAJPUR,2012,59,16,0,74,0,74,15
CHHATTISGARH,TOTAL,2012,998,593,26,1034,0,1034,450
GOA,NORTH GOA,2012,28,20,3,26,0,26,15
GOA,SOUTH GOA,2012,17,15,0,29,0,29,9
GOA,TOTAL,2012,45,35,3,55,0,55,24
GUJARAT,AHMEDABAD COMMR.,2012,90,49,7,63,0,63,229
GUJARAT,AHMEDABAD RURAL,2012,34,33,8,5,0,5,67
GUJARAT,AHWA-DANG,2012,7,0,0,1,0,1,1
GUJARAT,AMRELI,2012,18,19,2,10,0,10,80
GUJARAT,ANAND,2012,25,24,2,9,0,9,56
GUJARAT,BHARUCH,2012,42,12,0,12,0,12,28
GUJARAT,BHAVNAGAR,2012,46,23,1,13,0,13,105
GUJARAT,CID CRIME,2012,1,0,0,1,0,1,0
GUJARAT,DAHOD,2012,34,13,0,10,0,10,72
GUJARAT,GANDHINAGAR,2012,23,4,1,20,0,20,29
GUJARAT,HIMATNAGAR,2012,30,6,1,10,0,10,57
GUJARAT,JAMNAGAR,2012,43,40,2,22,0,22,41
GUJARAT,JUNAGADH,2012,40,17,0,15,0,15,63
GUJARAT,KHEDA NORTH,2012,24,8,0,18,0,18,62
GUJARAT,KUTCH (EAST(G)),2012,19,15,0,17,0,17,25
GUJARAT,KUTCH (WEST-BHUJ),2012,24,5,1,8,0,8,18
GUJARAT,MEHSANA,2012,31,28,2,10,0,10,59
GUJARAT,NARMADA,2012,17,3,0,7,0,7,6
GUJARAT,NAVSARI,2012,19,9,0,4,0,4,15
GUJARAT,PALANPUR,2012,44,32,1,49,0,49,118
GUJARAT,PANCHMAHAL,2012,54,16,1,5,0,5,74
GUJARAT,PATAN,2012,18,15,1,7,0,7,31
GUJARAT,PORBANDAR,2012,18,8,0,10,0,10,8
GUJARAT,RAJKOT COMMR.,2012,41,28,3,11,0,11,66
GUJARAT,RAJKOT RURAL,2012,48,21,2,20,0,20,62
GUJARAT,SURAT COMMR.,2012,98,26,1,40,0,40,91
GUJARAT,SURAT RURAL,2012,55,16,0,13,0,13,33
GUJARAT,SURENDRANAGAR,2012,40,26,0,19,0,19,51
GUJARAT,TAPI,2012,11,4,2,5,0,5,3
GUJARAT,VADODARA COMMR.,2012,29,34,0,11,0,11,67
GUJARAT,VADODARA RURAL,2012,74,6,4,15,0,15,73
GUJARAT,VALSAD,2012,21,14,0,12,0,12,25
GUJARAT,W.RLY AHMEDABAD,2012,3,3,0,1,0,1,2
GUJARAT,W.RLY VADODARA,2012,5,0,1,0,0,0,3
GUJARAT,TOTAL,2012,1126,557,43,473,0,473,1720
HARYANA,AMBALA RURAL,2012,13,15,1,11,0,11,28
HARYANA,AMBALA URBAN,2012,15,16,3,21,0,21,75
HARYANA,BHIWANI,2012,81,48,3,28,0,28,109
HARYANA,FARIDABAD,2012,72,50,6,47,0,47,103
HARYANA,FATEHABAD,2012,17,23,3,15,0,15,49
HARYANA,GRP,2012,21,6,0,1,0,1,10
HARYANA,GURGAON,2012,82,66,3,44,0,44,56
HARYANA,HISSAR,2012,76,67,4,44,0,44,114
HARYANA,JHAJJAR,2012,64,50,3,20,0,20,38
HARYANA,JIND,2012,50,36,5,34,0,34,58
HARYANA,KAITHAL,2012,31,20,7,18,0,18,38
HARYANA,KARNAL,2012,59,60,2,63,0,63,103
HARYANA,KURUKSHETRA,2012,26,38,3,25,0,25,37
HARYANA,MAHENDRAGARH,2012,39,28,0,14,0,14,25
HARYANA,MEWAT,2012,12,52,0,50,0,50,29
HARYANA,PALWAL,2012,43,67,6,32,0,32,54
HARYANA,PANCHKULA,2012,15,10,1,18,0,18,40
HARYANA,PANIPAT,2012,47,28,6,35,0,35,87
HARYANA,REWARI,2012,31,40,5,24,0,24,26
HARYANA,ROHTAK,2012,60,63,1,37,0,37,35
HARYANA,SIRSA,2012,27,26,1,30,0,30,90
HARYANA,SONIPAT,2012,86,67,4,32,0,32,62
HARYANA,YAMUNANAGAR,2012,24,34,1,25,0,25,83
HARYANA,TOTAL,2012,991,910,68,668,0,668,1349
HIMACHAL PRADESH,BADDIPOLICEDIST,2012,7,4,0,12,0,12,10
HIMACHAL PRADESH,BILASPUR,2012,8,8,0,12,0,12,7
HIMACHAL PRADESH,CHAMBA,2012,7,0,1,10,0,10,14
HIMACHAL PRADESH,CID,2012,0,0,0,0,0,0,0
HIMACHAL PRADESH,G.R.P.,2012,0,1,0,0,0,0,0
HIMACHAL PRADESH,HAMIRPUR,2012,6,5,2,8,0,8,6
HIMACHAL PRADESH,KANGRA,2012,24,8,2,26,0,26,52
HIMACHAL PRADESH,KINNAUR,2012,2,1,0,6,0,6,2
HIMACHAL PRADESH,KULLU,2012,9,3,1,22,0,22,7
HIMACHAL PRADESH,LAHAUL-SPITI,2012,0,0,0,2,0,2,0
HIMACHAL PRADESH,MANDI,2012,15,6,1,28,0,28,19
HIMACHAL PRADESH,SHIMLA,2012,18,6,1,23,0,23,29
HIMACHAL PRADESH,SIRMAUR,2012,8,4,1,17,0,17,11
HIMACHAL PRADESH,SOLAN,2012,3,5,0,9,0,9,8
HIMACHAL PRADESH,UNA,2012,6,2,0,8,0,8,7
HIMACHAL PRADESH,TOTAL,2012,113,53,9,183,0,183,172
JAMMU & KASHMIR,ANANTNAG,2012,1,22,0,14,0,14,96
JAMMU & KASHMIR,AWANTIPORA,2012,1,2,0,4,0,4,29
JAMMU & KASHMIR,BANDIPORA,2012,7,5,1,6,0,6,46
JAMMU & KASHMIR,BARAMULLA,2012,6,27,0,12,0,12,83
JAMMU & KASHMIR,BUDGAM,2012,3,11,2,7,0,7,77
JAMMU & KASHMIR,CRIME JAMMU,2012,0,0,0,0,0,0,0
JAMMU & KASHMIR,CRIME SRINAGAR,2012,0,0,0,0,0,0,0
JAMMU & KASHMIR,DODA,2012,5,13,0,16,0,16,33
JAMMU & KASHMIR,GANDERBAL,2012,2,8,1,9,0,9,33
JAMMU & KASHMIR,HANDWARA,2012,6,20,0,6,0,6,35
JAMMU & KASHMIR,JAMMU,2012,13,80,1,39,0,39,100
JAMMU & KASHMIR,KARGIL,2012,1,2,0,1,0,1,0
JAMMU & KASHMIR,KATHUA,2012,6,26,0,20,0,20,40
JAMMU & KASHMIR,KISHTWAR,2012,3,11,1,6,0,6,23
JAMMU & KASHMIR,KULGAM,2012,10,6,1,15,0,15,70
JAMMU & KASHMIR,KUPWARA,2012,3,21,0,15,0,15,50
JAMMU & KASHMIR,LEH,2012,2,2,0,3,0,3,1
JAMMU & KASHMIR,POONCH,2012,5,32,2,9,0,9,41
JAMMU & KASHMIR,PULWAMA,2012,3,6,0,3,0,3,25
JAMMU & KASHMIR,RAILWAYS JAMMU,2012,0,2,0,0,0,0,0
JAMMU & KASHMIR,RAILWAYS KASHMIR,2012,0,0,0,0,0,0,1
JAMMU & KASHMIR,RAILWAYS KATRA,2012,0,0,0,0,0,0,0
JAMMU & KASHMIR,RAJOURI,2012,9,36,2,32,0,32,58
JAMMU & KASHMIR,RAMBAN,2012,2,10,0,7,0,7,22
JAMMU & KASHMIR,REASI,2012,5,21,1,12,0,12,18
JAMMU & KASHMIR,SAMBA,2012,5,20,0,8,0,8,9
JAMMU & KASHMIR,SHOPIAN,2012,2,22,0,3,0,3,47
JAMMU & KASHMIR,SOPORE,2012,6,42,1,7,0,7,34
JAMMU & KASHMIR,SRINAGAR,2012,13,45,2,19,0,19,100
JAMMU & KASHMIR,UDHAMPUR,2012,5,19,1,30,0,30,22
JAMMU & KASHMIR,TOTAL,2012,124,511,16,303,0,303,1093
JHARKHAND,BOKARO,2012,61,11,1,46,0,46,63
JHARKHAND,CHAIBASA,2012,144,49,0,34,0,34,15
JHARKHAND,CHATRA,2012,53,20,2,15,0,15,24
JHARKHAND,DEOGHAR,2012,58,101,8,38,0,38,48
JHARKHAND,DHANBAD,2012,69,18,14,41,0,41,121
JHARKHAND,DHANBAD RLY.,2012,5,0,0,2,0,2,3
JHARKHAND,DUMKA,2012,66,34,7,29,0,29,34
JHARKHAND,GARHWA,2012,85,44,6,43,0,43,24
JHARKHAND,GIRIDIH,2012,72,92,0,37,0,37,53
JHARKHAND,GODDA,2012,49,0,0,22,0,22,63
JHARKHAND,GUMLA,2012,192,45,4,36,0,36,55
JHARKHAND,HAZARIBAGH,2012,68,31,5,42,0,42,53
JHARKHAND,JAMSHEDPUR,2012,85,25,5,56,0,56,98
JHARKHAND,JAMSHEDPUR RLY.,2012,7,0,1,1,0,1,1
JHARKHAND,JAMTARA,2012,21,8,2,27,0,27,17
JHARKHAND,KHUNTI,2012,106,19,2,8,0,8,13
JHARKHAND,KODERMA,2012,17,55,2,8,0,8,30
JHARKHAND,LATEHAR,2012,46,20,2,15,0,15,28
JHARKHAND,LOHARDAGGA,2012,36,19,7,23,0,23,22
JHARKHAND,PAKUR,2012,38,10,5,53,0,53,23
JHARKHAND,PALAMU,2012,70,61,0,26,0,26,57
JHARKHAND,RAMGARH,2012,27,9,1,26,0,26,28
JHARKHAND,RANCHI,2012,145,77,13,52,0,52,76
JHARKHAND,SAHEBGANJ,2012,57,44,1,65,0,65,71
JHARKHAND,SARAIKELA,2012,51,22,2,35,0,35,16
JHARKHAND,SIMDEGA,2012,66,28,2,32,0,32,20
JHARKHAND,TOTAL,2012,1694,842,92,812,0,812,1056
KARNATAKA,BAGALKOT,2012,51,43,1,11,0,11,17
KARNATAKA,BANGALORE COMMR.,2012,266,454,6,90,0,90,532
KARNATAKA,BANGALORE RURAL,2012,93,57,0,31,0,31,53
KARNATAKA,BELGAUM,2012,142,120,3,37,0,37,54
KARNATAKA,BELLARY,2012,54,46,2,18,0,18,31
KARNATAKA,BIDAR,2012,38,39,0,11,0,11,30
KARNATAKA,BIJAPUR,2012,69,64,1,18,0,18,30
KARNATAKA,CBPURA,2012,51,44,7,12,0,12,25
KARNATAKA,CHAMARAJNAGAR,2012,18,34,0,9,0,9,10
KARNATAKA,CHICKMAGALUR,2012,33,28,9,11,0,11,12
KARNATAKA,CHITRADURGA,2012,43,38,7,26,0,26,34
KARNATAKA,DAKSHIN KANNADA,2012,23,25,0,12,0,12,10
KARNATAKA,DAVANAGERE,2012,42,35,8,17,0,17,23
KARNATAKA,DHARWAD COMMR.,2012,18,20,1,6,0,6,54
KARNATAKA,DHARWAD RURAL,2012,27,30,1,5,0,5,13
KARNATAKA,GADAG,2012,24,11,1,6,0,6,12
KARNATAKA,GULBARGA,2012,82,87,0,29,0,29,53
KARNATAKA,HASSAN,2012,77,80,5,21,0,21,26
KARNATAKA,HAVERI,2012,19,24,0,12,0,12,18
KARNATAKA,K.G.F.,2012,16,22,0,10,0,10,7
KARNATAKA,KODAGU,2012,29,36,3,12,0,12,5
KARNATAKA,KOLAR,2012,46,58,0,18,0,18,20
KARNATAKA,KOPPAL,2012,24,11,0,7,0,7,27
KARNATAKA,MANDYA,2012,86,95,1,35,0,35,46
KARNATAKA,MANGALORE CITY,2012,28,18,0,12,0,12,16
KARNATAKA,MYSORE COMMR.,2012,31,35,0,12,0,12,13
KARNATAKA,MYSORE RURAL,2012,78,37,1,28,0,28,67
KARNATAKA,RAICHUR,2012,42,31,1,19,0,19,34
KARNATAKA,RAILWAYS,2012,19,1,0,2,0,2,4
KARNATAKA,RAMANAGAR,2012,77,64,1,16,0,16,60
KARNATAKA,SHIMOGA,2012,50,78,2,14,0,14,32
KARNATAKA,TUMKUR,2012,91,80,5,33,0,33,38
KARNATAKA,UDUPI,2012,14,18,3,5,0,5,12
KARNATAKA,UTTAR KANNADA,2012,33,23,2,7,0,7,11
KARNATAKA,YADGIRI,2012,26,37,0,9,0,9,22
KARNATAKA,TOTAL,2012,1860,1923,71,621,0,621,1451
KERALA,ALAPUZHA,2012,20,18,6,44,0,44,18
KERALA,ERNAKULAM COMMR.,2012,9,10,0,28,0,28,6
KERALA,ERNAKULAM RURAL,2012,21,39,4,59,0,59,10
KERALA,IDUKKI,2012,22,29,3,53,0,53,10
KERALA,KANNUR,2012,32,27,10,66,0,66,23
KERALA,KASARGOD,2012,14,23,2,89,0,89,17
KERALA,KOLLAM COMMR.,2012,21,41,6,46,0,46,21
KERALA,KOLLAM RURAL,2012,30,28,6,49,0,49,14
KERALA,KOTTAYAM,2012,20,29,2,55,0,55,19
KERALA,KOZHIKODE COMMR.,2012,7,7,0,36,0,36,5
KERALA,KOZHIKODE RURAL,2012,9,24,5,42,0,42,16
KERALA,MALAPPURAM,2012,16,26,4,97,0,97,10
KERALA,PALAKKAD,2012,32,42,15,68,0,68,13
KERALA,PATHANAMTHITTA,2012,28,24,3,32,0,32,17
KERALA,RAILWAYS,2012,0,1,0,0,0,0,4
KERALA,THRISSUR COMMR.,2012,9,14,11,35,0,35,13
KERALA,THRISSUR RURAL,2012,18,49,9,46,0,46,12
KERALA,TRIVANDRUM COMMR.,2012,14,12,1,41,0,41,23
KERALA,TRIVANDRUM RURAL,2012,42,49,15,97,0,97,18
KERALA,WAYANADU,2012,10,5,5,36,0,36,12
KERALA,TOTAL,2012,374,497,107,1019,0,1019,281
MADHYA PRADESH,ALIRAJPUR,2012,60,33,0,22,0,22,13
MADHYA PRADESH,ANUPPUR,2012,35,15,1,62,0,62,8
MADHYA PRADESH,ASHOK NAGAR,2012,34,15,3,50,0,50,6
MADHYA PRADESH,BALAGHAT,2012,43,22,6,78,0,78,9
MADHYA PRADESH,BARWANI,2012,46,15,0,50,0,50,8
MADHYA PRADESH,BETUL,2012,75,26,1,118,0,118,12
MADHYA PRADESH,BHIND,2012,64,80,3,49,0,49,27
MADHYA PRADESH,BHOPAL,2012,78,96,0,143,0,143,63
MADHYA PRADESH,BHOPAL RLY.,2012,4,8,1,4,0,4,1
MADHYA PRADESH,BURHANPUR,2012,11,12,0,23,0,23,6
MADHYA PRADESH,CHHATARPUR,2012,50,60,3,62,0,62,39
MADHYA PRADESH,CHHINDWARA,2012,61,33,2,122,0,122,21
MADHYA PRADESH,DAMOH,2012,51,47,0,50,0,50,32
MADHYA PRADESH,DATIYA,2012,51,34,0,23,0,23,28
MADHYA PRADESH,DEWAS,2012,62,55,1,70,0,70,31
MADHYA PRADESH,DHAR,2012,61,53,4,81,0,81,49
MADHYA PRADESH,DINDORI,2012,32,8,5,40,0,40,6
MADHYA PRADESH,GUNA,2012,44,45,2,60,0,60,28
MADHYA PRADESH,GWALIOR,2012,96,172,24,85,0,85,83
MADHYA PRADESH,HARDA,2012,14,20,0,26,0,26,12
MADHYA PRADESH,HOSHANGABAD,2012,44,32,1,69,0,69,34
MADHYA PRADESH,INDORE,2012,123,172,3,173,0,173,54
MADHYA PRADESH,INDORE RLY.,2012,3,2,0,3,0,3,3
MADHYA PRADESH,JABALPUR,2012,98,129,7,127,0,127,51
MADHYA PRADESH,JABALPUR RLY.,2012,6,1,0,3,0,3,1
MADHYA PRADESH,JHABUA,2012,20,24,0,62,0,62,25
MADHYA PRADESH,KATNI,2012,36,22,2,58,0,58,18
MADHYA PRADESH,KHANDWA,2012,27,20,0,66,0,66,8
MADHYA PRADESH,KHARGON,2012,51,38,1,67,0,67,20
MADHYA PRADESH,MANDLA,2012,25,16,3,75,0,75,8
MADHYA PRADESH,MANDSAUR,2012,37,49,0,49,0,49,34
MADHYA PRADESH,MORENA,2012,53,110,4,32,0,32,35
MADHYA PRADESH,NARSINGHPUR,2012,46,47,0,71,0,71,16
MADHYA PRADESH,NEEMUCH,2012,18,17,0,25,0,25,12
MADHYA PRADESH,PANNA,2012,30,19,2,34,0,34,8
MADHYA PRADESH,RAISEN,2012,54,42,0,92,0,92,21
MADHYA PRADESH,RAJGARH,2012,36,40,2,90,0,90,52
MADHYA PRADESH,RATLAM,2012,37,55,1,72,0,72,28
MADHYA PRADESH,REWA,2012,54,44,7,92,0,92,44
MADHYA PRADESH,SAGAR,2012,83,89,3,125,0,125,63
MADHYA PRADESH,SATNA,2012,72,38,0,89,0,89,29
MADHYA PRADESH,SEONI,2012,38,12,7,65,0,65,10
MADHYA PRADESH,SHAHDOL,2012,44,13,0,81,0,81,27
MADHYA PRADESH,SHAJAPUR,2012,39,44,2,67,0,67,18
MADHYA PRADESH,SHEOPUR,2012,8,15,0,17,0,17,4
MADHYA PRADESH,SHIVPURI,2012,61,54,1,104,0,104,29
MADHYA PRADESH,SIDHI,2012,31,9,2,48,0,48,40
MADHYA PRADESH,SIHORE,2012,23,36,0,69,0,69,14
MADHYA PRADESH,SINGRAULI,2012,36,9,1,32,0,32,36
MADHYA PRADESH,TIKAMGARH,2012,43,27,6,61,0,61,13
MADHYA PRADESH,UJJAIN,2012,55,193,1,73,0,73,36
MADHYA PRADESH,UMARIYA,2012,12,3,0,22,0,22,4
MADHYA PRADESH,VIDISHA,2012,58,62,2,94,0,94,25
MADHYA PRADESH,TOTAL,2012,2373,2332,114,3425,0,3425,1302
MAHARASHTRA,AHMEDNAGAR,2012,111,91,5,61,0,61,59
MAHARASHTRA,AKOLA,2012,42,34,3,19,0,19,22
MAHARASHTRA,AMRAVATI COMMR.,2012,24,38,1,20,0,20,20
MAHARASHTRA,AMRAVATI RURAL,2012,63,56,4,64,0,64,17
MAHARASHTRA,AURANGABAD COMMR.,2012,46,55,5,23,0,23,25
MAHARASHTRA,AURANGABAD RURAL,2012,74,49,4,25,0,25,16
MAHARASHTRA,BEED,2012,84,71,9,42,0,42,50
MAHARASHTRA,BHANDARA,2012,20,11,3,26,0,26,11
MAHARASHTRA,BULDHANA,2012,49,38,5,29,0,29,31
MAHARASHTRA,CHANDRAPUR,2012,44,33,0,44,0,44,34
MAHARASHTRA,DHULE,2012,50,39,1,30,0,30,18
MAHARASHTRA,GADCHIROLI,2012,57,69,2,18,0,18,9
MAHARASHTRA,GONDIA,2012,41,28,2,38,0,38,10
MAHARASHTRA,HINGOLI,2012,25,16,1,13,0,13,10
MAHARASHTRA,JALGAON,2012,102,77,4,45,0,45,43
MAHARASHTRA,JALNA,2012,45,69,6,25,0,25,25
MAHARASHTRA,KOLHAPUR,2012,63,39,0,48,0,48,45
MAHARASHTRA,LATUR,2012,67,63,4,21,0,21,32
MAHARASHTRA,MUMBAI COMMR.,2012,215,170,9,232,0,232,212
MAHARASHTRA,MUMBAI RLY.,2012,8,3,2,1,0,1,7
MAHARASHTRA,NAGPUR COMMR.,2012,88,85,15,57,0,57,53
MAHARASHTRA,NAGPUR RLY.,2012,5,5,0,1,0,1,2
MAHARASHTRA,NAGPUR RURAL,2012,55,30,7,29,0,29,15
MAHARASHTRA,NANDED,2012,81,57,1,48,0,48,37
MAHARASHTRA,NANDURBAR,2012,35,17,0,19,0,19,10
MAHARASHTRA,NASIK COMMR.,2012,32,26,0,20,0,20,18
MAHARASHTRA,NASIK RURAL,2012,87,63,7,46,0,46,29
MAHARASHTRA,NAVI MUMBAI,2012,57,20,2,36,0,36,19
MAHARASHTRA,OSMANABAD,2012,54,31,4,38,0,38,31
MAHARASHTRA,PARBHANI,2012,34,63,0,28,0,28,31
MAHARASHTRA,PUNE COMMR.,2012,110,124,3,85,0,85,109
MAHARASHTRA,PUNE RLY.,2012,4,0,2,2,0,2,1
MAHARASHTRA,PUNE RURAL,2012,163,97,12,92,0,92,71
MAHARASHTRA,RAIGAD,2012,40,13,0,21,0,21,8
MAHARASHTRA,RATNAGIRI,2012,10,12,1,11,0,11,4
MAHARASHTRA,SANGLI,2012,47,41,5,33,0,33,35
MAHARASHTRA,SATARA,2012,65,48,5,43,0,43,36
MAHARASHTRA,SINDHUDURG,2012,8,7,1,9,0,9,8
MAHARASHTRA,SOLAPUR COMMR.,2012,18,27,0,25,0,25,24
MAHARASHTRA,SOLAPUR RURAL,2012,92,52,7,67,0,67,38
MAHARASHTRA,THANE COMMR.,2012,110,93,6,107,0,107,124
MAHARASHTRA,THANE RURAL,2012,146,74,8,63,0,63,64
MAHARASHTRA,WARDHA,2012,30,32,4,40,0,40,26
MAHARASHTRA,WASHIM,2012,40,31,4,31,0,31,29
MAHARASHTRA,YAVATMAL,2012,71,71,7,64,0,64,65
MAHARASHTRA,TOTAL,2012,2712,2168,171,1839,0,1839,1583
MANIPUR,BISHNUPUR,2012,10,36,0,11,0,11,12
MANIPUR,CHANDEL,2012,7,12,0,0,0,0,5
MANIPUR,CHURACHANDPUR,2012,8,6,0,1,0,1,6
MANIPUR,CID,2012,0,0,0,0,0,0,0
MANIPUR,IMPHAL EAST,2012,10,91,1,10,0,10,46
MANIPUR,IMPHAL WEST,2012,14,149,3,18,0,18,72
MANIPUR,SENAPATI,2012,2,19,0,2,0,2,22
MANIPUR,TAMENGLONG,2012,11,5,0,1,0,1,7
MANIPUR,THOUBAL,2012,16,73,0,20,0,20,44
MANIPUR,UKHRUL,2012,5,18,0,0,0,0,9
MANIPUR,TOTAL,2012,83,409,4,63,0,63,223
MEGHALAYA,GARO HILLS EAST,2012,9,11,0,2,0,2,9
MEGHALAYA,GARO HILLS SOUTH,2012,7,11,0,6,0,6,15
MEGHALAYA,GARO HILLS WEST,2012,19,6,0,6,0,6,19
MEGHALAYA,JAINTIA HILLS,2012,44,11,0,32,0,32,18
MEGHALAYA,KHASI HILLS EAST,2012,31,8,6,58,0,58,18
MEGHALAYA,KHASI HILLS WEST,2012,16,13,1,28,0,28,6
MEGHALAYA,RI-BHOI,2012,11,3,1,32,0,32,7
MEGHALAYA,TOTAL,2012,137,63,8,164,0,164,92
MIZORAM,AIZAWL,2012,12,13,0,42,0,42,2
MIZORAM,CHAMPHAI,2012,5,1,5,12,0,12,1
MIZORAM,KOLASIB,2012,4,1,0,9,0,9,1
MIZORAM,LAWNGTLAI,2012,3,0,1,7,0,7,1
MIZORAM,LUNGLEI,2012,0,6,0,16,0,16,1
MIZORAM,MAMIT,2012,3,0,0,10,0,10,1
MIZORAM,SAIHA,2012,0,0,1,0,0,0,1
MIZORAM,SERCHHIP,2012,3,0,0,7,0,7,0
MIZORAM,TOTAL,2012,30,21,7,103,0,103,8
NAGALAND,DIMAPUR,2012,26,8,0,9,0,9,16
NAGALAND,KIPHIRE,2012,4,2,1,0,0,0,0
NAGALAND,KOHIMA,2012,11,10,1,1,0,1,3
NAGALAND,LONGLENG,2012,1,1,0,0,0,0,0
NAGALAND,MOKOKCHUNG,2012,5,6,0,3,0,3,0
NAGALAND,MON,2012,6,3,0,3,0,3,4
NAGALAND,PEREN,2012,5,1,0,0,0,0,1
NAGALAND,PHEK,2012,2,2,3,1,0,1,0
NAGALAND,TUENSANG,2012,4,2,1,1,0,1,0
NAGALAND,WOKHA,2012,1,4,0,2,0,2,0
NAGALAND,ZUNHEBOTO,2012,10,3,0,1,0,1,3
NAGALAND,TOTAL,2012,75,42,6,21,0,21,27
ODISHA,ANGUL,2012,65,63,0,63,0,63,59
ODISHA,BALASORE,2012,75,51,4,87,0,87,140
ODISHA,BARAGARH,2012,33,90,0,35,0,35,36
ODISHA,BERHAMPUR,2012,30,119,4,18,0,18,24
ODISHA,BHADRAK,2012,39,55,0,54,0,54,72
ODISHA,BOLANGIR,2012,44,71,0,51,0,51,42
ODISHA,BOUDH,2012,18,17,0,10,0,10,10
ODISHA,CUTTACK,2012,48,22,0,43,0,43,63
ODISHA,DCP BBSR,2012,46,72,0,56,0,56,91
ODISHA,DCP CTC,2012,36,22,0,28,0,28,44
ODISHA,DEOGARH,2012,23,16,0,17,0,17,7
ODISHA,DHENKANAL,2012,47,109,0,29,0,29,41
ODISHA,GAJAPATI,2012,12,19,1,18,0,18,14
ODISHA,GANJAM,2012,86,259,0,53,0,53,67
ODISHA,JAGATSINGHPUR,2012,37,27,0,43,0,43,57
ODISHA,JAJPUR,2012,78,27,0,49,0,49,63
ODISHA,JHARSUGUDA,2012,16,18,0,21,0,21,13
ODISHA,KALAHANDI,2012,37,44,2,65,0,65,47
ODISHA,KANDHAMAL,2012,29,0,0,32,0,32,30
ODISHA,KENDRAPARA,2012,49,21,1,38,0,38,69
ODISHA,KEONJHAR,2012,97,83,23,102,0,102,74
ODISHA,KHURDA,2012,37,54,16,27,0,27,53
ODISHA,KORAPUT,2012,55,50,0,73,0,73,36
ODISHA,MALKANGIR,2012,40,44,0,17,0,17,22
ODISHA,MAYURBHANJ,2012,80,60,0,86,0,86,67
ODISHA,NAYAGARH,2012,38,99,0,25,0,25,43
ODISHA,NOWRANGPUR,2012,39,20,2,42,0,42,45
ODISHA,NUAPADA,2012,19,31,0,18,0,18,19
ODISHA,PURI,2012,61,67,0,42,0,42,55
ODISHA,RAYAGADA,2012,24,51,0,41,0,41,43
ODISHA,ROURKELA,2012,80,48,0,65,0,65,23
ODISHA,SAMBALPUR,2012,54,54,0,57,0,57,34
ODISHA,SONEPUR,2012,17,25,0,12,0,12,9
ODISHA,SRP(CUTTACK),2012,5,6,0,0,0,0,2
ODISHA,SRP(ROURKELA),2012,6,6,0,1,0,1,3
ODISHA,SUNDARGARH,2012,48,59,1,40,0,40,25
ODISHA,TOTAL,2012,1548,1879,54,1458,0,1458,1542
PUNJAB,AMRITSAR RURAL,2012,46,61,1,18,0,18,45
PUNJAB,BARNALA,2012,18,21,2,25,0,25,9
PUNJAB,BATALA,2012,19,43,8,25,0,25,23
PUNJAB,BHATINDA,2012,53,59,4,44,0,44,46
PUNJAB,CP AMRITSAR,2012,42,80,2,27,0,27,52
PUNJAB,CP JALANDHAR,2012,14,46,5,33,0,33,39
PUNJAB,CP LUDHIANA,2012,79,78,11,69,0,69,123
PUNJAB,FARIDKOT,2012,22,26,0,17,0,17,24
PUNJAB,FATEHGARH SAHIB,2012,17,11,2,15,0,15,10
PUNJAB,FAZILKA,2012,37,30,3,32,0,32,40
PUNJAB,FEROZPUR,2012,37,43,2,15,0,15,20
PUNJAB,G.R.P,2012,5,5,1,0,0,0,0
PUNJAB,GURDASPUR,2012,19,27,5,14,0,14,37
PUNJAB,HOSHIARPUR,2012,45,31,4,33,0,33,41
PUNJAB,JALANDHAR RURAL,2012,49,49,4,29,0,29,38
PUNJAB,KAPURTHALA,2012,24,45,4,16,0,16,43
PUNJAB,KHANNA,2012,20,23,2,14,0,14,15
PUNJAB,LUDHIANA RURAL,2012,25,31,5,11,0,11,32
PUNJAB,MANSA,2012,15,25,6,22,0,22,17
PUNJAB,MOGA,2012,37,44,2,23,0,23,20
PUNJAB,MUKTSAR,2012,25,30,3,18,0,18,35
PUNJAB,PATHANKOT,2012,11,6,0,13,0,13,13
PUNJAB,PATIALA,2012,53,53,13,44,0,44,45
PUNJAB,ROPAR,2012,20,8,1,22,0,22,21
PUNJAB,SANGRUR,2012,41,45,6,34,0,34,39
PUNJAB,SAS NGR,2012,22,51,2,23,0,23,52
PUNJAB,SBS NAGAR,2012,19,15,1,21,0,21,17
PUNJAB,TARN TARAN,2012,41,59,5,23,1,22,23
PUNJAB,TOTAL,2012,855,1045,104,680,1,679,919
RAJASTHAN,AJMER,2012,38,36,7,70,0,70,107
RAJASTHAN,ALWAR,2012,100,88,7,129,0,129,243
RAJASTHAN,BANSWARA,2012,34,16,3,56,0,56,96
RAJASTHAN,BARAN,2012,45,43,0,69,0,69,84
RAJASTHAN,BARMER,2012,29,30,3,21,0,21,35
RAJASTHAN,BHARATPUR,2012,91,77,2,108,0,108,212
RAJASTHAN,BHILWARA,2012,29,42,1,59,0,59,78
RAJASTHAN,BIKANER,2012,45,73,9,67,0,67,41
RAJASTHAN,BUNDI,2012,18,32,5,43,0,43,81
RAJASTHAN,CHITTORGARH,2012,38,25,2,59,0,59,96
RAJASTHAN,CHURU,2012,42,38,2,59,0,59,37
RAJASTHAN,DAUSA,2012,30,17,6,14,0,14,101
RAJASTHAN,DHOLPUR,2012,50,68,6,32,0,32,79
RAJASTHAN,DUNGARPUR,2012,26,12,1,32,0,32,67
RAJASTHAN,G.R.P.AJMER,2012,4,2,0,4,0,4,8
RAJASTHAN,G.R.P.JODHPUR,2012,2,0,0,1,0,1,1
RAJASTHAN,GANGANAGAR,2012,51,66,0,77,0,77,79
RAJASTHAN,HANUMANGARH,2012,49,58,0,92,0,92,63
RAJASTHAN,JAIPUR EAST,2012,21,24,3,41,0,41,61
RAJASTHAN,JAIPUR NORTH,2012,12,20,0,37,0,37,64
RAJASTHAN,JAIPUR RURAL,2012,38,37,2,39,0,39,96
RAJASTHAN,JAIPUR SOUTH,2012,17,17,1,17,0,17,26
RAJASTHAN,JAIPUR WEST,2012,26,20,2,38,0,38,69
RAJASTHAN,JAISALMER,2012,9,8,0,12,0,12,9
RAJASTHAN,JALORE,2012,23,18,0,13,0,13,47
RAJASTHAN,JHALAWAR,2012,47,44,4,81,0,81,91
RAJASTHAN,JHUNJHUNU,2012,36,15,3,45,0,45,63
RAJASTHAN,JODHPUR EAST,2012,12,27,3,20,0,20,15
RAJASTHAN,JODHPUR RURAL,2012,34,38,3,27,0,27,33
RAJASTHAN,JODHPUR WEST,2012,15,42,3,20,0,20,29
RAJASTHAN,KARAULI,2012,41,40,0,44,0,44,104
RAJASTHAN,KOTA CITY,2012,28,68,1,45,0,45,82
RAJASTHAN,KOTA RURAL,2012,20,56,1,42,0,42,49
RAJASTHAN,NAGAUR,2012,49,58,2,53,0,53,129
RAJASTHAN,PALI,2012,56,56,8,61,0,61,107
RAJASTHAN,PRATAPGARH,2012,29,27,3,137,0,137,80
RAJASTHAN,RAJSAMAND,2012,26,19,1,14,0,14,62
RAJASTHAN,SAWAI MADHOPUR,2012,24,27,2,19,0,19,95
RAJASTHAN,SIKAR,2012,51,34,0,55,0,55,96
RAJASTHAN,SIROHI,2012,29,16,1,29,0,29,69
RAJASTHAN,TONK,2012,21,24,0,19,0,19,69
RAJASTHAN,UDAIPUR,2012,76,80,1,149,0,149,190
RAJASTHAN,TOTAL,2012,1461,1538,98,2049,0,2049,3243
SIKKIM,EAST,2012,3,4,0,13,0,13,6
SIKKIM,NORTH,2012,1,1,0,0,0,0,0
SIKKIM,SOUTH,2012,1,2,0,12,0,12,3
SIKKIM,WEST,2012,2,0,0,9,0,9,1
SIKKIM,TOTAL,2012,7,7,0,34,0,34,10
TAMIL NADU,ARIYALUR,2012,19,32,3,11,0,11,47
TAMIL NADU,CHENNAI,2012,180,219,4,94,0,94,87
TAMIL NADU,CHENNAI RLY.,2012,1,5,0,0,0,0,2
TAMIL NADU,COIMBATORE RURAL,2012,51,28,0,9,0,9,41
TAMIL NADU,COIMBATORE URBAN,2012,29,37,0,20,0,20,20
TAMIL NADU,CUDDALORE,2012,70,120,3,40,0,40,152
TAMIL NADU,DHARMAPURI,2012,50,32,10,25,0,25,98
TAMIL NADU,DINDIGUL,2012,74,89,0,16,0,16,97
TAMIL NADU,ERODE,2012,40,31,0,8,0,8,30
TAMIL NADU,KANCHIPURAM,2012,76,113,0,19,0,19,17
TAMIL NADU,KANYAKUMARI,2012,53,110,2,12,0,12,33
TAMIL NADU,KARUR,2012,26,18,0,4,0,4,49
TAMIL NADU,KRISHNAGIRI,2012,63,41,0,14,0,14,45
TAMIL NADU,MADURAI RURAL,2012,76,142,2,30,0,30,83
TAMIL NADU,MADURAI URBAN,2012,31,74,0,11,0,11,65
TAMIL NADU,NAGAPATTINAM,2012,56,44,0,10,0,10,42
TAMIL NADU,NAMAKKAL,2012,30,33,0,12,0,12,48
TAMIL NADU,NILGIRIS,2012,14,17,0,9,0,9,8
TAMIL NADU,PERAMBALUR,2012,11,15,0,3,0,3,31
TAMIL NADU,PUDUKOTTAI,2012,31,36,1,6,0,6,33
TAMIL NADU,RAMNATHAPURAM,2012,54,81,1,9,0,9,40
TAMIL NADU,SALEM RURAL,2012,60,40,0,36,0,36,79
TAMIL NADU,SALEM URBAN,2012,16,22,0,15,0,15,23
TAMIL NADU,SIVAGANGAI,2012,47,58,0,11,0,11,43
TAMIL NADU,THANJAVUR,2012,62,97,0,14,0,14,57
TAMIL NADU,THENI,2012,39,69,1,22,0,22,45
TAMIL NADU,THIRUNELVELI RURAL,2012,88,288,0,44,0,44,52
TAMIL NADU,THIRUNELVELI URBAN,2012,19,163,0,3,0,3,7
TAMIL NADU,THIRUVALLUR,2012,40,49,2,18,0,18,14
TAMIL NADU,THIRUVANNAMALAI,2012,52,56,0,21,0,21,62
TAMIL NADU,THIRUVARUR,2012,33,45,0,11,0,11,34
TAMIL NADU,THOOTHUGUDI,2012,85,208,0,26,0,26,41
TAMIL NADU,TIRUPPUR,2012,63,83,0,8,0,8,51
TAMIL NADU,TRICHY RLY.,2012,2,3,0,0,0,0,1
TAMIL NADU,TRICHY RURAL,2012,44,44,0,14,0,14,29
TAMIL NADU,TRICHY URBAN,2012,26,22,0,7,0,7,22
TAMIL NADU,VELLORE,2012,76,82,11,24,0,24,76
TAMIL NADU,VILLUPURAM,2012,100,211,4,78,0,78,202
TAMIL NADU,VIRUDHUNAGAR,2012,62,97,0,23,0,23,39
TAMIL NADU,TOTAL,2012,1949,2954,44,737,0,737,1945
TRIPURA,DHALAI,2012,20,8,1,35,0,35,11
TRIPURA,GOMATI,2012,18,8,0,26,0,26,16
TRIPURA,GRP,2012,1,0,0,0,0,0,0
TRIPURA,KHOWAI,2012,12,4,0,10,0,10,5
TRIPURA,NORTH,2012,11,10,0,29,0,29,16
TRIPURA,SIPAHIJALA,2012,12,9,0,23,0,23,29
TRIPURA,SOUTH,2012,15,20,0,30,0,30,17
TRIPURA,UNAKOTI,2012,9,8,1,26,0,26,10
TRIPURA,WEST,2012,26,12,0,50,0,50,35
TRIPURA,TOTAL,2012,124,79,2,229,0,229,139
UTTAR PRADESH,AGRA,2012,152,171,40,58,0,58,321
UTTAR PRADESH,ALIGARH,2012,177,150,30,64,0,64,298
UTTAR PRADESH,ALLAHABAD,2012,115,114,35,52,0,52,223
UTTAR PRADESH,AMBEDKAR NAGAR,2012,35,32,9,12,0,12,69
UTTAR PRADESH,AURAIYA,2012,24,29,9,13,0,13,102
UTTAR PRADESH,AZAMGARH,2012,73,88,34,19,0,19,121
UTTAR PRADESH,BADAUN,2012,108,136,31,24,0,24,107
UTTAR PRADESH,BAGHPAT,2012,80,93,16,18,0,18,80
UTTAR PRADESH,BAHRAICH,2012,41,42,23,27,0,27,116
UTTAR PRADESH,BALLIA,2012,45,27,15,12,0,12,84
UTTAR PRADESH,BALRAMPUR,2012,23,10,2,12,0,12,53
UTTAR PRADESH,BANDA,2012,40,24,20,22,0,22,48
UTTAR PRADESH,BARABANKI,2012,73,51,29,31,0,31,130
UTTAR PRADESH,BAREILLY,2012,114,151,36,86,0,86,265
UTTAR PRADESH,BASTI,2012,33,19,14,7,0,7,61
UTTAR PRADESH,BHIM NAGAR,2012,77,96,23,23,0,23,93
UTTAR PRADESH,BIJNOR,2012,89,67,16,43,0,43,160
UTTAR PRADESH,BULANDSHAHAR,2012,140,144,44,46,0,46,188
UTTAR PRADESH,CHANDOLI,2012,25,14,10,11,0,11,34
UTTAR PRADESH,CHITRAKOOT DHAM,2012,34,10,9,31,0,31,43
UTTAR PRADESH,CSM NAGAR,2012,35,55,15,26,0,26,105
UTTAR PRADESH,DEORIA,2012,35,25,18,18,0,18,67
UTTAR PRADESH,ETAH,2012,73,115,21,22,0,22,110
UTTAR PRADESH,ETAWAH,2012,59,55,9,9,0,9,71
UTTAR PRADESH,FAIZABAD,2012,45,41,11,29,0,29,143
UTTAR PRADESH,FATEHGARH,2012,68,66,10,14,0,14,106
UTTAR PRADESH,FATEHPUR,2012,79,33,20,35,0,35,118
UTTAR PRADESH,FIROZABAD,2012,100,108,30,32,0,32,193
UTTAR PRADESH,G.R.P.,2012,22,11,7,3,0,3,14
UTTAR PRADESH,GAUTAMBUDH NAGAR,2012,89,103,16,19,0,19,158
UTTAR PRADESH,GHAZIABAD,2012,146,111,39,31,0,31,255
UTTAR PRADESH,GHAZIPUR,2012,47,56,23,9,0,9,61
UTTAR PRADESH,GONDA,2012,39,38,22,23,0,23,125
UTTAR PRADESH,GORAKHPUR,2012,98,136,45,52,0,52,232
UTTAR PRADESH,HAMIRPUR,2012,36,27,21,25,0,25,46
UTTAR PRADESH,HARDOI,2012,77,57,30,30,0,30,135
UTTAR PRADESH,HATHRAS,2012,53,52,13,17,0,17,84
UTTAR PRADESH,J.P.NAGAR,2012,60,36,15,34,0,34,69
UTTAR PRADESH,JALAUN,2012,46,32,10,15,0,15,68
UTTAR PRADESH,JAUNPUR,2012,50,64,27,15,0,15,115
UTTAR PRADESH,JHANSI,2012,65,50,14,19,0,19,74
UTTAR PRADESH,KANNAUJ,2012,48,36,13,12,0,12,86
UTTAR PRADESH,KANPUR NAGAR,2012,151,126,28,55,0,55,318
UTTAR PRADESH,KANSHIRAM NAGAR,2012,50,54,6,18,0,18,65
UTTAR PRADESH,KAUSHAMBI,2012,44,12,14,11,0,11,54
UTTAR PRADESH,KHIRI,2012,89,98,21,34,0,34,182
UTTAR PRADESH,KUSHI NAGAR,2012,36,28,22,30,0,30,98
UTTAR PRADESH,LALITPUR,2012,23,10,11,14,0,14,25
UTTAR PRADESH,LUCKNOW,2012,141,99,27,48,0,48,315
UTTAR PRADESH,MAHARAJGANJ,2012,30,21,16,34,0,34,95
UTTAR PRADESH,MAHOBA,2012,29,16,7,16,0,16,48
UTTAR PRADESH,MAINPURI,2012,81,84,18,15,0,15,139
UTTAR PRADESH,MATHURA,2012,101,121,19,41,0,41,155
UTTAR PRADESH,MAU,2012,23,61,15,9,0,9,82
UTTAR PRADESH,MEERUT,2012,202,246,28,54,0,54,287
UTTAR PRADESH,MIRZAPUR,2012,27,3,8,4,0,4,7
UTTAR PRADESH,MORADABAD,2012,90,84,14,36,0,36,162
UTTAR PRADESH,MUZAFFARNAGAR,2012,126,134,21,27,0,27,217
UTTAR PRADESH,PANCHSHIL NAGAR,2012,56,68,14,15,0,15,65
UTTAR PRADESH,PILIBHIT,2012,47,21,6,10,0,10,65
UTTAR PRADESH,PRABUDDH NAGAR,2012,55,58,12,7,0,7,64
UTTAR PRADESH,PRATAPGARH,2012,57,81,21,36,0,36,116
UTTAR PRADESH,RAIBAREILLY,2012,37,39,9,36,0,36,96
UTTAR PRADESH,RAMABAI NAGAR,2012,44,14,8,18,0,18,83
UTTAR PRADESH,RAMPUR,2012,51,66,13,26,0,26,100
UTTAR PRADESH,SAHARANPUR,2012,70,78,37,18,0,18,101
UTTAR PRADESH,SANT KABIRNAGAR,2012,16,17,8,18,0,18,50
UTTAR PRADESH,SHAHJAHANPUR,2012,77,80,21,27,0,27,130
UTTAR PRADESH,SHRAWASTI,2012,24,10,7,22,0,22,42
UTTAR PRADESH,SIDHARTHNAGAR,2012,27,5,4,22,0,22,48
UTTAR PRADESH,SITAPUR,2012,96,81,23,49,0,49,241
UTTAR PRADESH,SONBHADRA,2012,25,13,19,21,0,21,31
UTTAR PRADESH,ST.RAVIDASNAGAR,2012,10,20,7,4,0,4,18
UTTAR PRADESH,SULTANPUR,2012,44,80,13,26,0,26,67
UTTAR PRADESH,UNNAO,2012,60,46,26,41,0,41,182
UTTAR PRADESH,VARANASI,2012,59,62,13,21,0,21,99
UTTAR PRADESH,TOTAL,2012,4966,4811,1410,1963,0,1963,8878
UTTARAKHAND,ALMORA,2012,4,6,1,5,0,5,0
UTTARAKHAND,BAGESHWAR,2012,3,2,0,8,0,8,1
UTTARAKHAND,CHAMOLI,2012,1,3,1,2,0,2,2
UTTARAKHAND,CHAMPAWAT,2012,2,1,0,3,0,3,0
UTTARAKHAND,DEHRADUN,2012,37,29,7,30,0,30,43
UTTARAKHAND,HARIDWAR,2012,74,54,9,47,0,47,106
UTTARAKHAND,NAINITAL,2012,17,12,10,16,0,16,29
UTTARAKHAND,PAURI GARHWAL,2012,9,2,3,2,0,2,10
UTTARAKHAND,PITHORAGARH,2012,9,0,2,1,0,1,1
UTTARAKHAND,RUDRA PRAYAG,2012,3,0,3,2,0,2,3
UTTARAKHAND,TEHRI GARHWAL,2012,5,2,0,1,0,1,3
UTTARAKHAND,UDHAMSINGH NAGAR,2012,52,50,8,30,0,30,95
UTTARAKHAND,UTTARKASHI,2012,1,0,0,1,0,1,4
UTTARAKHAND,TOTAL,2012,217,161,44,148,0,148,297
WEST BENGAL,24 PARGANAS NORTH,2012,140,108,80,118,0,118,497
WEST BENGAL,24 PARGANAS SOUTH,2012,224,8,28,244,0,244,419
WEST BENGAL,ASANSOL,2012,60,25,9,36,0,36,77
WEST BENGAL,BANKURA,2012,61,37,6,35,0,35,84
WEST BENGAL,BDN CP,2012,15,35,4,13,0,13,53
WEST BENGAL,BIRBHUM,2012,113,186,63,49,0,49,76
WEST BENGAL,BKP CP,2012,89,49,18,36,0,36,214
WEST BENGAL,BURDWAN,2012,91,167,23,58,0,58,99
WEST BENGAL,COOCHBEHAR,2012,48,94,25,92,0,92,179
WEST BENGAL,DAKSHIN DINAJPUR,2012,53,238,8,66,0,66,142
WEST BENGAL,DARJEELING,2012,27,17,15,10,0,10,47
WEST BENGAL,HOOGHLY,2012,132,37,16,68,0,68,177
WEST BENGAL,HOWRAH,2012,67,32,13,56,0,56,132
WEST BENGAL,HOWRAH CITY,2012,39,3,9,28,0,28,191
WEST BENGAL,HOWRAH G.R.P.,2012,16,9,6,2,0,2,4
WEST BENGAL,JALPAIGURI,2012,117,156,27,163,0,163,334
WEST BENGAL,JHARGRAM,2012,30,23,5,21,0,21,21
WEST BENGAL,KHARAGPUR G.R.P.,2012,6,0,0,2,0,2,4
WEST BENGAL,KOLKATA,2012,85,154,29,68,0,68,271
WEST BENGAL,MALDA,2012,118,322,21,158,0,158,290
WEST BENGAL,MURSHIDABAD,2012,174,395,30,257,0,257,579
WEST BENGAL,NADIA,2012,146,357,21,174,0,174,433
WEST BENGAL,PASCHIM MIDNAPUR,2012,88,86,27,64,0,64,115
WEST BENGAL,PURAB MIDNAPUR,2012,82,5,15,65,0,65,196
WEST BENGAL,PURULIA,2012,66,12,6,50,0,50,44
WEST BENGAL,SEALDAH G.R.P.,2012,19,9,2,0,0,0,7
WEST BENGAL,SILIGURI G.R.P.,2012,4,1,0,0,0,0,3
WEST BENGAL,SILIGURI_PC,2012,32,6,6,21,0,21,123
WEST BENGAL,UTTAR DINAJPUR,2012,110,283,10,92,0,92,306
WEST BENGAL,TOTAL,2012,2252,2854,522,2046,0,2046,5117
A & N ISLANDS,CAR,2012,2,0,0,0,0,0,1
A & N ISLANDS,NORTH,2012,5,0,0,4,0,4,0
A & N ISLANDS,SOUTH,2012,8,3,0,8,0,8,7
A & N ISLANDS,TOTAL,2012,15,3,0,12,0,12,8
CHANDIGARH,CHANDIGARH,2012,21,44,5,27,0,27,87
CHANDIGARH,TOTAL,2012,21,44,5,27,0,27,87
D & N HAVELI,D and N HAVELI,2012,7,2,0,3,0,3,13
D & N HAVELI,TOTAL,2012,7,2,0,3,0,3,13
DAMAN & DIU,DAMAN,2012,3,4,0,5,0,5,2
DAMAN & DIU,DIU,2012,0,1,0,0,0,0,1
DAMAN & DIU,TOTAL,2012,3,5,0,5,0,5,3
DELHI UT,CAW,2012,0,0,0,0,0,0,0
DELHI UT,CENTRAL,2012,35,25,10,31,0,31,180
DELHI UT,CRIME BRANCH,2012,1,2,0,1,0,1,3
DELHI UT,DELHI UT TOTAL,2012,521,439,82,706,0,706,3970
DELHI UT,EAST,2012,48,53,9,90,0,90,503
DELHI UT,EOW,2012,0,0,0,0,0,0,0
DELHI UT,GRP(RLY),2012,13,0,1,4,0,4,27
DELHI UT,IGI AIRPORT,2012,1,0,0,0,0,0,1
DELHI UT,NEW DELHI,2012,9,6,1,5,0,5,28
DELHI UT,NORTH,2012,25,17,2,14,0,14,153
DELHI UT,NORTH-EAST,2012,49,65,11,78,0,78,510
DELHI UT,NORTH-WEST,2012,60,37,8,64,0,64,357
DELHI UT,OUTER,2012,96,60,15,67,0,67,572
DELHI UT,SOUTH,2012,39,19,3,70,0,70,245
DELHI UT,SOUTH-EAST,2012,46,69,6,116,0,116,538
DELHI UT,SOUTH-WEST,2012,47,48,6,87,0,87,399
DELHI UT,STF,2012,0,1,0,0,0,0,0
DELHI UT,WEST,2012,52,37,10,79,0,79,454
LAKSHADWEEP,LAKSHADWEEP,2012,0,0,0,0,0,0,0
LAKSHADWEEP,TOTAL,2012,0,0,0,0,0,0,0
PUDUCHERRY,KARAIKAL,2012,5,6,2,6,0,6,2
PUDUCHERRY,PUDUCHERRY,2012,24,21,10,7,0,7,17
PUDUCHERRY,TOTAL,2012,29,27,12,13,0,13,19
